rank,token,count,relative_frequency
1,de,36042,0.0434755337037314
2,la,35069,0.04230185593075181
3,que,29862,0.03602093078799254
4,y,26220,0.03162778130269789
5,a,21961,0.02649037777225585
6,el,20070,0.024209365779753876
7,en,17557,0.021178068509972038
8,se,14522,0.01751711060555983
9,un,13166,0.015881440451232662
10,los,10793,0.01301901768116012
11,no,8582,0.01035200683217976
12,una,8570,0.01033753187506182
13,su,8303,0.010015464079187665
14,con,7422,0.008952760977445604
15,por,7222,0.008711511692146613
16,las,6922,0.008349637764198123
17,lo,6449,0.007779083204466007
18,para,5999,0.0072362723125432744
19,del,5838,0.007042066637877585
20,había,5114,0.0061687442250952336
21,al,4787,0.005774301643631381
22,le,4688,0.00565488324740838
23,pero,4658,0.005618695854613531
24,era,4148,0.0050035101771011
25,como,3950,0.004764673384655098
26,cuando,3881,0.004681442381226946
27,más,3717,0.004483617967281772
28,estaba,3205,0.0038660197969163515
29,es,2823,0.0034052336619952764
30,si,2793,0.0033690462692004277
31,me,2790,0.0033654275299209425
32,hasta,2703,0.003260484090815881
33,sus,2656,0.003203790508770618
34,fue,2645,0.003190521798079173
35,todo,2639,0.0031832843195202035
36,después,2449,0.002954097498486161
37,mi,2286,0.002757479330967482
38,porque,2172,0.0026199672383470565
39,vez,2052,0.002475217667167661
40,tenía,2021,0.002437824027946317
41,casa,2007,0.002420936577975388
42,ese,1999,0.002411286606563428
43,ella,1941,0.0023413243138267203
44,esa,1878,0.0022653307889575376
45,día,1853,0.0022351746282951637
46,o,1842,0.0022219059176037193
47,sin,1803,0.0021748623069704157
48,él,1721,0.0020759500999978286
49,nos,1677,0.0020228752572320503
50,ya,1673,0.0020180502715260707
51,qué,1627,0.0019625629359073023
52,eso,1626,0.0019613566894808076
53,todos,1618,0.0019517067180688478
54,dos,1556,0.00187691943962616
55,sobre,1540,0.0018576194968022406
56,tan,1472,0.0017755947398005833
57,desde,1471,0.0017743884933740883
58,dijo,1452,0.0017514698112706842
59,nunca,1439,0.0017357886077262496
60,bolsillos,1404,0.001693569982798926
61,también,1335,0.0016103389793707737
62,noche,1321,0.0015934515293998441
63,años,1285,0.0015500266580460256
64,eran,1242,0.0014981580617067422
65,nada,1233,0.0014873018438682876
66,poco,1229,0.0014824768581623076
67,nadie,1228,0.0014812706117358126
68,cada,1218,0.001469208147470863
69,ahí,1198,0.0014450832189409639
70,algo,1197,0.0014438769725144689
71,solo,1193,0.001439051986808489
72,yo,1178,0.0014209582904110647
73,familia,1112,0.0013413460262623972
74,les,1094,0.0013196335905854878
75,así,1059,0.0012774149656581643
76,mientras,1058,0.0012762087192316693
77,ni,1035,0.001248465051422285
78,muy,1010,0.0012183088907599111
79,ojos,993,0.0011978027015094967
80,emilia,985,0.0011881527300975372
81,antes,975,0.0011760902658325876
82,bien,971,0.0011712652801266076
83,entonces,954,0.0011507590908761932
84,donde,952,0.0011483465980232034
85,volvió,949,0.0011447278587437184
86,podía,949,0.0011447278587437184
87,esta,942,0.0011362841337582538
88,hermano,931,0.0011230154230668092
89,durante,929,0.0011206029302138192
90,aunque,927,0.0011181904373608292
91,siempre,910,0.001097684248110415
92,matías,905,0.0010916530159779403
93,mismo,904,0.0010904467695514453
94,vida,902,0.0010880342766984553
95,ver,899,0.0010844155374189705
96,entre,890,0.0010735593195805157
97,gente,879,0.001060290608889071
98,hombre,875,0.0010554656231830913
99,hacer,867,0.0010458156517711317
100,alejandro,867,0.0010458156517711317
101,jordán,843,0.0010168657375352525
102,otro,833,0.001004803273270303
103,luz,817,0.0009855033304463836
104,menos,815,0.0009830908375933936
105,está,796,0.0009601721554899894
106,leopoldo,792,0.0009553471697840095
107,mañana,790,0.0009529346769310196
108,estaban,779,0.000939665966239575
109,ahora,777,0.0009372534733865851
110,empezó,774,0.0009336347341071002
111,primera,774,0.0009336347341071002
112,cabeza,772,0.0009312222412541103
113,uno,754,0.0009095098055772009
114,habían,750,0.0009046848198712212
115,cama,741,0.0008938286020327665
116,veces,730,0.0008805598913413219
117,todas,730,0.0008805598913413219
118,cuerpo,728,0.000878147398488332
119,mujer,714,0.0008612599485174025
120,ser,709,0.0008552287163849277
121,tiempo,708,0.0008540224699584327
122,tomás,705,0.0008504037306789479
123,mucho,700,0.000844372498546473
124,mano,699,0.0008431662521199781
125,puerta,691,0.0008335162807080184
126,cosas,683,0.0008238663092960587
127,llegó,678,0.0008178350771635839
128,esposa,675,0.000814216337884099
129,marido,674,0.000813010091457604
130,otra,670,0.0008081851057516243
131,vio,662,0.0007985351343396646
132,madwell,655,0.0007900914093541998
133,vieja,653,0.0007876789165012099
134,tarde,651,0.00078526642364822
135,tuvo,643,0.0007756164522362603
136,wakefield,643,0.0007756164522362603
137,nena,642,0.0007744102058097653
138,tener,641,0.0007732039593832703
139,mundo,636,0.0007671727272507955
140,ellos,632,0.0007623477415448157
141,estar,632,0.0007623477415448157
142,mis,630,0.0007599352486918257
143,tenían,628,0.0007575227558388358
144,días,628,0.0007575227558388358
145,casi,624,0.000752697770132856
146,haciendo,623,0.000751491523706361
147,hubo,612,0.0007382228130149164
148,unas,612,0.0007382228130149164
149,pasar,612,0.0007382228130149164
150,tía,608,0.0007333978273089366
151,nuestra,605,0.0007297790880294517
152,adrianita,601,0.0007249541023234718
153,pasó,596,0.000718922870190997
154,padres,596,0.000718922870190997
155,mirada,591,0.0007128916380585223
156,patio,590,0.0007116853916320273
157,momento,588,0.0007092728987790374
158,iba,586,0.0007068604059260475
159,cuenta,576,0.0006947979416610979
160,sentía,574,0.0006923854488081079
161,venía,574,0.0006923854488081079
162,sino,568,0.0006851479702491382
163,hay,566,0.0006827354773961482
164,alguien,564,0.0006803229845431583
165,sangre,563,0.0006791167381166633
166,ropa,562,0.0006779104916901684
167,solamente,561,0.0006767042452636734
168,tanto,560,0.0006754979988371785
169,benjamín,559,0.0006742917524106835
170,padre,557,0.0006718792595576936
171,quedó,556,0.0006706730131311986
172,silvia,549,0.0006622292881457339
173,perro,546,0.000658610548866249
174,lado,538,0.0006489605774542893
175,alicia,538,0.0006489605774542893
176,tiene,531,0.0006405168524688245
177,madre,526,0.0006344856203363497
178,pudo,525,0.0006332793739098548
179,cómo,525,0.0006332793739098548
180,calle,525,0.0006332793739098548
181,berta,522,0.0006296606346303699
182,mirando,521,0.0006284543882038749
183,mujeres,518,0.00062483564892439
184,siguiente,511,0.0006163919239389254
185,manos,510,0.0006151856775124304
186,fueron,508,0.0006127731846594405
187,hora,503,0.0006067419525269657
188,silencio,501,0.0006043294596739757
189,toda,497,0.0005995044739679959
190,quiso,478,0.0005765857918645916
191,agua,476,0.0005741732990116017
192,algún,473,0.0005705545597321168
193,dio,471,0.0005681420668791269
194,daba,470,0.0005669358204526319
195,muerte,470,0.0005669358204526319
196,espejo,469,0.0005657295740261369
197,trac,469,0.0005657295740261369
198,personas,464,0.0005596983418936621
199,nosotros,463,0.0005584920954671672
200,contra,462,0.0005572858490406722
201,piso,461,0.0005560796026141772
202,cosa,459,0.0005536671097611873
203,halcrow,458,0.0005524608633346924
204,sabía,457,0.0005512546169081974
205,cuatro,456,0.0005500483704817024
206,parece,456,0.0005500483704817024
207,sí,452,0.0005452233847757226
208,idiotas,451,0.0005440171383492276
209,fuera,447,0.0005391921526432478
210,invierno,447,0.0005391921526432478
211,llevar,441,0.000531954674084278
212,ir,441,0.000531954674084278
213,realidad,440,0.000530748427657783
214,hace,439,0.0005295421812312881
215,forma,435,0.0005247171955253082
216,sido,435,0.0005247171955253082
217,pronto,433,0.0005223047026723184
218,idea,430,0.0005186859633928335
219,humberta,430,0.0005186859633928335
220,instante,428,0.0005162734705398436
221,parecía,427,0.0005150672241133486
222,mirar,427,0.0005150672241133486
223,saber,426,0.0005138609776868536
224,terminó,425,0.0005126547312603587
225,medio,425,0.0005126547312603587
226,poder,424,0.0005114484848338637
227,última,423,0.0005102422384073688
228,mazzini,423,0.0005102422384073688
229,embargo,422,0.0005090359919808738
230,muerto,420,0.0005066234991278839
231,decir,416,0.000501798513421904
232,enseguida,416,0.000501798513421904
233,perdido,414,0.0004993860205689141
234,preguntó,412,0.0004969735277159242
235,pie,411,0.0004957672812894292
236,habitación,409,0.0004933547884364393
237,hacía,408,0.0004921485420099443
238,fuerte,405,0.0004885298027304594
239,puso,403,0.0004861173098774695
240,manera,402,0.00048491106345097454
241,lejos,402,0.00048491106345097454
242,hijo,402,0.00048491106345097454
243,sirvienta,399,0.00048129232417148965
244,fotógrafo,399,0.00048129232417148965
245,quizá,397,0.0004788798313184997
246,junto,395,0.0004764673384655098
247,llegar,391,0.00047164235275952996
248,pobre,390,0.000470436106333035
249,fin,389,0.00046922985990654
250,esos,385,0.00046440487420056016
251,ideas,385,0.00046440487420056016
252,lentamente,383,0.00046199238134757027
253,luna,382,0.0004607861349210753
254,siete,380,0.00045837364206808537
255,siquiera,379,0.0004571673956415904
256,adentro,378,0.0004559611492150955
257,hombres,376,0.0004535486563621055
258,apenas,375,0.0004523424099356106
259,ante,373,0.0004499299170826206
260,pasado,371,0.00044751742422963073
261,además,370,0.0004463111778031358
262,nieve,366,0.00044148619209715594
263,frente,366,0.00044148619209715594
264,entender,362,0.00043666120639117604
265,podían,359,0.0004330424671116912
266,imbécil,358,0.0004318362206851962
267,amor,358,0.0004318362206851962
268,segundo,356,0.0004294237278322063
269,este,356,0.0004294237278322063
270,celia,356,0.0004294237278322063
271,muchas,354,0.00042701123497921635
272,mejor,353,0.0004258049885527214
273,atención,351,0.0004233924956997315
274,bajo,351,0.0004233924956997315
275,siglo,348,0.0004197737564202466
276,dice,348,0.0004197737564202466
277,tres,347,0.00041856750999375166
278,cielo,346,0.00041736126356725666
279,tampoco,345,0.0004161550171407617
280,tapial,345,0.0004161550171407617
281,ciudad,345,0.0004161550171407617
282,igual,343,0.0004137425242877718
283,tomar,342,0.0004125362778612768
284,va,342,0.0004125362778612768
285,médico,341,0.00041133003143478187
286,punto,340,0.0004101237850082869
287,mayor,339,0.00040891753858179197
288,entró,339,0.00040891753858179197
289,cuarto,339,0.00040891753858179197
290,mamá,338,0.00040771129215529697
291,todavía,338,0.00040771129215529697
292,quién,336,0.0004052987993023071
293,salía,334,0.0004028863064493171
294,atrás,334,0.0004028863064493171
295,ta,333,0.0004016800600228222
296,viento,331,0.0003992675671698323
297,lugar,328,0.0003956488278903474
298,usted,328,0.0003956488278903474
299,estamos,326,0.00039323633503735744
300,amigo,325,0.0003920300886108625
301,árboles,324,0.00039082384218436754
302,rubí,324,0.00039082384218436754
303,misma,323,0.0003896175957578726
304,parte,323,0.0003896175957578726
305,volvieron,323,0.0003896175957578726
306,seguía,322,0.0003884113493313776
307,quería,321,0.00038720510290488264
308,haber,320,0.0003859988564783877
309,aquella,320,0.0003859988564783877
310,hotel,320,0.0003859988564783877
311,miedo,319,0.0003847926100518927
312,nuestras,318,0.00038358636362539775
313,algunos,318,0.00038358636362539775
314,patineta,318,0.00038358636362539775
315,e,317,0.0003823801171989028
316,empezaron,317,0.0003823801171989028
317,ningún,317,0.0003823801171989028
318,color,316,0.00038117387077240785
319,dar,315,0.00037996762434591285
320,miró,315,0.00037996762434591285
321,sea,315,0.00037996762434591285
322,bosque,314,0.0003787613779194179
323,justo,314,0.0003787613779194179
324,hecho,312,0.000376348885066428
325,unos,312,0.000376348885066428
326,próspero,312,0.000376348885066428
327,volver,309,0.0003727301457869431
328,música,308,0.00037152389936044816
329,linterna,307,0.00037031765293395316
330,podemos,306,0.0003691114065074582
331,hoy,306,0.0003691114065074582
332,pensar,305,0.00036790516008096326
333,finalmente,303,0.0003654926672279733
334,tal,302,0.00036428642080147837
335,raro,301,0.0003630801743749834
336,iban,300,0.00036187392794848847
337,quizás,299,0.00036066768152199347
338,dormir,298,0.0003594614350954985
339,cerca,298,0.0003594614350954985
340,alguna,297,0.0003582551886690036
341,brasil,297,0.0003582551886690036
342,cartas,297,0.0003582551886690036
343,capitán,296,0.00035704894224250863
344,trabajo,295,0.0003558426958160136
345,sol,294,0.0003546364493895187
346,alegría,293,0.00035343020296302373
347,cobre,293,0.00035343020296302373
348,habitaciones,290,0.00034981146368353883
349,sola,290,0.00034981146368353883
350,sintió,290,0.00034981146368353883
351,recién,288,0.00034739897083054894
352,cara,288,0.00034739897083054894
353,cierto,286,0.000344986477977559
354,animal,286,0.000344986477977559
355,tomó,286,0.000344986477977559
356,ve,286,0.000344986477977559
357,vereda,283,0.0003413677386980741
358,final,282,0.00034016149227157914
359,llegaba,282,0.00034016149227157914
360,número,282,0.00034016149227157914
361,verdad,281,0.0003389552458450842
362,levantó,281,0.0003389552458450842
363,primer,281,0.0003389552458450842
364,bertita,280,0.00033774899941858925
365,ventana,279,0.00033654275299209425
366,historia,278,0.0003353365065655993
367,cualquier,278,0.0003353365065655993
368,pasaron,277,0.00033413026013910435
369,pasaba,275,0.0003317177672861144
370,circo,275,0.0003317177672861144
371,hacia,274,0.00033051152085961945
372,pensaba,273,0.0003293052744331245
373,siguió,273,0.0003293052744331245
374,pensamiento,273,0.0003293052744331245
375,llevaron,272,0.0003280990280066295
376,naturaleza,271,0.00032689278158013456
377,aire,270,0.0003256865351536396
378,salir,268,0.00032327404230064966
379,nuestro,268,0.00032327404230064966
380,tuvieron,267,0.0003220677958741547
381,ataúd,266,0.00032086154944765976
382,vivir,266,0.00032086154944765976
383,tipo,264,0.0003184490565946698
384,colores,264,0.0003184490565946698
385,minutos,264,0.0003184490565946698
386,hizo,263,0.00031724281016817487
387,explicación,262,0.0003160365637416799
388,puede,260,0.00031362407088868997
389,hablar,260,0.00031362407088868997
390,visto,260,0.00031362407088868997
391,gritó,259,0.000312417824462195
392,churchill,258,0.0003112115780357001
393,incluso,258,0.0003112115780357001
394,cuanto,258,0.0003112115780357001
395,pesar,258,0.0003112115780357001
396,nombre,258,0.0003112115780357001
397,funcionario,257,0.0003100053316092051
398,ruido,256,0.0003087990851827101
399,natural,255,0.0003075928387562152
400,te,254,0.00030638659232972023
401,pensando,252,0.0003039740994767303
402,subte,252,0.0003039740994767303
403,fondo,252,0.0003039740994767303
404,tierra,252,0.0003039740994767303
405,pudiera,251,0.00030276785305023533
406,vista,250,0.0003015616066237404
407,espacio,250,0.0003015616066237404
408,capataz,250,0.0003015616066237404
409,músicos,249,0.00030035536019724544
410,podría,248,0.00029914911377075043
411,fuerza,248,0.00029914911377075043
412,cigarrillo,248,0.00029914911377075043
413,problemas,248,0.00029914911377075043
414,encontrar,247,0.0002979428673442555
415,apoyada,247,0.0002979428673442555
416,tarea,246,0.00029673662091776054
417,bate,246,0.00029673662091776054
418,empecé,245,0.0002955303744912656
419,bolsillo,244,0.0002943241280647706
420,blanco,244,0.0002943241280647706
421,almohadón,244,0.0002943241280647706
422,despertó,243,0.00029311788163827564
423,persona,242,0.0002919116352117807
424,béisbol,242,0.0002919116352117807
425,otros,241,0.00029070538878528575
426,vieron,241,0.00029070538878528575
427,jardín,241,0.00029070538878528575
428,única,241,0.00029070538878528575
429,dentro,241,0.00029070538878528575
430,accidente,240,0.00028949914235879075
431,completamente,239,0.0002882928959322958
432,cayó,238,0.00028708664950580085
433,newton,237,0.0002858804030793059
434,haya,236,0.0002846741566528109
435,dejó,236,0.0002846741566528109
436,barrio,235,0.00028346791022631595
437,segunda,233,0.00028105541737332606
438,peste,233,0.00028105541737332606
439,brazo,232,0.00027984917094683106
440,paso,232,0.00027984917094683106
441,época,232,0.00027984917094683106
442,altura,231,0.0002786429245203361
443,hablaba,230,0.00027743667809384116
444,reja,230,0.00027743667809384116
445,pueblo,230,0.00027743667809384116
446,mí,229,0.0002762304316673462
447,pasando,229,0.0002762304316673462
448,corriendo,229,0.0002762304316673462
449,magia,228,0.0002750241852408512
450,corazón,228,0.0002750241852408512
451,respondió,227,0.00027381793881435626
452,habrá,227,0.00027381793881435626
453,túnica,227,0.00027381793881435626
454,resto,226,0.0002726116923878613
455,estado,226,0.0002726116923878613
456,lana,225,0.0002714054459613663
457,terminaba,225,0.0002714054459613663
458,animales,225,0.0002714054459613663
459,llamó,224,0.00027019919953487137
460,camino,224,0.00027019919953487137
461,son,224,0.00027019919953487137
462,médicos,224,0.00027019919953487137
463,través,223,0.0002689929531083764
464,dejado,223,0.0002689929531083764
465,pasaban,223,0.0002689929531083764
466,pedir,223,0.0002689929531083764
467,escuela,223,0.0002689929531083764
468,salió,223,0.0002689929531083764
469,compró,222,0.00026778670668188147
470,plumas,222,0.00026778670668188147
471,cuerpos,220,0.0002653742138288915
472,larga,220,0.0002653742138288915
473,chicos,219,0.0002641679674023966
474,veía,219,0.0002641679674023966
475,último,218,0.0002629617209759016
476,vuelta,218,0.0002629617209759016
477,dedos,218,0.0002629617209759016
478,pelo,218,0.0002629617209759016
479,caliente,217,0.0002617554745494066
480,fueran,217,0.0002617554745494066
481,cambio,217,0.0002617554745494066
482,príncipe,217,0.0002617554745494066
483,sabe,217,0.0002617554745494066
484,llegara,216,0.0002605492281229117
485,leer,215,0.00025934298169641673
486,libro,215,0.00025934298169641673
487,sonrisa,215,0.00025934298169641673
488,primeros,215,0.00025934298169641673
489,abría,215,0.00025934298169641673
490,masa,215,0.00025934298169641673
491,dejaron,214,0.0002581367352699218
492,adolescente,214,0.0002581367352699218
493,primero,214,0.0002581367352699218
494,calor,213,0.0002569304888434268
495,cuchillo,213,0.0002569304888434268
496,seguro,213,0.0002569304888434268
497,estuviera,213,0.0002569304888434268
498,arcoíris,213,0.0002569304888434268
499,mal,213,0.0002569304888434268
500,chica,212,0.00025572424241693183
501,decidido,212,0.00025572424241693183
502,pies,212,0.00025572424241693183
503,pidió,211,0.0002545179959904369
504,ciencia,211,0.0002545179959904369
505,pozo,211,0.0002545179959904369
506,suerte,210,0.00025331174956394194
507,luego,210,0.00025331174956394194
508,año,210,0.00025331174956394194
509,reloj,210,0.00025331174956394194
510,enorme,210,0.00025331174956394194
511,allá,210,0.00025331174956394194
512,silla,210,0.00025331174956394194
513,quedar,209,0.00025210550313744693
514,punta,209,0.00025210550313744693
515,boca,209,0.00025210550313744693
516,educación,209,0.00025210550313744693
517,café,209,0.00025210550313744693
518,diferentes,209,0.00025210550313744693
519,corrió,209,0.00025210550313744693
520,tratando,208,0.000250899256710952
521,entero,208,0.000250899256710952
522,darse,208,0.000250899256710952
523,debajo,208,0.000250899256710952
524,fácil,208,0.000250899256710952
525,apoyó,208,0.000250899256710952
526,morir,208,0.000250899256710952
527,detuvo,207,0.00024969301028445704
528,cuestión,206,0.0002484867638579621
529,dónde,206,0.0002484867638579621
530,cámara,206,0.0002484867638579621
531,pusieron,206,0.0002484867638579621
532,playa,206,0.0002484867638579621
533,conocía,205,0.0002472805174314671
534,recordar,205,0.0002472805174314671
535,misterio,204,0.00024607427100497214
536,aparece,204,0.00024607427100497214
537,directamente,204,0.00024607427100497214
538,aparecen,204,0.00024607427100497214
539,éxito,203,0.0002448680245784772
540,imposible,203,0.0002448680245784772
541,sos,203,0.0002448680245784772
542,anterior,202,0.00024366177815198222
543,rostro,202,0.00024366177815198222
544,plata,202,0.00024366177815198222
545,decirle,201,0.00024245553172548727
546,película,200,0.0002412492852989923
547,posibilidad,200,0.0002412492852989923
548,difícil,200,0.0002412492852989923
549,paisaje,199,0.00024004303887249735
550,esas,199,0.00024004303887249735
551,llevó,198,0.00023883679244600237
552,caballo,198,0.00023883679244600237
553,muchos,197,0.00023763054601950743
554,horas,197,0.00023763054601950743
555,puedo,197,0.00023763054601950743
556,fuego,197,0.00023763054601950743
557,hijos,197,0.00023763054601950743
558,foto,197,0.00023763054601950743
559,llorar,196,0.00023642429959301245
560,máscara,196,0.00023642429959301245
561,pareció,195,0.0002352180531665175
562,preparado,195,0.0002352180531665175
563,afuera,195,0.0002352180531665175
564,auto,195,0.0002352180531665175
565,pasé,194,0.00023401180674002253
566,estas,193,0.00023280556031352758
567,enferma,193,0.00023280556031352758
568,dejar,192,0.0002315993138870326
569,almorzar,192,0.0002315993138870326
570,oscura,192,0.0002315993138870326
571,roja,192,0.0002315993138870326
572,estos,191,0.00023039306746053766
573,jugar,191,0.00023039306746053766
574,ocho,189,0.00022798057460754774
575,fracaso,187,0.00022556808175455781
576,querían,186,0.00022436183532806284
577,disfraz,186,0.00022436183532806284
578,corte,185,0.0002231555889015679
579,onda,185,0.0002231555889015679
580,diez,185,0.0002231555889015679
581,media,183,0.00022074309604857797
582,normal,182,0.000219536849622083
583,nueve,182,0.000219536849622083
584,dijeron,182,0.000219536849622083
585,carteras,181,0.00021833060319558802
586,llamado,181,0.00021833060319558802
587,quinta,181,0.00021833060319558802
588,impuestos,181,0.00021833060319558802
589,claro,180,0.00021712435676909307
590,inmenso,180,0.00021712435676909307
591,esto,179,0.0002159181103425981
592,salud,179,0.0002159181103425981
593,escuchaba,179,0.0002159181103425981
594,murió,179,0.0002159181103425981
595,clase,179,0.0002159181103425981
596,catorce,179,0.0002159181103425981
597,hermana,179,0.0002159181103425981
598,pianista,178,0.00021471186391610315
599,estela,178,0.00021471186391610315
600,avanzaba,177,0.00021350561748960818
601,reflejo,177,0.00021350561748960818
602,sale,177,0.00021350561748960818
603,extraño,176,0.00021229937106311323
604,rato,176,0.00021229937106311323
605,guerra,175,0.00021109312463661825
606,perdió,175,0.00021109312463661825
607,espalda,175,0.00021109312463661825
608,comunes,174,0.0002098868782101233
609,largo,174,0.0002098868782101233
610,cinco,174,0.0002098868782101233
611,llamaba,174,0.0002098868782101233
612,par,174,0.0002098868782101233
613,recibir,174,0.0002098868782101233
614,lluvia,174,0.0002098868782101233
615,preguntar,174,0.0002098868782101233
616,funda,173,0.00020868063178362833
617,entrada,173,0.00020868063178362833
618,familiar,173,0.00020868063178362833
619,convulsiones,173,0.00020868063178362833
620,tranquilidad,173,0.00020868063178362833
621,colegio,172,0.00020747438535713338
622,nacho,172,0.00020747438535713338
623,equilibrio,172,0.00020747438535713338
624,palo,172,0.00020747438535713338
625,varios,172,0.00020747438535713338
626,zona,172,0.00020747438535713338
627,saqué,171,0.0002062681389306384
628,pregunta,171,0.0002062681389306384
629,esfuerzo,171,0.0002062681389306384
630,llevaba,171,0.0002062681389306384
631,temprano,171,0.0002062681389306384
632,canasto,171,0.0002062681389306384
633,acostumbrada,171,0.0002062681389306384
634,dormía,170,0.00020506189250414346
635,quedaba,170,0.00020506189250414346
636,comer,170,0.00020506189250414346
637,decidieron,169,0.00020385564607764849
638,hicieron,169,0.00020385564607764849
639,olor,169,0.00020385564607764849
640,desgracia,169,0.00020385564607764849
641,gobierno,169,0.00020385564607764849
642,visitar,168,0.00020264939965115354
643,menor,168,0.00020264939965115354
644,abuela,168,0.00020264939965115354
645,viera,167,0.00020144315322465856
646,cuántos,167,0.00020144315322465856
647,caminar,167,0.00020144315322465856
648,vivía,167,0.00020144315322465856
649,quedaron,167,0.00020144315322465856
650,nene,167,0.00020144315322465856
651,castillo,167,0.00020144315322465856
652,voz,166,0.00020023690679816362
653,conocimiento,166,0.00020023690679816362
654,distintos,166,0.00020023690679816362
655,noches,166,0.00020023690679816362
656,arena,166,0.00020023690679816362
657,gritos,166,0.00020023690679816362
658,cualquiera,166,0.00020023690679816362
659,suelo,165,0.00019903066037166864
660,abuelo,165,0.00019903066037166864
661,pegó,165,0.00019903066037166864
662,hojas,165,0.00019903066037166864
663,callado,165,0.00019903066037166864
664,huir,165,0.00019903066037166864
665,llega,165,0.00019903066037166864
666,supuesto,164,0.0001978244139451737
667,gracioso,164,0.0001978244139451737
668,vi,164,0.0001978244139451737
669,odio,164,0.0001978244139451737
670,dirección,164,0.0001978244139451737
671,lista,164,0.0001978244139451737
672,ambulancia,164,0.0001978244139451737
673,hacían,163,0.00019661816751867872
674,están,163,0.00019661816751867872
675,teléfono,163,0.00019661816751867872
676,gesto,163,0.00019661816751867872
677,tristeza,163,0.00019661816751867872
678,cambia,163,0.00019661816751867872
679,papá,163,0.00019661816751867872
680,lloraba,163,0.00019661816751867872
681,caer,162,0.00019541192109218377
682,gestos,162,0.00019541192109218377
683,lloró,162,0.00019541192109218377
684,espectáculo,162,0.00019541192109218377
685,nueva,161,0.0001942056746656888
686,mitad,161,0.0001942056746656888
687,vuelve,161,0.0001942056746656888
688,notaron,161,0.0001942056746656888
689,delicada,160,0.00019299942823919385
690,cementerio,160,0.00019299942823919385
691,pasos,160,0.00019299942823919385
692,tanta,160,0.00019299942823919385
693,principio,160,0.00019299942823919385
694,pone,160,0.00019299942823919385
695,invitó,160,0.00019299942823919385
696,abanicaba,160,0.00019299942823919385
697,país,159,0.00019179318181269887
698,explicar,159,0.00019179318181269887
699,mesa,159,0.00019179318181269887
700,terrible,159,0.00019179318181269887
701,acá,159,0.00019179318181269887
702,tras,158,0.00019058693538620393
703,evidencia,158,0.00019058693538620393
704,razón,158,0.00019058693538620393
705,mascota,158,0.00019058693538620393
706,lleva,157,0.00018938068895970895
707,pecho,157,0.00018938068895970895
708,grito,157,0.00018938068895970895
709,entendió,157,0.00018938068895970895
710,risa,156,0.000188174442533214
711,aplausos,156,0.000188174442533214
712,medida,156,0.000188174442533214
713,tengo,156,0.000188174442533214
714,nervios,156,0.000188174442533214
715,espada,156,0.000188174442533214
716,detrás,156,0.000188174442533214
717,visitante,156,0.000188174442533214
718,mentira,156,0.000188174442533214
719,señorita,156,0.000188174442533214
720,esperando,155,0.00018696819610671903
721,cadáver,155,0.00018696819610671903
722,verde,155,0.00018696819610671903
723,hospital,155,0.00018696819610671903
724,feliz,154,0.00018576194968022408
725,quien,154,0.00018576194968022408
726,nuevo,154,0.00018576194968022408
727,abrir,154,0.00018576194968022408
728,longitudes,154,0.00018576194968022408
729,hiciera,153,0.0001845557032537291
730,recuerdo,153,0.0001845557032537291
731,palabra,153,0.0001845557032537291
732,representan,153,0.0001845557032537291
733,crítico,153,0.0001845557032537291
734,decidió,153,0.0001845557032537291
735,guardar,152,0.00018334945682723416
736,pasa,152,0.00018334945682723416
737,invitados,152,0.00018334945682723416
738,bastante,151,0.00018214321040073918
739,acercó,151,0.00018214321040073918
740,somos,150,0.00018093696397424424
741,gravedad,150,0.00018093696397424424
742,intimidad,150,0.00018093696397424424
743,sacó,149,0.00017973071754774926
744,desnudo,149,0.00017973071754774926
745,digo,149,0.00017973071754774926
746,probar,149,0.00017973071754774926
747,escrutinio,149,0.00017973071754774926
748,entrar,149,0.00017973071754774926
749,mejores,148,0.00017852447112125431
750,mayoría,148,0.00017852447112125431
751,discurso,148,0.00017852447112125431
752,privacidad,148,0.00017852447112125431
753,arriba,146,0.0001761119782682644
754,tocar,146,0.0001761119782682644
755,árbol,146,0.0001761119782682644
756,contenido,146,0.0001761119782682644
757,ellas,146,0.0001761119782682644
758,encima,146,0.0001761119782682644
759,siguieron,146,0.0001761119782682644
760,pasara,146,0.0001761119782682644
761,figura,145,0.00017490573184176942
762,comenzaron,145,0.00017490573184176942
763,pude,144,0.00017369948541527447
764,general,144,0.00017369948541527447
765,saco,143,0.0001724932389887795
766,científica,143,0.0001724932389887795
767,propia,143,0.0001724932389887795
768,abajo,143,0.0001724932389887795
769,acerca,142,0.00017128699256228455
770,mar,141,0.00017008074613578957
771,cae,141,0.00017008074613578957
772,pantalones,141,0.00017008074613578957
773,mismos,141,0.00017008074613578957
774,cosidos,140,0.00016887449970929462
775,moda,140,0.00016887449970929462
776,usar,140,0.00016887449970929462
777,oscuros,139,0.00016766825328279965
778,taza,138,0.0001664620068563047
779,bosquecito,138,0.0001664620068563047
780,doce,138,0.0001664620068563047
781,hubiera,137,0.00016525576042980973
782,fascinantes,137,0.00016525576042980973
783,ocultarle,137,0.00016525576042980973
784,caminó,136,0.00016404951400331475
785,preguntás,135,0.0001628432675768198
786,posible,135,0.0001628432675768198
787,sueño,135,0.0001628432675768198
788,basura,135,0.0001628432675768198
789,tío,135,0.0001628432675768198
790,buena,133,0.00016043077472382988
791,torta,133,0.00016043077472382988
792,aspecto,132,0.0001592245282973349
793,roque,132,0.0001592245282973349
794,fotos,132,0.0001592245282973349
795,suele,131,0.00015801828187083996
796,carácter,131,0.00015801828187083996
797,inventó,131,0.00015801828187083996
798,pocas,130,0.00015681203544434498
799,siesta,130,0.00015681203544434498
800,sentó,130,0.00015681203544434498
801,carta,130,0.00015681203544434498
802,han,129,0.00015560578901785004
803,convertido,129,0.00015560578901785004
804,pagar,129,0.00015560578901785004
805,existe,128,0.00015439954259135506
806,preocupado,128,0.00015439954259135506
807,ambiente,128,0.00015439954259135506
808,realmente,127,0.00015319329616486011
809,creer,127,0.00015319329616486011
810,sentí,126,0.00015198704973836514
811,—ahora,125,0.0001507808033118702
812,paralítica,125,0.0001507808033118702
813,dieron,124,0.00014957455688537522
814,baja,124,0.00014957455688537522
815,trabajos,124,0.00014957455688537522
816,roto,124,0.00014957455688537522
817,creede,124,0.00014957455688537522
818,pelota,124,0.00014957455688537522
819,enciclopedia,124,0.00014957455688537522
820,acuerdo,123,0.00014836831045888027
821,zapatillas,123,0.00014836831045888027
822,transpirar,123,0.00014836831045888027
823,tenemos,123,0.00014836831045888027
824,matrimonio,123,0.00014836831045888027
825,cumpleaños,123,0.00014836831045888027
826,sirviente,123,0.00014836831045888027
827,entierro,122,0.0001471620640323853
828,fui,122,0.0001471620640323853
829,enteras,122,0.0001471620640323853
830,pésima,122,0.0001471620640323853
831,noticias,122,0.0001471620640323853
832,negro,122,0.0001471620640323853
833,universidad,121,0.00014595581760589035
834,despierta,121,0.00014595581760589035
835,vueltas,121,0.00014595581760589035
836,pileta,121,0.00014595581760589035
837,debían,121,0.00014595581760589035
838,acompañado,121,0.00014595581760589035
839,buscó,121,0.00014595581760589035
840,atravesado,121,0.00014595581760589035
841,secreto,121,0.00014595581760589035
842,privilegios,121,0.00014595581760589035
843,ataque,120,0.00014474957117939537
844,mañanas,120,0.00014474957117939537
845,tremenda,120,0.00014474957117939537
846,atontado,120,0.00014474957117939537
847,batalla,120,0.00014474957117939537
848,delicadamente,120,0.00014474957117939537
849,hubiese,120,0.00014474957117939537
850,cayeron,120,0.00014474957117939537
851,llovía,120,0.00014474957117939537
852,sonaba,120,0.00014474957117939537
853,pidieron,120,0.00014474957117939537
854,funeral,120,0.00014474957117939537
855,cierra,120,0.00014474957117939537
856,estuvieron,119,0.00014354332475290042
857,parásito,119,0.00014354332475290042
858,baldosas,119,0.00014354332475290042
859,llegando,119,0.00014354332475290042
860,fresco,119,0.00014354332475290042
861,compasión,119,0.00014354332475290042
862,llegaban,118,0.00014233707832640545
863,estupenda,118,0.00014233707832640545
864,convencido,118,0.00014233707832640545
865,pasillo,118,0.00014233707832640545
866,débil,118,0.00014233707832640545
867,manchas,118,0.00014233707832640545
868,dejé,118,0.00014233707832640545
869,completo,118,0.00014233707832640545
870,camillas,118,0.00014233707832640545
871,vallas,118,0.00014233707832640545
872,polvo,118,0.00014233707832640545
873,acabó,117,0.0001411308318999105
874,notaba,117,0.0001411308318999105
875,pudieran,117,0.0001411308318999105
876,tardes,117,0.0001411308318999105
877,golpe,117,0.0001411308318999105
878,mantenía,117,0.0001411308318999105
879,creció,117,0.0001411308318999105
880,casas,117,0.0001411308318999105
881,tiró,117,0.0001411308318999105
882,negros,117,0.0001411308318999105
883,tapaba,117,0.0001411308318999105
884,trabajar,116,0.00013992458547341553
885,linda,116,0.00013992458547341553
886,escalar,116,0.00013992458547341553
887,largó,116,0.00013992458547341553
888,movimientos,116,0.00013992458547341553
889,cerraba,116,0.00013992458547341553
890,escenario,116,0.00013992458547341553
891,ayuda,116,0.00013992458547341553
892,ejército,116,0.00013992458547341553
893,necesitamos,116,0.00013992458547341553
894,papás,116,0.00013992458547341553
895,terraza,116,0.00013992458547341553
896,apagó,116,0.00013992458547341553
897,novia,116,0.00013992458547341553
898,extranjero,116,0.00013992458547341553
899,olía,116,0.00013992458547341553
900,ponía,115,0.00013871833904692058
901,funeraria,115,0.00013871833904692058
902,desarrollo,115,0.00013871833904692058
903,patas,115,0.00013871833904692058
904,levanté,115,0.00013871833904692058
905,grandes,115,0.00013871833904692058
906,intenté,115,0.00013871833904692058
907,hormigas,115,0.00013871833904692058
908,salvaje,115,0.00013871833904692058
909,vecinos,115,0.00013871833904692058
910,llevarse,114,0.0001375120926204256
911,relleno,114,0.0001375120926204256
912,conseguido,114,0.0001375120926204256
913,chico,114,0.0001375120926204256
914,vaya,114,0.0001375120926204256
915,piensa,114,0.0001375120926204256
916,alucinaciones,114,0.0001375120926204256
917,lugares,114,0.0001375120926204256
918,clavados,114,0.0001375120926204256
919,gotas,114,0.0001375120926204256
920,atravesaba,114,0.0001375120926204256
921,tendría,114,0.0001375120926204256
922,marca,114,0.0001375120926204256
923,futuro,114,0.0001375120926204256
924,perrito,114,0.0001375120926204256
925,asoma,114,0.0001375120926204256
926,estás,113,0.00013630584619393066
927,envuelto,113,0.00013630584619393066
928,dibujo,113,0.00013630584619393066
929,amaneció,113,0.00013630584619393066
930,decisión,113,0.00013630584619393066
931,ido,113,0.00013630584619393066
932,naranja,113,0.00013630584619393066
933,jamás,113,0.00013630584619393066
934,llanto,113,0.00013630584619393066
935,escapó,113,0.00013630584619393066
936,vino,113,0.00013630584619393066
937,flaco,113,0.00013630584619393066
938,clandestino,113,0.00013630584619393066
939,cálida,112,0.00013509959976743568
940,pública,112,0.00013509959976743568
941,tiempos,112,0.00013509959976743568
942,poner,112,0.00013509959976743568
943,exactamente,112,0.00013509959976743568
944,enfermeros,112,0.00013509959976743568
945,común,112,0.00013509959976743568
946,preferido,112,0.00013509959976743568
947,mala,112,0.00013509959976743568
948,querer,112,0.00013509959976743568
949,concentrado,112,0.00013509959976743568
950,duro,112,0.00013509959976743568
951,espíritu,112,0.00013509959976743568
952,cuero,112,0.00013509959976743568
953,comía,112,0.00013509959976743568
954,cuándo,112,0.00013509959976743568
955,obesa,112,0.00013509959976743568
956,brigada,112,0.00013509959976743568
957,flaquito,112,0.00013509959976743568
958,podido,111,0.00013389335334094074
959,avenida,111,0.00013389335334094074
960,cincuenta,111,0.00013389335334094074
961,pánico,111,0.00013389335334094074
962,sorpresa,111,0.00013389335334094074
963,alcanzaban,111,0.00013389335334094074
964,siendo,111,0.00013389335334094074
965,agachó,111,0.00013389335334094074
966,izquierda,111,0.00013389335334094074
967,erguido,111,0.00013389335334094074
968,belleza,111,0.00013389335334094074
969,angustia,111,0.00013389335334094074
970,imaginaba,111,0.00013389335334094074
971,seguir,111,0.00013389335334094074
972,tomaba,111,0.00013389335334094074
973,veneno,111,0.00013389335334094074
974,culpa,111,0.00013389335334094074
975,sonríe,111,0.00013389335334094074
976,entra,111,0.00013389335334094074
977,animó,110,0.00013268710691444576
978,cambiaban,110,0.00013268710691444576
979,demás,110,0.00013268710691444576
980,resistir,110,0.00013268710691444576
981,exacta,110,0.00013268710691444576
982,traje,110,0.00013268710691444576
983,perspectivas,110,0.00013268710691444576
984,moverse,110,0.00013268710691444576
985,alivio,110,0.00013268710691444576
986,detestaba,110,0.00013268710691444576
987,puntas,110,0.00013268710691444576
988,soldados,110,0.00013268710691444576
989,quedaban,110,0.00013268710691444576
990,leído,110,0.00013268710691444576
991,varias,110,0.00013268710691444576
992,sana,110,0.00013268710691444576
993,trató,110,0.00013268710691444576
994,medianoche,110,0.00013268710691444576
995,sacar,110,0.00013268710691444576
996,visita,110,0.00013268710691444576
997,efecto,109,0.0001314808604879508
998,ventanita,109,0.0001314808604879508
999,consiguió,109,0.0001314808604879508
1000,montón,109,0.0001314808604879508
1001,metió,109,0.0001314808604879508
1002,mantuvieron,109,0.0001314808604879508
1003,aislados,109,0.0001314808604879508
1004,capacidad,109,0.0001314808604879508
1005,llamar,109,0.0001314808604879508
1006,desenfundó,109,0.0001314808604879508
1007,rechazo,109,0.0001314808604879508
1008,vientre,109,0.0001314808604879508
1009,cocina,109,0.0001314808604879508
1010,celebrar,109,0.0001314808604879508
1011,escapado,109,0.0001314808604879508
1012,muchísima,108,0.00013027461406145584
1013,fuese,108,0.00013027461406145584
1014,metieron,108,0.00013027461406145584
1015,pudieron,108,0.00013027461406145584
1016,carcajadas,108,0.00013027461406145584
1017,literatura,108,0.00013027461406145584
1018,colón,108,0.00013027461406145584
1019,violinista,108,0.00013027461406145584
1020,decían,108,0.00013027461406145584
1021,pantalón,108,0.00013027461406145584
1022,comunicación,108,0.00013027461406145584
1023,problema,108,0.00013027461406145584
1024,sacarle,108,0.00013027461406145584
1025,horrible,108,0.00013027461406145584
1026,mil,108,0.00013027461406145584
1027,asomaba,108,0.00013027461406145584
1028,proporcional,108,0.00013027461406145584
1029,7,108,0.00013027461406145584
1030,amigos,108,0.00013027461406145584
1031,trrrrr,108,0.00013027461406145584
1032,metal,108,0.00013027461406145584
1033,sótano,108,0.00013027461406145584
1034,llover,108,0.00013027461406145584
1035,multitud,108,0.00013027461406145584
1036,máscaras,108,0.00013027461406145584
1037,dándole,108,0.00013027461406145584
1038,telar,107,0.0001290683676349609
1039,velaron,107,0.0001290683676349609
1040,seis,107,0.0001290683676349609
1041,desesperados,107,0.0001290683676349609
1042,anteriores,107,0.0001290683676349609
1043,protegido,107,0.0001290683676349609
1044,cayeran,107,0.0001290683676349609
1045,esperaba,107,0.0001290683676349609
1046,fascina,107,0.0001290683676349609
1047,ha,107,0.0001290683676349609
1048,zapatos,107,0.0001290683676349609
1049,moribundo,107,0.0001290683676349609
1050,maravilloso,107,0.0001290683676349609
1051,tomaron,107,0.0001290683676349609
1052,observó,107,0.0001290683676349609
1053,intentaba,107,0.0001290683676349609
1054,borde,107,0.0001290683676349609
1055,agarraron,107,0.0001290683676349609
1056,botella,107,0.0001290683676349609
1057,escarlata,107,0.0001290683676349609
1058,llegado,107,0.0001290683676349609
1059,cola,107,0.0001290683676349609
1060,hermosos,107,0.0001290683676349609
1061,gustó,107,0.0001290683676349609
1062,blazer,107,0.0001290683676349609
1063,aplaudieron,107,0.0001290683676349609
1064,panfleto,107,0.0001290683676349609
1065,pusiera,106,0.00012786212120846592
1066,rompe,106,0.00012786212120846592
1067,sigue,106,0.00012786212120846592
1068,cumplir,106,0.00012786212120846592
1069,viejo,106,0.00012786212120846592
1070,caballeros,106,0.00012786212120846592
1071,ocurren,106,0.00012786212120846592
1072,quienes,106,0.00012786212120846592
1073,hoja,106,0.00012786212120846592
1074,isaac,106,0.00012786212120846592
1075,distancia,106,0.00012786212120846592
1076,conocían,106,0.00012786212120846592
1077,advertía,106,0.00012786212120846592
1078,llegaron,106,0.00012786212120846592
1079,bestias,106,0.00012786212120846592
1080,encierro,106,0.00012786212120846592
1081,curiosidad,106,0.00012786212120846592
1082,coraje,106,0.00012786212120846592
1083,isla,106,0.00012786212120846592
1084,barba,106,0.00012786212120846592
1085,agarró,105,0.00012665587478197097
1086,preparó,105,0.00012665587478197097
1087,proceso,105,0.00012665587478197097
1088,costumbre,105,0.00012665587478197097
1089,pensé,105,0.00012665587478197097
1090,frasco,105,0.00012665587478197097
1091,sentimiento,105,0.00012665587478197097
1092,usarlo,105,0.00012665587478197097
1093,horizonte,105,0.00012665587478197097
1094,canción,105,0.00012665587478197097
1095,siluetas,105,0.00012665587478197097
1096,cuales,105,0.00012665587478197097
1097,descubrir,105,0.00012665587478197097
1098,rodean,105,0.00012665587478197097
1099,ocupado,105,0.00012665587478197097
1100,juntos,105,0.00012665587478197097
1101,ladrillos,105,0.00012665587478197097
1102,quisiera,105,0.00012665587478197097
1103,sanguchitos,105,0.00012665587478197097
1104,cuadro,105,0.00012665587478197097
1105,tristes,104,0.000125449628355476
1106,imagen,104,0.000125449628355476
1107,hostil,104,0.000125449628355476
1108,sería,104,0.000125449628355476
1109,único,104,0.000125449628355476
1110,buscando,104,0.000125449628355476
1111,xvii,104,0.000125449628355476
1112,llena,104,0.000125449628355476
1113,emocional,104,0.000125449628355476
1114,descompone,104,0.000125449628355476
1115,terminado,104,0.000125449628355476
1116,aprovechar,104,0.000125449628355476
1117,mortaja,104,0.000125449628355476
1118,acto,104,0.000125449628355476
1119,sentaron,104,0.000125449628355476
1120,lindo,104,0.000125449628355476
1121,tenido,104,0.000125449628355476
1122,increíble,103,0.00012424338192898105
1123,reírse,103,0.00012424338192898105
1124,verlo,103,0.00012424338192898105
1125,estoy,103,0.00012424338192898105
1126,aprender,103,0.00012424338192898105
1127,lados,103,0.00012424338192898105
1128,fuente,103,0.00012424338192898105
1129,almohada,103,0.00012424338192898105
1130,nacieron,103,0.00012424338192898105
1131,pide,103,0.00012424338192898105
1132,refutarlas,103,0.00012424338192898105
1133,mente,103,0.00012424338192898105
1134,filo,103,0.00012424338192898105
1135,funciona,103,0.00012424338192898105
1136,mes,103,0.00012424338192898105
1137,parientes,103,0.00012424338192898105
1138,gallina,103,0.00012424338192898105
1139,azul,103,0.00012424338192898105
1140,ninguna,103,0.00012424338192898105
1141,bailarines,103,0.00012424338192898105
1142,sufrido,103,0.00012424338192898105
1143,auriculares,102,0.00012303713550248607
1144,tocó,102,0.00012303713550248607
1145,felicidad,102,0.00012303713550248607
1146,tranquilamente,102,0.00012303713550248607
1147,implica,102,0.00012303713550248607
1148,internos,102,0.00012303713550248607
1149,decoradas,102,0.00012303713550248607
1150,grande,102,0.00012303713550248607
1151,tema,102,0.00012303713550248607
1152,prisma,102,0.00012303713550248607
1153,buscar,102,0.00012303713550248607
1154,quince,102,0.00012303713550248607
1155,vestía,102,0.00012303713550248607
1156,arruinara,102,0.00012303713550248607
1157,pasarla,102,0.00012303713550248607
1158,negra,102,0.00012303713550248607
1159,rama,101,0.00012183088907599111
1160,—,101,0.00012183088907599111
1161,cantar,101,0.00012183088907599111
1162,bolso,101,0.00012183088907599111
1163,importa,101,0.00012183088907599111
1164,procesos,101,0.00012183088907599111
1165,hermoso,101,0.00012183088907599111
1166,sacudiendo,101,0.00012183088907599111
1167,presencia,101,0.00012183088907599111
1168,durmiendo,101,0.00012183088907599111
1169,llave,101,0.00012183088907599111
1170,policía,101,0.00012183088907599111
1171,prendas,100,0.00012062464264949615
1172,sonido,100,0.00012062464264949615
1173,frecuente,100,0.00012062464264949615
1174,monedas,100,0.00012062464264949615
1175,lleno,100,0.00012062464264949615
1176,partí,100,0.00012062464264949615
1177,llovizna,100,0.00012062464264949615
1178,permite,100,0.00012062464264949615
1179,infinita,100,0.00012062464264949615
1180,necesidad,100,0.00012062464264949615
1181,tienen,100,0.00012062464264949615
1182,buscamos,100,0.00012062464264949615
1183,conserje,100,0.00012062464264949615
1184,metros,100,0.00012062464264949615
1185,encontró,100,0.00012062464264949615
1186,dolor,100,0.00012062464264949615
1187,salvo,100,0.00012062464264949615
1188,cuello,100,0.00012062464264949615
1189,suficientes,100,0.00012062464264949615
1190,puñal,100,0.00012062464264949615
1191,felices,100,0.00012062464264949615
1192,siente,100,0.00012062464264949615
1193,interesó,100,0.00012062464264949615
1194,hundida,100,0.00012062464264949615
1195,plano,100,0.00012062464264949615
1196,carpa,100,0.00012062464264949615
1197,ilusión,99,0.00011941839622300119
1198,habría,99,0.00011941839622300119
1199,eventualmente,99,0.00011941839622300119
1200,orador,99,0.00011941839622300119
1201,elección,99,0.00011941839622300119
1202,aquel,99,0.00011941839622300119
1203,gota,99,0.00011941839622300119
1204,colgantes,99,0.00011941839622300119
1205,bolsos,99,0.00011941839622300119
1206,afortunadamente,99,0.00011941839622300119
1207,libertad,99,0.00011941839622300119
1208,palabras,99,0.00011941839622300119
1209,criticar,99,0.00011941839622300119
1210,consciencia,99,0.00011941839622300119
1211,cerebro,99,0.00011941839622300119
1212,flores,99,0.00011941839622300119
1213,sólo,99,0.00011941839622300119
1214,queda,99,0.00011941839622300119
1215,comida,99,0.00011941839622300119
1216,luces,99,0.00011941839622300119
1217,botines,99,0.00011941839622300119
1218,invitado,99,0.00011941839622300119
1219,tumba,98,0.00011821214979650623
1220,quedara,98,0.00011821214979650623
1221,desesperación,98,0.00011821214979650623
1222,copos,98,0.00011821214979650623
1223,ocurre,98,0.00011821214979650623
1224,cuánto,98,0.00011821214979650623
1225,recorrido,98,0.00011821214979650623
1226,tiro,98,0.00011821214979650623
1227,camisa,98,0.00011821214979650623
1228,nuestros,98,0.00011821214979650623
1229,fines,98,0.00011821214979650623
1230,masculina,98,0.00011821214979650623
1231,reclamo,98,0.00011821214979650623
1232,supo,98,0.00011821214979650623
1233,tus,98,0.00011821214979650623
1234,visual,98,0.00011821214979650623
1235,deberíamos,98,0.00011821214979650623
1236,herramientas,98,0.00011821214979650623
1237,blanca,98,0.00011821214979650623
1238,visitas,98,0.00011821214979650623
1239,tono,98,0.00011821214979650623
1240,cortina,98,0.00011821214979650623
1241,piernas,97,0.00011700590337001126
1242,detuviera,97,0.00011700590337001126
1243,importancia,97,0.00011700590337001126
1244,probable,97,0.00011700590337001126
1245,prácticamente,97,0.00011700590337001126
1246,independencia,97,0.00011700590337001126
1247,conversaciones,97,0.00011700590337001126
1248,gritar,97,0.00011700590337001126
1249,pedazos,97,0.00011700590337001126
1250,montaña,97,0.00011700590337001126
1251,acercar,97,0.00011700590337001126
1252,menores,97,0.00011700590337001126
1253,aguantar,97,0.00011700590337001126
1254,mató,97,0.00011700590337001126
1255,arte,96,0.0001157996569435163
1256,buenos,96,0.0001157996569435163
1257,habrán,96,0.0001157996569435163
1258,tarda,96,0.0001157996569435163
1259,presente,96,0.0001157996569435163
1260,funcionan,96,0.0001157996569435163
1261,juzgar,96,0.0001157996569435163
1262,dinero,96,0.0001157996569435163
1263,esfuerzos,96,0.0001157996569435163
1264,espacios,96,0.0001157996569435163
1265,dejando,96,0.0001157996569435163
1266,propias,96,0.0001157996569435163
1267,ángulos,96,0.0001157996569435163
1268,pienso,96,0.0001157996569435163
1269,colgados,95,0.00011459341051702134
1270,sonreía,95,0.00011459341051702134
1271,fugaz,95,0.00011459341051702134
1272,bolsas,95,0.00011459341051702134
1273,colgaban,95,0.00011459341051702134
1274,sujetaban,95,0.00011459341051702134
1275,xix,95,0.00011459341051702134
1276,definitiva,95,0.00011459341051702134
1277,importante,95,0.00011459341051702134
1278,esperar,95,0.00011459341051702134
1279,pierna,95,0.00011459341051702134
1280,falla,94,0.00011338716409052638
1281,manzana,94,0.00011338716409052638
1282,tendrá,94,0.00011338716409052638
1283,suena,94,0.00011338716409052638
1284,tu,94,0.00011338716409052638
1285,llaves,94,0.00011338716409052638
1286,muchísimo,94,0.00011338716409052638
1287,charco,94,0.00011338716409052638
1288,distinto,94,0.00011338716409052638
1289,feos,94,0.00011338716409052638
1290,casamiento,94,0.00011338716409052638
1291,viva,94,0.00011338716409052638
1292,acaso,93,0.00011218091766403142
1293,nulidad,93,0.00011218091766403142
1294,rastro,93,0.00011218091766403142
1295,risas,93,0.00011218091766403142
1296,discusión,93,0.00011218091766403142
1297,modo,93,0.00011218091766403142
1298,oscuridad,92,0.00011097467123753646
1299,entusiasma,92,0.00011097467123753646
1300,vea,92,0.00011097467123753646
1301,hago,91,0.0001097684248110415
1302,flor,91,0.0001097684248110415
1303,emoción,91,0.0001097684248110415
1304,violín,90,0.00010856217838454654
1305,público,90,0.00010856217838454654
1306,femenina,90,0.00010856217838454654
1307,razones,90,0.00010856217838454654
1308,decía,90,0.00010856217838454654
1309,huevos,89,0.00010735593195805157
1310,sentido,88,0.00010614968553155661
1311,cintura,88,0.00010614968553155661
1312,espera,88,0.00010614968553155661
1313,alta,88,0.00010614968553155661
1314,aún,87,0.00010494343910506165
1315,derrumbado,87,0.00010494343910506165
1316,libre,86,0.00010373719267856669
1317,nariz,85,0.00010253094625207173
1318,rico,85,0.00010253094625207173
1319,lágrimas,85,0.00010253094625207173
1320,creo,83,0.00010011845339908181
1321,lógica,83,0.00010011845339908181
1322,explicáme,83,0.00010011845339908181
1323,escrito,83,0.00010011845339908181
1324,cuernos,83,0.00010011845339908181
1325,monumento,83,0.00010011845339908181
1326,triunfo,82,9.891220697258685e-05
1327,trasero,82,9.891220697258685e-05
1328,miga,82,9.891220697258685e-05
1329,márgenes,81,9.770596054609189e-05
1330,vidas,80,9.649971411959692e-05
1331,baño,80,9.649971411959692e-05
1332,numerosa,80,9.649971411959692e-05
1333,lugones,79,9.529346769310196e-05
1334,escena,78,9.4087221266607e-05
1335,parrilla,78,9.4087221266607e-05
1336,rompí,77,9.288097484011204e-05
1337,freno,77,9.288097484011204e-05
1338,pensó,77,9.288097484011204e-05
1339,interior,76,9.167472841361708e-05
1340,domingos,76,9.167472841361708e-05
1341,delante,76,9.167472841361708e-05
1342,endureciendo,75,9.046848198712212e-05
1343,amarilla,75,9.046848198712212e-05
1344,cine,75,9.046848198712212e-05
1345,alegre,74,8.926223556062716e-05
1346,premoniciones,74,8.926223556062716e-05
1347,perdón,74,8.926223556062716e-05
1348,preguntarle,74,8.926223556062716e-05
1349,eximió,74,8.926223556062716e-05
1350,candidato,74,8.926223556062716e-05
1351,dormían,73,8.80559891341322e-05
1352,partículas,73,8.80559891341322e-05
1353,rubia,72,8.684974270763723e-05
1354,angelical,72,8.684974270763723e-05
1355,casó,72,8.684974270763723e-05
1356,civil,72,8.684974270763723e-05
1357,ruta,72,8.684974270763723e-05
1358,chispas,72,8.684974270763723e-05
1359,sentían,72,8.684974270763723e-05
1360,muriera,72,8.684974270763723e-05
1361,correspondía,72,8.684974270763723e-05
1362,encantaba,71,8.564349628114227e-05
1363,aceptó,71,8.564349628114227e-05
1364,domésticos,71,8.564349628114227e-05
1365,reunió,71,8.564349628114227e-05
1366,recorrieron,71,8.564349628114227e-05
1367,mejoraba,70,8.443724985464731e-05
1368,suponía,70,8.443724985464731e-05
1369,cansaron,70,8.443724985464731e-05
1370,fútbol,70,8.443724985464731e-05
1371,lisas,70,8.443724985464731e-05
1372,descendencia,70,8.443724985464731e-05
1373,despertarse,70,8.443724985464731e-05
1374,repatriación,70,8.443724985464731e-05
1375,ruedas,70,8.443724985464731e-05
1376,interactuar,70,8.443724985464731e-05
1377,reliquia,70,8.443724985464731e-05
1378,relación,69,8.323100342815235e-05
1379,atravesar,69,8.323100342815235e-05
1380,estados,69,8.323100342815235e-05
1381,afueras,69,8.323100342815235e-05
1382,historieta,69,8.323100342815235e-05
1383,uruguay,69,8.323100342815235e-05
1384,cremación,69,8.323100342815235e-05
1385,saluda,69,8.323100342815235e-05
1386,da,68,8.202475700165738e-05
1387,lustrosa,68,8.202475700165738e-05
1388,japón,68,8.202475700165738e-05
1389,orden,68,8.202475700165738e-05
1390,sentados,68,8.202475700165738e-05
1391,agujerito,68,8.202475700165738e-05
1392,leerla,68,8.202475700165738e-05
1393,quilombos,68,8.202475700165738e-05
1394,señaló,68,8.202475700165738e-05
1395,pátina,68,8.202475700165738e-05
1396,enciende,68,8.202475700165738e-05
1397,tenso,67,8.081851057516241e-05
1398,señorial,67,8.081851057516241e-05
1399,levántelo,67,8.081851057516241e-05
1400,refiero,67,8.081851057516241e-05
1401,rebotó,67,8.081851057516241e-05
1402,falta,67,8.081851057516241e-05
1403,hirviendo,67,8.081851057516241e-05
1404,encubrir,67,8.081851057516241e-05
1405,pena,67,8.081851057516241e-05
1406,primas,67,8.081851057516241e-05
1407,cortinas,67,8.081851057516241e-05
1408,pantallas,67,8.081851057516241e-05
1409,suciedad,67,8.081851057516241e-05
1410,quitar—,67,8.081851057516241e-05
1411,doblado,67,8.081851057516241e-05
1412,medias,67,8.081851057516241e-05
1413,d,66,7.961226414866745e-05
1414,ademanes,66,7.961226414866745e-05
1415,crítica,66,7.961226414866745e-05
1416,ayudaba,66,7.961226414866745e-05
1417,estatuas,66,7.961226414866745e-05
1418,mármol,66,7.961226414866745e-05
1419,sensación,66,7.961226414866745e-05
1420,atrapada,66,7.961226414866745e-05
1421,nido,66,7.961226414866745e-05
1422,adelgazara,66,7.961226414866745e-05
1423,desproporcionadamente,66,7.961226414866745e-05
1424,imperceptible,66,7.961226414866745e-05
1425,desolador,66,7.961226414866745e-05
1426,automáticamente,66,7.961226414866745e-05
1427,cipolletti,66,7.961226414866745e-05
1428,jornadas,66,7.961226414866745e-05
1429,anhelante,66,7.961226414866745e-05
1430,sucio,66,7.961226414866745e-05
1431,panorama,66,7.961226414866745e-05
1432,complicado,66,7.961226414866745e-05
1433,velorio,66,7.961226414866745e-05
1434,maría,66,7.961226414866745e-05
1435,nietos,66,7.961226414866745e-05
1436,parentela,66,7.961226414866745e-05
1437,araña,66,7.961226414866745e-05
1438,cristal,66,7.961226414866745e-05
1439,corbata,66,7.961226414866745e-05
1440,—como,66,7.961226414866745e-05
1441,acabara,66,7.961226414866745e-05
1442,tchaikovsky,65,7.840601772217249e-05
1443,mozart,65,7.840601772217249e-05
1444,beethoven,65,7.840601772217249e-05
1445,columnas,65,7.840601772217249e-05
1446,encantado,65,7.840601772217249e-05
1447,picadura,65,7.840601772217249e-05
1448,1960,65,7.840601772217249e-05
1449,deambulando,65,7.840601772217249e-05
1450,oficios,65,7.840601772217249e-05
1451,cansado,65,7.840601772217249e-05
1452,caldera,65,7.840601772217249e-05
1453,repisa,65,7.840601772217249e-05
1454,reflejaba,65,7.840601772217249e-05
1455,unidos,65,7.840601772217249e-05
1456,regimiento,65,7.840601772217249e-05
1457,sobresaltada,65,7.840601772217249e-05
1458,dilucidar,65,7.840601772217249e-05
1459,deseaba,65,7.840601772217249e-05
1460,poste,65,7.840601772217249e-05
1461,once,65,7.840601772217249e-05
1462,primeras,65,7.840601772217249e-05
1463,transpiración,65,7.840601772217249e-05
1464,llamaban,65,7.840601772217249e-05
1465,medidas,65,7.840601772217249e-05
1466,urgentes,65,7.840601772217249e-05
1467,laura,65,7.840601772217249e-05
1468,síncope,65,7.840601772217249e-05
1469,molestarse,65,7.840601772217249e-05
1470,ciertos,65,7.840601772217249e-05
1471,desapareció,65,7.840601772217249e-05
1472,lejanas,65,7.840601772217249e-05
1473,mandado,65,7.840601772217249e-05
1474,flautista,64,7.719977129567753e-05
1475,enloquecido,64,7.719977129567753e-05
1476,enormes,64,7.719977129567753e-05
1477,palacio,64,7.719977129567753e-05
1478,enfermedad,64,7.719977129567753e-05
1479,deshacer,64,7.719977129567753e-05
1480,historias,64,7.719977129567753e-05
1481,seguridad,64,7.719977129567753e-05
1482,oscuro,64,7.719977129567753e-05
1483,existido,64,7.719977129567753e-05
1484,sumado,64,7.719977129567753e-05
1485,atardecer,64,7.719977129567753e-05
1486,menciona,64,7.719977129567753e-05
1487,digestión,64,7.719977129567753e-05
1488,obsesión,64,7.719977129567753e-05
1489,intento,64,7.719977129567753e-05
1490,agonizaba,64,7.719977129567753e-05
1491,bermuda,64,7.719977129567753e-05
1492,rueda,64,7.719977129567753e-05
1493,pegaban,64,7.719977129567753e-05
1494,fastuoso,64,7.719977129567753e-05
1495,humaredas,64,7.719977129567753e-05
1496,arrasado,64,7.719977129567753e-05
1497,presión,64,7.719977129567753e-05
1498,atentos,64,7.719977129567753e-05
1499,ejemplares,64,7.719977129567753e-05
1500,viuda,64,7.719977129567753e-05
1501,informó,64,7.719977129567753e-05
1502,respiratorios,64,7.719977129567753e-05
1503,preguntaba,64,7.719977129567753e-05
1504,despertarla,64,7.719977129567753e-05
1505,umbral,64,7.719977129567753e-05
1506,excusa,64,7.719977129567753e-05
1507,—sin,64,7.719977129567753e-05
1508,ganó,64,7.719977129567753e-05
1509,viva—,64,7.719977129567753e-05
1510,planta,64,7.719977129567753e-05
1511,cerrada,64,7.719977129567753e-05
1512,cerradura,64,7.719977129567753e-05
1513,costra,64,7.719977129567753e-05
1514,televisor,64,7.719977129567753e-05
1515,dejara,63,7.599352486918257e-05
1516,intranquilo,63,7.599352486918257e-05
1517,vacías,63,7.599352486918257e-05
1518,ligero,63,7.599352486918257e-05
1519,impedido,63,7.599352486918257e-05
1520,secundario,63,7.599352486918257e-05
1521,negué,63,7.599352486918257e-05
1522,manuales,63,7.599352486918257e-05
1523,nocturno,63,7.599352486918257e-05
1524,oficina,63,7.599352486918257e-05
1525,salí,63,7.599352486918257e-05
1526,apunté,63,7.599352486918257e-05
1527,guardan,63,7.599352486918257e-05
1528,consumido,63,7.599352486918257e-05
1529,tercio,63,7.599352486918257e-05
1530,deambulaba,63,7.599352486918257e-05
1531,piel,63,7.599352486918257e-05
1532,amanecer,63,7.599352486918257e-05
1533,woody,63,7.599352486918257e-05
1534,escucho,63,7.599352486918257e-05
1535,apocalipsis,63,7.599352486918257e-05
1536,san,63,7.599352486918257e-05
1537,juan,63,7.599352486918257e-05
1538,sistema,63,7.599352486918257e-05
1539,nervioso,63,7.599352486918257e-05
1540,adolescentes—,63,7.599352486918257e-05
1541,presintiera,63,7.599352486918257e-05
1542,carpetas,63,7.599352486918257e-05
1543,guardado,63,7.599352486918257e-05
1544,até,63,7.599352486918257e-05
1545,banco,63,7.599352486918257e-05
1546,desvalido,63,7.599352486918257e-05
1547,absoluta,63,7.599352486918257e-05
1548,échelos,63,7.599352486918257e-05
1549,suéltenme,63,7.599352486918257e-05
1550,notó,63,7.599352486918257e-05
1551,vulgarmente,63,7.599352486918257e-05
1552,espantosos,63,7.599352486918257e-05
1553,disgustos,63,7.599352486918257e-05
1554,nación,63,7.599352486918257e-05
1555,necrológicas,63,7.599352486918257e-05
1556,coartada,63,7.599352486918257e-05
1557,floja,63,7.599352486918257e-05
1558,sobrinos,63,7.599352486918257e-05
1559,lecho,63,7.599352486918257e-05
1560,modorra,63,7.599352486918257e-05
1561,recuperando,63,7.599352486918257e-05
1562,conclusión,63,7.599352486918257e-05
1563,escondidas,63,7.599352486918257e-05
1564,descubriera,63,7.599352486918257e-05
1565,pensara,63,7.599352486918257e-05
1566,pedirlos—,63,7.599352486918257e-05
1567,conoció,63,7.599352486918257e-05
1568,obras,63,7.599352486918257e-05
1569,organizar,63,7.599352486918257e-05
1570,canosa,63,7.599352486918257e-05
1571,pagaba,63,7.599352486918257e-05
1572,—la,63,7.599352486918257e-05
1573,museo,63,7.599352486918257e-05
1574,mugre,63,7.599352486918257e-05
1575,depresión,63,7.599352486918257e-05
1576,preguntaron,63,7.599352486918257e-05
1577,mira,63,7.599352486918257e-05
1578,observa,63,7.599352486918257e-05
1579,campante,62,7.478727844268761e-05
1580,rápidamente,62,7.478727844268761e-05
1581,caminaba,62,7.478727844268761e-05
1582,gripe,62,7.478727844268761e-05
1583,alargó,62,7.478727844268761e-05
1584,cesar,62,7.478727844268761e-05
1585,rumor,62,7.478727844268761e-05
1586,vacía,62,7.478727844268761e-05
1587,horrorizada,62,7.478727844268761e-05
1588,inflado,62,7.478727844268761e-05
1589,fantasmas,62,7.478727844268761e-05
1590,hippie,62,7.478727844268761e-05
1591,changas,62,7.478727844268761e-05
1592,practicado,62,7.478727844268761e-05
1593,tropa,62,7.478727844268761e-05
1594,dura,62,7.478727844268761e-05
1595,indiscutible,62,7.478727844268761e-05
1596,ferracioli,62,7.478727844268761e-05
1597,deportes,62,7.478727844268761e-05
1598,transformó,62,7.478727844268761e-05
1599,infiel,62,7.478727844268761e-05
1600,piolín,62,7.478727844268761e-05
1601,descontrolada,62,7.478727844268761e-05
1602,tremendas,62,7.478727844268761e-05
1603,bandeja,62,7.478727844268761e-05
1604,atacaba,62,7.478727844268761e-05
1605,víctimas,62,7.478727844268761e-05
1606,operación,62,7.478727844268761e-05
1607,prolongada,62,7.478727844268761e-05
1608,poniendo,62,7.478727844268761e-05
1609,quebrado,62,7.478727844268761e-05
1610,llevada,62,7.478727844268761e-05
1611,invitada,62,7.478727844268761e-05
1612,diplomática,62,7.478727844268761e-05
1613,desubicado,62,7.478727844268761e-05
1614,próximo,62,7.478727844268761e-05
1615,edificio,62,7.478727844268761e-05
1616,recibía,62,7.478727844268761e-05
1617,suicidarse,62,7.478727844268761e-05
1618,obra,62,7.478727844268761e-05
1619,perder,62,7.478727844268761e-05
1620,dejada,62,7.478727844268761e-05
1621,dormido,62,7.478727844268761e-05
1622,levanta,62,7.478727844268761e-05
1623,casadas,61,7.358103201619265e-05
1624,prueba,61,7.358103201619265e-05
1625,demostrarlo,61,7.358103201619265e-05
1626,hilar,61,7.358103201619265e-05
1627,oveja,61,7.358103201619265e-05
1628,pasemos,61,7.358103201619265e-05
1629,esposo,61,7.358103201619265e-05
1630,parlantes,61,7.358103201619265e-05
1631,bizet,61,7.358103201619265e-05
1632,amílcar,61,7.358103201619265e-05
1633,obligaciones,61,7.358103201619265e-05
1634,frutales,61,7.358103201619265e-05
1635,deliró,61,7.358103201619265e-05
1636,monótono,61,7.358103201619265e-05
1637,señor,61,7.358103201619265e-05
1638,hueco,61,7.358103201619265e-05
1639,pesaba,61,7.358103201619265e-05
1640,filoso,61,7.358103201619265e-05
1641,estudiantiles,61,7.358103201619265e-05
1642,guardia,61,7.358103201619265e-05
1643,juventud,61,7.358103201619265e-05
1644,saldría,61,7.358103201619265e-05
1645,soplaba,61,7.358103201619265e-05
1646,estampaba,61,7.358103201619265e-05
1647,cafetería,61,7.358103201619265e-05
1648,haberlo,61,7.358103201619265e-05
1649,resbaló,61,7.358103201619265e-05
1650,nocaut,61,7.358103201619265e-05
1651,armar,61,7.358103201619265e-05
1652,veinte,61,7.358103201619265e-05
1653,—con,61,7.358103201619265e-05
1654,cuestas—,61,7.358103201619265e-05
1655,apoyado,61,7.358103201619265e-05
1656,sacudido,61,7.358103201619265e-05
1657,mansión,61,7.358103201619265e-05
1658,sirvientes,61,7.358103201619265e-05
1659,juerga,61,7.358103201619265e-05
1660,carbonizadas,61,7.358103201619265e-05
1661,replegó,61,7.358103201619265e-05
1662,fortificado,61,7.358103201619265e-05
1663,fantasmagóricas,61,7.358103201619265e-05
1664,asquerosa,61,7.358103201619265e-05
1665,esconder,61,7.358103201619265e-05
1666,previendo,61,7.358103201619265e-05
1667,desagradables,61,7.358103201619265e-05
1668,urgencia,61,7.358103201619265e-05
1669,manuela,61,7.358103201619265e-05
1670,olavarría,61,7.358103201619265e-05
1671,chacarita,61,7.358103201619265e-05
1672,venir,61,7.358103201619265e-05
1673,frontera,61,7.358103201619265e-05
1674,asintió,61,7.358103201619265e-05
1675,continuaban,61,7.358103201619265e-05
1676,cordura,61,7.358103201619265e-05
1677,puntual,61,7.358103201619265e-05
1678,prohibido,61,7.358103201619265e-05
1679,agujero,61,7.358103201619265e-05
1680,gran,61,7.358103201619265e-05
1681,pretendiente,61,7.358103201619265e-05
1682,creen,61,7.358103201619265e-05
1683,huidizo,61,7.358103201619265e-05
1684,cerró,61,7.358103201619265e-05
1685,ocuparon,61,7.358103201619265e-05
1686,abriera,61,7.358103201619265e-05
1687,forzó,61,7.358103201619265e-05
1688,tapada,61,7.358103201619265e-05
1689,pensará,61,7.358103201619265e-05
1690,verse,61,7.358103201619265e-05
1691,paciencia,60,7.237478558969769e-05
1692,imaginaria,60,7.237478558969769e-05
1693,melodías,60,7.237478558969769e-05
1694,aburridísimo,60,7.237478558969769e-05
1695,supremacía,60,7.237478558969769e-05
1696,relajaba,60,7.237478558969769e-05
1697,contuvo,60,7.237478558969769e-05
1698,mareada,60,7.237478558969769e-05
1699,llámeme,60,7.237478558969769e-05
1700,amanecía,60,7.237478558969769e-05
1701,delirio,60,7.237478558969769e-05
1702,cortó,60,7.237478558969769e-05
1703,viviente,60,7.237478558969769e-05
1704,movimiento,60,7.237478558969769e-05
1705,vertiginosa,60,7.237478558969769e-05
1706,secundaria,60,7.237478558969769e-05
1707,discos,60,7.237478558969769e-05
1708,sala,60,7.237478558969769e-05
1709,biblioteca,60,7.237478558969769e-05
1710,confiado,60,7.237478558969769e-05
1711,corría,60,7.237478558969769e-05
1712,opuesto,60,7.237478558969769e-05
1713,tormenta,60,7.237478558969769e-05
1714,—eso,60,7.237478558969769e-05
1715,parecía—,60,7.237478558969769e-05
1716,cubierto,60,7.237478558969769e-05
1717,últimas,60,7.237478558969769e-05
1718,debió,60,7.237478558969769e-05
1719,masacre,60,7.237478558969769e-05
1720,caballos,60,7.237478558969769e-05
1721,oficiales,60,7.237478558969769e-05
1722,heridos,60,7.237478558969769e-05
1723,suplicaban,60,7.237478558969769e-05
1724,gemía,60,7.237478558969769e-05
1725,botiquines,60,7.237478558969769e-05
1726,arranquemos,60,7.237478558969769e-05
1727,divino,60,7.237478558969769e-05
1728,escuchamos,60,7.237478558969769e-05
1729,apestado,60,7.237478558969769e-05
1730,antropocéntricos,60,7.237478558969769e-05
1731,sentimientos,60,7.237478558969769e-05
1732,embarrar,60,7.237478558969769e-05
1733,pesadillas,60,7.237478558969769e-05
1734,observando,60,7.237478558969769e-05
1735,saborear,60,7.237478558969769e-05
1736,nesquick,60,7.237478558969769e-05
1737,tostadas,60,7.237478558969769e-05
1738,rápido,60,7.237478558969769e-05
1739,hermanos,60,7.237478558969769e-05
1740,cuidado,60,7.237478558969769e-05
1741,mesada,60,7.237478558969769e-05
1742,pegados,60,7.237478558969769e-05
1743,brazos,60,7.237478558969769e-05
1744,bañado,60,7.237478558969769e-05
1745,sorpresivamente,60,7.237478558969769e-05
1746,arenal,60,7.237478558969769e-05
1747,ubicado,60,7.237478558969769e-05
1748,provocado,60,7.237478558969769e-05
1749,carrasperas,60,7.237478558969769e-05
1750,gustoso,60,7.237478558969769e-05
1751,sirviera,60,7.237478558969769e-05
1752,ponerle,60,7.237478558969769e-05
1753,respondía,60,7.237478558969769e-05
1754,recaídas,60,7.237478558969769e-05
1755,valle,60,7.237478558969769e-05
1756,vacaciones,60,7.237478558969769e-05
1757,cruzaban,60,7.237478558969769e-05
1758,desganada,60,7.237478558969769e-05
1759,esporádicas,60,7.237478558969769e-05
1760,exclamó,60,7.237478558969769e-05
1761,ay,60,7.237478558969769e-05
1762,alimentarse,60,7.237478558969769e-05
1763,agente,60,7.237478558969769e-05
1764,encarcelar,60,7.237478558969769e-05
1765,anteojos,60,7.237478558969769e-05
1766,limosna,60,7.237478558969769e-05
1767,arsénico,60,7.237478558969769e-05
1768,andaba,60,7.237478558969769e-05
1769,diciendo,60,7.237478558969769e-05
1770,bares,60,7.237478558969769e-05
1771,dicho,60,7.237478558969769e-05
1772,trajes,60,7.237478558969769e-05
1773,pedirle,60,7.237478558969769e-05
1774,completaba,60,7.237478558969769e-05
1775,policías,60,7.237478558969769e-05
1776,zaguán,60,7.237478558969769e-05
1777,compra,60,7.237478558969769e-05
1778,búsqueda,60,7.237478558969769e-05
1779,querido,60,7.237478558969769e-05
1780,trenzaron,59,7.116853916320273e-05
1781,pondrían,59,7.116853916320273e-05
1782,parado,59,7.116853916320273e-05
1783,caminando,59,7.116853916320273e-05
1784,volvía,59,7.116853916320273e-05
1785,marías,59,7.116853916320273e-05
1786,carmen,59,7.116853916320273e-05
1787,británico,59,7.116853916320273e-05
1788,campinas−,59,7.116853916320273e-05
1789,posverdad,59,7.116853916320273e-05
1790,otoño,59,7.116853916320273e-05
1791,ternura,59,7.116853916320273e-05
1792,ordenó,59,7.116853916320273e-05
1793,descanso,59,7.116853916320273e-05
1794,anemia,59,7.116853916320273e-05
1795,aguda,59,7.116853916320273e-05
1796,arrastraban,59,7.116853916320273e-05
1797,peludas,59,7.116853916320273e-05
1798,caído,59,7.116853916320273e-05
1799,tuve,59,7.116853916320273e-05
1800,jugaba,59,7.116853916320273e-05
1801,básquet,59,7.116853916320273e-05
1802,cumplía,59,7.116853916320273e-05
1803,recorrida,59,7.116853916320273e-05
1804,violencia,59,7.116853916320273e-05
1805,creí,59,7.116853916320273e-05
1806,puesto,59,7.116853916320273e-05
1807,alumbraba,59,7.116853916320273e-05
1808,quedamos,59,7.116853916320273e-05
1809,soplando,59,7.116853916320273e-05
1810,odiaba,59,7.116853916320273e-05
1811,agarrando,59,7.116853916320273e-05
1812,rodeados,59,7.116853916320273e-05
1813,elementos,59,7.116853916320273e-05
1814,generan,59,7.116853916320273e-05
1815,básicamente,59,7.116853916320273e-05
1816,aceptarlo,59,7.116853916320273e-05
1817,canta,59,7.116853916320273e-05
1818,convencida,59,7.116853916320273e-05
1819,pisarla,59,7.116853916320273e-05
1820,oportunidades,59,7.116853916320273e-05
1821,fracasaba,59,7.116853916320273e-05
1822,patadas,59,7.116853916320273e-05
1823,atrevido,59,7.116853916320273e-05
1824,costaba,59,7.116853916320273e-05
1825,furia,59,7.116853916320273e-05
1826,desesperanza,59,7.116853916320273e-05
1827,entristecían,59,7.116853916320273e-05
1828,pertenecían,59,7.116853916320273e-05
1829,señora,59,7.116853916320273e-05
1830,franco,59,7.116853916320273e-05
1831,arrancaron,59,7.116853916320273e-05
1832,chirriaba,59,7.116853916320273e-05
1833,pis,59,7.116853916320273e-05
1834,follaje,59,7.116853916320273e-05
1835,carbonizado,59,7.116853916320273e-05
1836,entendía,59,7.116853916320273e-05
1837,carbonizados,59,7.116853916320273e-05
1838,idéntica,59,7.116853916320273e-05
1839,desfile,59,7.116853916320273e-05
1840,provocaba,59,7.116853916320273e-05
1841,pómulo,59,7.116853916320273e-05
1842,hundido,59,7.116853916320273e-05
1843,topara,59,7.116853916320273e-05
1844,dato,59,7.116853916320273e-05
1845,sonriera,59,7.116853916320273e-05
1846,suegra,59,7.116853916320273e-05
1847,inventar,59,7.116853916320273e-05
1848,contexto,59,7.116853916320273e-05
1849,alimentaba,59,7.116853916320273e-05
1850,intercambio,59,7.116853916320273e-05
1851,acompañando,59,7.116853916320273e-05
1852,mejoras,59,7.116853916320273e-05
1853,aceptaba,59,7.116853916320273e-05
1854,complicaran,59,7.116853916320273e-05
1855,velada,59,7.116853916320273e-05
1856,redoblar,59,7.116853916320273e-05
1857,mentiras,59,7.116853916320273e-05
1858,tensión,59,7.116853916320273e-05
1859,remedios,59,7.116853916320273e-05
1860,descansar,59,7.116853916320273e-05
1861,enterraron,59,7.116853916320273e-05
1862,festejo,59,7.116853916320273e-05
1863,especial,59,7.116853916320273e-05
1864,abandonado,59,7.116853916320273e-05
1865,ladrarle,59,7.116853916320273e-05
1866,grano,59,7.116853916320273e-05
1867,encontraron,59,7.116853916320273e-05
1868,tradicional,59,7.116853916320273e-05
1869,aprobado,59,7.116853916320273e-05
1870,consternados,59,7.116853916320273e-05
1871,entienden,59,7.116853916320273e-05
1872,despedida,59,7.116853916320273e-05
1873,tocarle,59,7.116853916320273e-05
1874,asistencia,59,7.116853916320273e-05
1875,cubría,59,7.116853916320273e-05
1876,restos,59,7.116853916320273e-05
1877,yacía,59,7.116853916320273e-05
1878,chistes,59,7.116853916320273e-05
1879,preguntará,59,7.116853916320273e-05
1880,intención,59,7.116853916320273e-05
1881,clara,59,7.116853916320273e-05
1882,retrocede,59,7.116853916320273e-05
1883,paga,59,7.116853916320273e-05
1884,tortura,59,7.116853916320273e-05
1885,paradero,59,7.116853916320273e-05
1886,rueca,58,6.996229273670776e-05
1887,avisar,58,6.996229273670776e-05
1888,regular,58,6.996229273670776e-05
1889,vestimenta,58,6.996229273670776e-05
1890,−desde,58,6.996229273670776e-05
1891,mejilla,58,6.996229273670776e-05
1892,abrazó,58,6.996229273670776e-05
1893,pálida,58,6.996229273670776e-05
1894,calma,58,6.996229273670776e-05
1895,fiebre,58,6.996229273670776e-05
1896,consultó,58,6.996229273670776e-05
1897,inexplicable,58,6.996229273670776e-05
1898,demacrada,58,6.996229273670776e-05
1899,tocaran,58,6.996229273670776e-05
1900,arreglaran,58,6.996229273670776e-05
1901,horribles,58,6.996229273670776e-05
1902,comedor,58,6.996229273670776e-05
1903,moviendo,58,6.996229273670776e-05
1904,sigilosamente,58,6.996229273670776e-05
1905,succión,58,6.996229273670776e-05
1906,viví,58,6.996229273670776e-05
1907,experiencias,58,6.996229273670776e-05
1908,diecinueve,58,6.996229273670776e-05
1909,invencible,58,6.996229273670776e-05
1910,defensa,58,6.996229273670776e-05
1911,ruido—,58,6.996229273670776e-05
1912,húmedo,58,6.996229273670776e-05
1913,pitadas,58,6.996229273670776e-05
1914,notar,58,6.996229273670776e-05
1915,mirándonos,58,6.996229273670776e-05
1916,limpiar,58,6.996229273670776e-05
1917,lío,58,6.996229273670776e-05
1918,llevarlos,58,6.996229273670776e-05
1919,alistado,58,6.996229273670776e-05
1920,encogió,58,6.996229273670776e-05
1921,precisa,58,6.996229273670776e-05
1922,médanos,58,6.996229273670776e-05
1923,subversiva,58,6.996229273670776e-05
1924,interminable,58,6.996229273670776e-05
1925,desnudar,58,6.996229273670776e-05
1926,backstage,58,6.996229273670776e-05
1927,liberarlo,58,6.996229273670776e-05
1928,psiquiátrico,58,6.996229273670776e-05
1929,vinieron,58,6.996229273670776e-05
1930,yendo,58,6.996229273670776e-05
1931,descuidos,58,6.996229273670776e-05
1932,culo,58,6.996229273670776e-05
1933,bilbao,58,6.996229273670776e-05
1934,extinguía,58,6.996229273670776e-05
1935,optimista,58,6.996229273670776e-05
1936,esquina,58,6.996229273670776e-05
1937,girar,58,6.996229273670776e-05
1938,desandar,58,6.996229273670776e-05
1939,tibio,58,6.996229273670776e-05
1940,esperanza,58,6.996229273670776e-05
1941,desearon,58,6.996229273670776e-05
1942,radiante,58,6.996229273670776e-05
1943,hombros,58,6.996229273670776e-05
1944,intentó,58,6.996229273670776e-05
1945,relajarse,58,6.996229273670776e-05
1946,recuperó,58,6.996229273670776e-05
1947,ritmo,58,6.996229273670776e-05
1948,juntar,58,6.996229273670776e-05
1949,borrachera,58,6.996229273670776e-05
1950,pared,58,6.996229273670776e-05
1951,horrorizado,58,6.996229273670776e-05
1952,repleto,58,6.996229273670776e-05
1953,servidumbre,58,6.996229273670776e-05
1954,envenenado,58,6.996229273670776e-05
1955,terminaría,58,6.996229273670776e-05
1956,bulto,58,6.996229273670776e-05
1957,pintaba,58,6.996229273670776e-05
1958,circulaban,58,6.996229273670776e-05
1959,cambios,58,6.996229273670776e-05
1960,volvían,58,6.996229273670776e-05
1961,conocieron,58,6.996229273670776e-05
1962,arreglarse,58,6.996229273670776e-05
1963,desgraciados,58,6.996229273670776e-05
1964,dijera,58,6.996229273670776e-05
1965,juntando,58,6.996229273670776e-05
1966,supuestamente,58,6.996229273670776e-05
1967,ricos,58,6.996229273670776e-05
1968,ananás,58,6.996229273670776e-05
1969,cansarse,58,6.996229273670776e-05
1970,postergar,58,6.996229273670776e-05
1971,conflicto,58,6.996229273670776e-05
1972,diplomático,58,6.996229273670776e-05
1973,cansancio,58,6.996229273670776e-05
1974,venga,58,6.996229273670776e-05
1975,sobrino,58,6.996229273670776e-05
1976,cariño,58,6.996229273670776e-05
1977,otras,58,6.996229273670776e-05
1978,trataron,58,6.996229273670776e-05
1979,danzante,58,6.996229273670776e-05
1980,sombrero,58,6.996229273670776e-05
1981,marco,58,6.996229273670776e-05
1982,turquesa,58,6.996229273670776e-05
1983,extraordinario,58,6.996229273670776e-05
1984,ladraba,58,6.996229273670776e-05
1985,novio,58,6.996229273670776e-05
1986,pensaron,58,6.996229273670776e-05
1987,planear,58,6.996229273670776e-05
1988,visitarla,58,6.996229273670776e-05
1989,pisar,58,6.996229273670776e-05
1990,funcionarios,58,6.996229273670776e-05
1991,desconcertar,58,6.996229273670776e-05
1992,espiar,58,6.996229273670776e-05
1993,despide,58,6.996229273670776e-05
1994,espantado,58,6.996229273670776e-05
1995,blanqueó,58,6.996229273670776e-05
1996,alquiler,58,6.996229273670776e-05
1997,pasan,58,6.996229273670776e-05
1998,preocupa,58,6.996229273670776e-05
1999,llora,58,6.996229273670776e-05
2000,loco,58,6.996229273670776e-05
2001,silueta,58,6.996229273670776e-05
2002,disputa,57,6.87560463102128e-05
2003,loca,57,6.87560463102128e-05
2004,técnica,57,6.87560463102128e-05
2005,siguieran,57,6.87560463102128e-05
2006,suspendió,57,6.87560463102128e-05
2007,escaleras,57,6.87560463102128e-05
2008,grupo,57,6.87560463102128e-05
2009,ejecutar,57,6.87560463102128e-05
2010,salimos,57,6.87560463102128e-05
2011,ilumina,57,6.87560463102128e-05
2012,político,57,6.87560463102128e-05
2013,porteño,57,6.87560463102128e-05
2014,clases,57,6.87560463102128e-05
2015,guadalupe,57,6.87560463102128e-05
2016,bucear,57,6.87560463102128e-05
2017,vómitos,57,6.87560463102128e-05
2018,pegado,57,6.87560463102128e-05
2019,escapaba,57,6.87560463102128e-05
2020,monstruos,57,6.87560463102128e-05
2021,trepaban,57,6.87560463102128e-05
2022,anidan,57,6.87560463102128e-05
2023,introducido,57,6.87560463102128e-05
2024,chupándole,57,6.87560463102128e-05
2025,marcó,57,6.87560463102128e-05
2026,honrada,57,6.87560463102128e-05
2027,leía,57,6.87560463102128e-05
2028,traba,57,6.87560463102128e-05
2029,novedades,57,6.87560463102128e-05
2030,—que,57,6.87560463102128e-05
2031,pasillo—,57,6.87560463102128e-05
2032,caso,57,6.87560463102128e-05
2033,aspiraba,57,6.87560463102128e-05
2034,quedé,57,6.87560463102128e-05
2035,parados,57,6.87560463102128e-05
2036,inmóviles,57,6.87560463102128e-05
2037,movió,57,6.87560463102128e-05
2038,armé,57,6.87560463102128e-05
2039,muriendo,57,6.87560463102128e-05
2040,desangrados,57,6.87560463102128e-05
2041,tienda,57,6.87560463102128e-05
2042,sargento,57,6.87560463102128e-05
2043,tendió,57,6.87560463102128e-05
2044,temblaba,57,6.87560463102128e-05
2045,traían,57,6.87560463102128e-05
2046,increíbles,57,6.87560463102128e-05
2047,empalagosa,57,6.87560463102128e-05
2048,clásico,57,6.87560463102128e-05
2049,negar,57,6.87560463102128e-05
2050,buscara,57,6.87560463102128e-05
2051,componentes,57,6.87560463102128e-05
2052,alegres,57,6.87560463102128e-05
2053,leyendo,57,6.87560463102128e-05
2054,brillo,57,6.87560463102128e-05
2055,homeópatas,57,6.87560463102128e-05
2056,parapsicólogos,57,6.87560463102128e-05
2057,verdadero,57,6.87560463102128e-05
2058,atacó,57,6.87560463102128e-05
2059,penetrado,57,6.87560463102128e-05
2060,madera,57,6.87560463102128e-05
2061,solos,57,6.87560463102128e-05
2062,tentación,57,6.87560463102128e-05
2063,importó,57,6.87560463102128e-05
2064,viniendo,57,6.87560463102128e-05
2065,sintiendo,57,6.87560463102128e-05
2066,flexionaría,57,6.87560463102128e-05
2067,abedules,57,6.87560463102128e-05
2068,sudor,57,6.87560463102128e-05
2069,acarició,57,6.87560463102128e-05
2070,cosquilleo,57,6.87560463102128e-05
2071,casados,57,6.87560463102128e-05
2072,examinó,57,6.87560463102128e-05
2073,aterradora,57,6.87560463102128e-05
2074,almuerzo,57,6.87560463102128e-05
2075,miraban,57,6.87560463102128e-05
2076,desangrándose,57,6.87560463102128e-05
2077,alzó,57,6.87560463102128e-05
2078,tardecita,57,6.87560463102128e-05
2079,hermanita,57,6.87560463102128e-05
2080,entera,57,6.87560463102128e-05
2081,carne,57,6.87560463102128e-05
2082,chispa,57,6.87560463102128e-05
2083,enmudecido,57,6.87560463102128e-05
2084,sonaron,57,6.87560463102128e-05
2085,campanas,57,6.87560463102128e-05
2086,granos,57,6.87560463102128e-05
2087,vaho,57,6.87560463102128e-05
2088,envolvió,57,6.87560463102128e-05
2089,manta,57,6.87560463102128e-05
2090,tapó,57,6.87560463102128e-05
2091,retorcían,57,6.87560463102128e-05
2092,derrumbaban,57,6.87560463102128e-05
2093,frita,57,6.87560463102128e-05
2094,inmensa,57,6.87560463102128e-05
2095,ruina,57,6.87560463102128e-05
2096,desolación,57,6.87560463102128e-05
2097,vagaba,57,6.87560463102128e-05
2098,ruinas,57,6.87560463102128e-05
2099,limpio,57,6.87560463102128e-05
2100,volumen,57,6.87560463102128e-05
2101,callarse,57,6.87560463102128e-05
2102,quemadura,57,6.87560463102128e-05
2103,pantalla,57,6.87560463102128e-05
2104,helados,57,6.87560463102128e-05
2105,hablaron,57,6.87560463102128e-05
2106,caricia,57,6.87560463102128e-05
2107,noticia,57,6.87560463102128e-05
2108,sacudió,57,6.87560463102128e-05
2109,penado,57,6.87560463102128e-05
2110,mentirles,57,6.87560463102128e-05
2111,traficante,57,6.87560463102128e-05
2112,trabajaba,57,6.87560463102128e-05
2113,hablaban,57,6.87560463102128e-05
2114,barco,57,6.87560463102128e-05
2115,recordamos,57,6.87560463102128e-05
2116,lago,57,6.87560463102128e-05
2117,pomposo,57,6.87560463102128e-05
2118,chal,57,6.87560463102128e-05
2119,humillación,57,6.87560463102128e-05
2120,traficantes,57,6.87560463102128e-05
2121,cabizbaja,57,6.87560463102128e-05
2122,encargó,57,6.87560463102128e-05
2123,inspector,57,6.87560463102128e-05
2124,invitara,57,6.87560463102128e-05
2125,realizaba,57,6.87560463102128e-05
2126,porfiado,57,6.87560463102128e-05
2127,raros,57,6.87560463102128e-05
2128,acompaña,57,6.87560463102128e-05
2129,preocupación,57,6.87560463102128e-05
2130,aleja,57,6.87560463102128e-05
2131,bisagra,57,6.87560463102128e-05
2132,aparecer,57,6.87560463102128e-05
2133,queriendo,57,6.87560463102128e-05
2134,cruzan,57,6.87560463102128e-05
2135,engordó,57,6.87560463102128e-05
2136,penumbra,57,6.87560463102128e-05
2137,ponerse,56,6.754979988371784e-05
2138,maniobra,56,6.754979988371784e-05
2139,pasarse,56,6.754979988371784e-05
2140,sonrió,56,6.754979988371784e-05
2141,perceptible,56,6.754979988371784e-05
2142,desplegó,56,6.754979988371784e-05
2143,divertía,56,6.754979988371784e-05
2144,tejido,56,6.754979988371784e-05
2145,envolviendo,56,6.754979988371784e-05
2146,convenció,56,6.754979988371784e-05
2147,creyó,56,6.754979988371784e-05
2148,re-lleno,56,6.754979988371784e-05
2149,empanada,56,6.754979988371784e-05
2150,metrovías,56,6.754979988371784e-05
2151,reojo,56,6.754979988371784e-05
2152,molestia,56,6.754979988371784e-05
2153,aventura,56,6.754979988371784e-05
2154,traseros,56,6.754979988371784e-05
2155,adolescencia,56,6.754979988371784e-05
2156,balvanera,56,6.754979988371784e-05
2157,nogués,56,6.754979988371784e-05
2158,montañas,56,6.754979988371784e-05
2159,adquirir,56,6.754979988371784e-05
2160,absoluto,56,6.754979988371784e-05
2161,diagnosticaron,56,6.754979988371784e-05
2162,mover,56,6.754979988371784e-05
2163,auge,56,6.754979988371784e-05
2164,rechinar,56,6.754979988371784e-05
2165,agarré,56,6.754979988371784e-05
2166,suspiré,56,6.754979988371784e-05
2167,mío,56,6.754979988371784e-05
2168,cuantas,56,6.754979988371784e-05
2169,valor,56,6.754979988371784e-05
2170,solté,56,6.754979988371784e-05
2171,corrí,56,6.754979988371784e-05
2172,trabé,56,6.754979988371784e-05
2173,metí,56,6.754979988371784e-05
2174,continuó,56,6.754979988371784e-05
2175,viniera,56,6.754979988371784e-05
2176,escuchar,56,6.754979988371784e-05
2177,quejas,56,6.754979988371784e-05
2178,herida,56,6.754979988371784e-05
2179,arrodilló,56,6.754979988371784e-05
2180,fuerzas,56,6.754979988371784e-05
2181,hundió,56,6.754979988371784e-05
2182,sucesos,56,6.754979988371784e-05
2183,cotidianos,56,6.754979988371784e-05
2184,encanta,56,6.754979988371784e-05
2185,reflexivos,56,6.754979988371784e-05
2186,atrae,56,6.754979988371784e-05
2187,pueda,56,6.754979988371784e-05
2188,mágica,56,6.754979988371784e-05
2189,encontrado,56,6.754979988371784e-05
2190,dinamitar,56,6.754979988371784e-05
2191,afecta,56,6.754979988371784e-05
2192,neurofisiológicos,56,6.754979988371784e-05
2193,buscarlo,56,6.754979988371784e-05
2194,escucharon,56,6.754979988371784e-05
2195,secas,56,6.754979988371784e-05
2196,aliviados,56,6.754979988371784e-05
2197,cambiado,56,6.754979988371784e-05
2198,preocupada,56,6.754979988371784e-05
2199,terapeuta,56,6.754979988371784e-05
2200,distante,56,6.754979988371784e-05
2201,repetición,56,6.754979988371784e-05
2202,producía,56,6.754979988371784e-05
2203,alguno,56,6.754979988371784e-05
2204,precio,56,6.754979988371784e-05
2205,soberana,56,6.754979988371784e-05
2206,cagada,56,6.754979988371784e-05
2207,montarla,56,6.754979988371784e-05
2208,alfajores,56,6.754979988371784e-05
2209,llevaría,56,6.754979988371784e-05
2210,valija,56,6.754979988371784e-05
2211,tripas,56,6.754979988371784e-05
2212,calculando,56,6.754979988371784e-05
2213,repasando,56,6.754979988371784e-05
2214,percibí,56,6.754979988371784e-05
2215,importaba,56,6.754979988371784e-05
2216,maternal,56,6.754979988371784e-05
2217,adelante,56,6.754979988371784e-05
2218,repitió,56,6.754979988371784e-05
2219,idiota,56,6.754979988371784e-05
2220,embarazada,56,6.754979988371784e-05
2221,sucios,56,6.754979988371784e-05
2222,trepar,56,6.754979988371784e-05
2223,animaron,56,6.754979988371784e-05
2224,suyos,56,6.754979988371784e-05
2225,pelotitas,56,6.754979988371784e-05
2226,desconcertado,56,6.754979988371784e-05
2227,vuelto,56,6.754979988371784e-05
2228,celeste,56,6.754979988371784e-05
2229,caballerizas,56,6.754979988371784e-05
2230,reanimado,56,6.754979988371784e-05
2231,rincón,56,6.754979988371784e-05
2232,pertenecía,56,6.754979988371784e-05
2233,histórico,56,6.754979988371784e-05
2234,revolvía,56,6.754979988371784e-05
2235,puerto,56,6.754979988371784e-05
2236,tanque,56,6.754979988371784e-05
2237,campanadas,56,6.754979988371784e-05
2238,cristales,56,6.754979988371784e-05
2239,soledades,56,6.754979988371784e-05
2240,cafés,56,6.754979988371784e-05
2241,justificar,56,6.754979988371784e-05
2242,vestido,56,6.754979988371784e-05
2243,robarles,56,6.754979988371784e-05
2244,daban,56,6.754979988371784e-05
2245,precisiones,56,6.754979988371784e-05
2246,bajaron,56,6.754979988371784e-05
2247,caminaron,56,6.754979988371784e-05
2248,paró,56,6.754979988371784e-05
2249,escuchó,56,6.754979988371784e-05
2250,anillos,56,6.754979988371784e-05
2251,joyero,56,6.754979988371784e-05
2252,social,56,6.754979988371784e-05
2253,denuncia,56,6.754979988371784e-05
2254,animaba,56,6.754979988371784e-05
2255,esperaron,56,6.754979988371784e-05
2256,gestión,56,6.754979988371784e-05
2257,mandaron,56,6.754979988371784e-05
2258,compras,56,6.754979988371784e-05
2259,florería,56,6.754979988371784e-05
2260,camina,56,6.754979988371784e-05
2261,patrullero,56,6.754979988371784e-05
2262,cree,56,6.754979988371784e-05
2263,entiende,56,6.754979988371784e-05
2264,herencia,56,6.754979988371784e-05
2265,decide,56,6.754979988371784e-05
2266,internet,56,6.754979988371784e-05
2267,páginas,56,6.754979988371784e-05
2268,mencionan,56,6.754979988371784e-05
2269,comprueba,56,6.754979988371784e-05
2270,distingue,56,6.754979988371784e-05
2271,cuál,55,6.634355345722288e-05
2272,imbéciles,55,6.634355345722288e-05
2273,usó,55,6.634355345722288e-05
2274,usando,55,6.634355345722288e-05
2275,fina,55,6.634355345722288e-05
2276,hiló,55,6.634355345722288e-05
2277,suficiente,55,6.634355345722288e-05
2278,verla,55,6.634355345722288e-05
2279,depurada,55,6.634355345722288e-05
2280,situación,55,6.634355345722288e-05
2281,esmeró,55,6.634355345722288e-05
2282,cabo,55,6.634355345722288e-05
2283,perfección,55,6.634355345722288e-05
2284,plan,55,6.634355345722288e-05
2285,sentarse,55,6.634355345722288e-05
2286,rogó,55,6.634355345722288e-05
2287,comportando,55,6.634355345722288e-05
2288,velatorio,55,6.634355345722288e-05
2289,estuviese,55,6.634355345722288e-05
2290,competencia,55,6.634355345722288e-05
2291,verbo,55,6.634355345722288e-05
2292,cabeceaban,55,6.634355345722288e-05
2293,concluir,55,6.634355345722288e-05
2294,antigua,55,6.634355345722288e-05
2295,irrumpe,55,6.634355345722288e-05
2296,sospechas,55,6.634355345722288e-05
2297,limitando,55,6.634355345722288e-05
2298,definir,55,6.634355345722288e-05
2299,despidió,55,6.634355345722288e-05
2300,doctor,55,6.634355345722288e-05
2301,entraba,55,6.634355345722288e-05
2302,últimos,55,6.634355345722288e-05
2303,veían,55,6.634355345722288e-05
2304,volaron,55,6.634355345722288e-05
2305,octubre,55,6.634355345722288e-05
2306,carajo,55,6.634355345722288e-05
2307,tocaba,55,6.634355345722288e-05
2308,barbilla,55,6.634355345722288e-05
2309,tomé,55,6.634355345722288e-05
2310,combatientes,55,6.634355345722288e-05
2311,olvidados,55,6.634355345722288e-05
2312,cadáveres,55,6.634355345722288e-05
2313,cercanos,55,6.634355345722288e-05
2314,intestino,55,6.634355345722288e-05
2315,detonación,55,6.634355345722288e-05
2316,recta,55,6.634355345722288e-05
2317,inclinó,55,6.634355345722288e-05
2318,ambas,55,6.634355345722288e-05
2319,agarra,55,6.634355345722288e-05
2320,hipnotizar,55,6.634355345722288e-05
2321,escéptico,55,6.634355345722288e-05
2322,escaparle,55,6.634355345722288e-05
2323,b612,55,6.634355345722288e-05
2324,grinch,55,6.634355345722288e-05
2325,genera,55,6.634355345722288e-05
2326,biblia,55,6.634355345722288e-05
2327,arruinamos,55,6.634355345722288e-05
2328,maravilla,55,6.634355345722288e-05
2329,fenómenos,55,6.634355345722288e-05
2330,entendernos,55,6.634355345722288e-05
2331,contamos,55,6.634355345722288e-05
2332,histeriqueamos,55,6.634355345722288e-05
2333,pisadas,55,6.634355345722288e-05
2334,respiraron,55,6.634355345722288e-05
2335,caminata,55,6.634355345722288e-05
2336,subieron,55,6.634355345722288e-05
2337,pagaron,55,6.634355345722288e-05
2338,propio,55,6.634355345722288e-05
2339,obsesionó,55,6.634355345722288e-05
2340,fumar,55,6.634355345722288e-05
2341,enloqueció,55,6.634355345722288e-05
2342,revista,55,6.634355345722288e-05
2343,raya,55,6.634355345722288e-05
2344,semejante,55,6.634355345722288e-05
2345,osadía,55,6.634355345722288e-05
2346,trompadas,55,6.634355345722288e-05
2347,deslizándome,55,6.634355345722288e-05
2348,barda,55,6.634355345722288e-05
2349,negociar,55,6.634355345722288e-05
2350,daría,55,6.634355345722288e-05
2351,semana,55,6.634355345722288e-05
2352,impunemente,55,6.634355345722288e-05
2353,gritarnos,55,6.634355345722288e-05
2354,ansiado,55,6.634355345722288e-05
2355,explotar,55,6.634355345722288e-05
2356,lograron,55,6.634355345722288e-05
2357,encerramos,55,6.634355345722288e-05
2358,lourdes,55,6.634355345722288e-05
2359,enseñarnos,55,6.634355345722288e-05
2360,meses,55,6.634355345722288e-05
2361,criatura,55,6.634355345722288e-05
2362,saludable,55,6.634355345722288e-05
2363,contagiosa,55,6.634355345722288e-05
2364,renovó,55,6.634355345722288e-05
2365,crecían,55,6.634355345722288e-05
2366,descuidados,55,6.634355345722288e-05
2367,degollado,55,6.634355345722288e-05
2368,saludar,55,6.634355345722288e-05
2369,enfrente,55,6.634355345722288e-05
2370,seguían,55,6.634355345722288e-05
2371,garganta,55,6.634355345722288e-05
2372,avanzaron,55,6.634355345722288e-05
2373,venderlos,55,6.634355345722288e-05
2374,cenar,55,6.634355345722288e-05
2375,disfrutó,55,6.634355345722288e-05
2376,alcohol,55,6.634355345722288e-05
2377,asomó,55,6.634355345722288e-05
2378,rojo,55,6.634355345722288e-05
2379,alquitrán,55,6.634355345722288e-05
2380,barcos,55,6.634355345722288e-05
2381,ardían,55,6.634355345722288e-05
2382,muelles,55,6.634355345722288e-05
2383,catacumbas,55,6.634355345722288e-05
2384,resentimiento,55,6.634355345722288e-05
2385,empezarían,55,6.634355345722288e-05
2386,ortopédicos,55,6.634355345722288e-05
2387,hacinados,55,6.634355345722288e-05
2388,adoraban,55,6.634355345722288e-05
2389,temían,55,6.634355345722288e-05
2390,golpearon,55,6.634355345722288e-05
2391,contados,55,6.634355345722288e-05
2392,daño,55,6.634355345722288e-05
2393,opción,55,6.634355345722288e-05
2394,venderle,55,6.634355345722288e-05
2395,explicó,55,6.634355345722288e-05
2396,destruir,55,6.634355345722288e-05
2397,monos,55,6.634355345722288e-05
2398,domadores,55,6.634355345722288e-05
2399,leones,55,6.634355345722288e-05
2400,aplaudía,55,6.634355345722288e-05
2401,centro,55,6.634355345722288e-05
2402,pista,55,6.634355345722288e-05
2403,bautizar,55,6.634355345722288e-05
2404,bailaba,55,6.634355345722288e-05
2405,mantenerse,55,6.634355345722288e-05
2406,próxima,55,6.634355345722288e-05
2407,función,55,6.634355345722288e-05
2408,molestaba,55,6.634355345722288e-05
2409,ilusionó,55,6.634355345722288e-05
2410,atrevía,55,6.634355345722288e-05
2411,limpiaron,55,6.634355345722288e-05
2412,inmundicia,55,6.634355345722288e-05
2413,acumulado,55,6.634355345722288e-05
2414,manteniendo,55,6.634355345722288e-05
2415,buscaron,55,6.634355345722288e-05
2416,chiste,55,6.634355345722288e-05
2417,bailar,55,6.634355345722288e-05
2418,haciéndose,55,6.634355345722288e-05
2419,ochenta,55,6.634355345722288e-05
2420,acuesta,55,6.634355345722288e-05
2421,arrepiente,55,6.634355345722288e-05
2422,hábitos,55,6.634355345722288e-05
2423,deprimida,55,6.634355345722288e-05
2424,evitarle,55,6.634355345722288e-05
2425,ciber,55,6.634355345722288e-05
2426,congreso,55,6.634355345722288e-05
2427,avanza,55,6.634355345722288e-05
2428,pelear,55,6.634355345722288e-05
2429,miran,55,6.634355345722288e-05
2430,aparta,55,6.634355345722288e-05
2431,corre,55,6.634355345722288e-05
2432,tira,55,6.634355345722288e-05
2433,promete,55,6.634355345722288e-05
2434,empapado,55,6.634355345722288e-05
2435,prendida,55,6.634355345722288e-05
2436,entierran,55,6.634355345722288e-05
2437,maravilló,54,6.513730703072792e-05
2438,según,54,6.513730703072792e-05
2439,hacerle,54,6.513730703072792e-05
2440,maravillándose,54,6.513730703072792e-05
2441,coser,54,6.513730703072792e-05
2442,probarse,54,6.513730703072792e-05
2443,dejarlo,54,6.513730703072792e-05
2444,ayudarlo,54,6.513730703072792e-05
2445,finísima,54,6.513730703072792e-05
2446,equivocación,54,6.513730703072792e-05
2447,suya,54,6.513730703072792e-05
2448,confeccionado,54,6.513730703072792e-05
2449,magnífica,54,6.513730703072792e-05
2450,contento,54,6.513730703072792e-05
2451,favor,54,6.513730703072792e-05
2452,creyendo,54,6.513730703072792e-05
2453,contrató,54,6.513730703072792e-05
2454,contenerse,54,6.513730703072792e-05
2455,moriría,54,6.513730703072792e-05
2456,saliera,54,6.513730703072792e-05
2457,cerraron,54,6.513730703072792e-05
2458,vagón,54,6.513730703072792e-05
2459,diría,54,6.513730703072792e-05
2460,argentino,54,6.513730703072792e-05
2461,íbamos,54,6.513730703072792e-05
2462,tristones,54,6.513730703072792e-05
2463,turba,54,6.513730703072792e-05
2464,composición,54,6.513730703072792e-05
2465,agradecidos,54,6.513730703072792e-05
2466,compromiso,54,6.513730703072792e-05
2467,pierde,54,6.513730703072792e-05
2468,escala,54,6.513730703072792e-05
2469,proyecciones,54,6.513730703072792e-05
2470,poemas,54,6.513730703072792e-05
2471,invernales,54,6.513730703072792e-05
2472,túnicas,54,6.513730703072792e-05
2473,épocas,54,6.513730703072792e-05
2474,operando,54,6.513730703072792e-05
2475,recomiendo,54,6.513730703072792e-05
2476,argumentos,54,6.513730703072792e-05
2477,sumergirnos,54,6.513730703072792e-05
2478,décadas,54,6.513730703072792e-05
2479,hacemos,54,6.513730703072792e-05
2480,tweets,54,6.513730703072792e-05
2481,orientó,54,6.513730703072792e-05
2482,grupos,54,6.513730703072792e-05
2483,rescate,54,6.513730703072792e-05
2484,resultaba,54,6.513730703072792e-05
2485,movidos,54,6.513730703072792e-05
2486,desgarrado,54,6.513730703072792e-05
2487,pedido,54,6.513730703072792e-05
2488,enfrentar,54,6.513730703072792e-05
2489,gimió,54,6.513730703072792e-05
2490,empuñadura,54,6.513730703072792e-05
2491,trabajosamente,54,6.513730703072792e-05
2492,matado,54,6.513730703072792e-05
2493,colgamos,54,6.513730703072792e-05
2494,fundamentalista,54,6.513730703072792e-05
2495,escapa,54,6.513730703072792e-05
2496,cacho,54,6.513730703072792e-05
2497,durado,54,6.513730703072792e-05
2498,telgopor,54,6.513730703072792e-05
2499,erudito,54,6.513730703072792e-05
2500,exceso,54,6.513730703072792e-05
2501,espectro,54,6.513730703072792e-05
2502,atractivo,54,6.513730703072792e-05
2503,cristiano,54,6.513730703072792e-05
2504,ponemos,54,6.513730703072792e-05
2505,provocan,54,6.513730703072792e-05
2506,filosóficamente,54,6.513730703072792e-05
2507,mecanismos,54,6.513730703072792e-05
2508,emociones,54,6.513730703072792e-05
2509,tecnología,54,6.513730703072792e-05
2510,clínicos,54,6.513730703072792e-05
2511,psicólogo,54,6.513730703072792e-05
2512,deprime,54,6.513730703072792e-05
2513,curanderas,54,6.513730703072792e-05
2514,mostrar,54,6.513730703072792e-05
2515,recibiendo,54,6.513730703072792e-05
2516,alejarse,54,6.513730703072792e-05
2517,visitarlo,54,6.513730703072792e-05
2518,domingo,54,6.513730703072792e-05
2519,haberla,54,6.513730703072792e-05
2520,despecho,54,6.513730703072792e-05
2521,frenando,54,6.513730703072792e-05
2522,posarme,54,6.513730703072792e-05
2523,cargada,54,6.513730703072792e-05
2524,imaginarlo,54,6.513730703072792e-05
2525,llenaban,54,6.513730703072792e-05
2526,desaparecieron,54,6.513730703072792e-05
2527,hermanitos,54,6.513730703072792e-05
2528,reaccionar,54,6.513730703072792e-05
2529,amortiguado,54,6.513730703072792e-05
2530,fatalidad,54,6.513730703072792e-05
2531,pura,54,6.513730703072792e-05
2532,desastre,54,6.513730703072792e-05
2533,entendieron,54,6.513730703072792e-05
2534,prestaban,54,6.513730703072792e-05
2535,poca,54,6.513730703072792e-05
2536,miraba,54,6.513730703072792e-05
2537,muro,54,6.513730703072792e-05
2538,apoyar,54,6.513730703072792e-05
2539,apoyo,54,6.513730703072792e-05
2540,apartaron,54,6.513730703072792e-05
2541,amenaza,54,6.513730703072792e-05
2542,agotado,54,6.513730703072792e-05
2543,olla,54,6.513730703072792e-05
2544,agarrar,54,6.513730703072792e-05
2545,resguardo,54,6.513730703072792e-05
2546,despensa,54,6.513730703072792e-05
2547,ayudaría,54,6.513730703072792e-05
2548,grasa,54,6.513730703072792e-05
2549,cautela,54,6.513730703072792e-05
2550,depósitos,54,6.513730703072792e-05
2551,prendido,54,6.513730703072792e-05
2552,vivos,54,6.513730703072792e-05
2553,interín,54,6.513730703072792e-05
2554,desesperada,54,6.513730703072792e-05
2555,esposos,54,6.513730703072792e-05
2556,adiestrada,54,6.513730703072792e-05
2557,aislado,54,6.513730703072792e-05
2558,espejito,54,6.513730703072792e-05
2559,permanencia,54,6.513730703072792e-05
2560,meternos,54,6.513730703072792e-05
2561,sonrojó,54,6.513730703072792e-05
2562,ayudara,54,6.513730703072792e-05
2563,tacto,54,6.513730703072792e-05
2564,sobrina,54,6.513730703072792e-05
2565,mascotas,54,6.513730703072792e-05
2566,perros,54,6.513730703072792e-05
2567,convencer,54,6.513730703072792e-05
2568,tiraban,54,6.513730703072792e-05
2569,caca,54,6.513730703072792e-05
2570,abuelos,54,6.513730703072792e-05
2571,aceptaron,54,6.513730703072792e-05
2572,incompleta,54,6.513730703072792e-05
2573,deslizó,54,6.513730703072792e-05
2574,acróbatas,54,6.513730703072792e-05
2575,tigres,54,6.513730703072792e-05
2576,bengala,54,6.513730703072792e-05
2577,saltando,54,6.513730703072792e-05
2578,aplauso,54,6.513730703072792e-05
2579,mapa,54,6.513730703072792e-05
2580,supermercado,54,6.513730703072792e-05
2581,deja,54,6.513730703072792e-05
2582,crecer,54,6.513730703072792e-05
2583,esté,54,6.513730703072792e-05
2584,google,54,6.513730703072792e-05
2585,austera,54,6.513730703072792e-05
2586,pierden,54,6.513730703072792e-05
2587,estúpido,54,6.513730703072792e-05
2588,temblando,54,6.513730703072792e-05
2589,calefacción,54,6.513730703072792e-05
2590,asfalto,54,6.513730703072792e-05
2591,inconsciente,54,6.513730703072792e-05
2592,llevando,54,6.513730703072792e-05
2593,ojo,53,6.393106060423296e-05
2594,genial,53,6.393106060423296e-05
2595,nuevas,53,6.393106060423296e-05
2596,lavó,53,6.393106060423296e-05
2597,enfermo,53,6.393106060423296e-05
2598,moriste,53,6.393106060423296e-05
2599,voy,53,6.393106060423296e-05
2600,comprarte,53,6.393106060423296e-05
2601,quieto,53,6.393106060423296e-05
2602,féretro,53,6.393106060423296e-05
2603,cargaban,53,6.393106060423296e-05
2604,seriamente,53,6.393106060423296e-05
2605,compenetrados,53,6.393106060423296e-05
2606,ceremonia,53,6.393106060423296e-05
2607,clarísimo,53,6.393106060423296e-05
2608,pueyrredón,53,6.393106060423296e-05
2609,hernández,53,6.393106060423296e-05
2610,bajábamos,53,6.393106060423296e-05
2611,subíamos,53,6.393106060423296e-05
2612,sonaban,53,6.393106060423296e-05
2613,fórmula,53,6.393106060423296e-05
2614,terminaban,53,6.393106060423296e-05
2615,contaban,53,6.393106060423296e-05
2616,retener,53,6.393106060423296e-05
2617,guiara,53,6.393106060423296e-05
2618,grises,53,6.393106060423296e-05
2619,empiezan,53,6.393106060423296e-05
2620,crujir,53,6.393106060423296e-05
2621,insinúa,53,6.393106060423296e-05
2622,disuelva,53,6.393106060423296e-05
2623,entusiasta,53,6.393106060423296e-05
2624,té,53,6.393106060423296e-05
2625,curiosamente,53,6.393106060423296e-05
2626,tomamos,53,6.393106060423296e-05
2627,supervivencia,53,6.393106060423296e-05
2628,gusta,53,6.393106060423296e-05
2629,entenderlo,53,6.393106060423296e-05
2630,indagar,53,6.393106060423296e-05
2631,sobreviven,53,6.393106060423296e-05
2632,enamorado,53,6.393106060423296e-05
2633,necesarias,53,6.393106060423296e-05
2634,bola,53,6.393106060423296e-05
2635,terminé,53,6.393106060423296e-05
2636,di,53,6.393106060423296e-05
2637,controlarme,53,6.393106060423296e-05
2638,preocupaba,53,6.393106060423296e-05
2639,aceleró,53,6.393106060423296e-05
2640,alto,53,6.393106060423296e-05
2641,zanja,53,6.393106060423296e-05
2642,plena,53,6.393106060423296e-05
2643,abdomen,53,6.393106060423296e-05
2644,muertas,53,6.393106060423296e-05
2645,den,53,6.393106060423296e-05
2646,baba,53,6.393106060423296e-05
2647,desgarró,53,6.393106060423296e-05
2648,hermosa,53,6.393106060423296e-05
2649,linita,53,6.393106060423296e-05
2650,astro,53,6.393106060423296e-05
2651,apoderarse,53,6.393106060423296e-05
2652,inversamente,53,6.393106060423296e-05
2653,caminamos,53,6.393106060423296e-05
2654,perdiéndose,53,6.393106060423296e-05
2655,planeta,53,6.393106060423296e-05
2656,volvamos,53,6.393106060423296e-05
2657,percibimos,53,6.393106060423296e-05
2658,componen,53,6.393106060423296e-05
2659,continuo,53,6.393106060423296e-05
2660,arbitrariamente,53,6.393106060423296e-05
2661,mata,53,6.393106060423296e-05
2662,fanático,53,6.393106060423296e-05
2663,compleja,53,6.393106060423296e-05
2664,boreales,53,6.393106060423296e-05
2665,estudiar,53,6.393106060423296e-05
2666,dudas,53,6.393106060423296e-05
2667,ejemplo,53,6.393106060423296e-05
2668,asado,53,6.393106060423296e-05
2669,indiferente,53,6.393106060423296e-05
2670,preocupar,53,6.393106060423296e-05
2671,estudios,53,6.393106060423296e-05
2672,veredicto,53,6.393106060423296e-05
2673,deprimido,53,6.393106060423296e-05
2674,diecisiete,53,6.393106060423296e-05
2675,rasgos,53,6.393106060423296e-05
2676,quitó,53,6.393106060423296e-05
2677,personalidad,53,6.393106060423296e-05
2678,recibió,53,6.393106060423296e-05
2679,ingeniero,53,6.393106060423296e-05
2680,sistemas,53,6.393106060423296e-05
2681,sierras,53,6.393106060423296e-05
2682,formó,53,6.393106060423296e-05
2683,pateado,53,6.393106060423296e-05
2684,chicas,53,6.393106060423296e-05
2685,pisando,53,6.393106060423296e-05
2686,izquierdo,53,6.393106060423296e-05
2687,piloteado,53,6.393106060423296e-05
2688,aun,53,6.393106060423296e-05
2689,ágilmente,53,6.393106060423296e-05
2690,rodillas,53,6.393106060423296e-05
2691,seríamos,53,6.393106060423296e-05
2692,idéntico,53,6.393106060423296e-05
2693,sirena,53,6.393106060423296e-05
2694,existía,53,6.393106060423296e-05
2695,preguntarse,53,6.393106060423296e-05
2696,tardaron,53,6.393106060423296e-05
2697,recuperarse,53,6.393106060423296e-05
2698,consiguieron,53,6.393106060423296e-05
2699,repetirse,53,6.393106060423296e-05
2700,espasmos,53,6.393106060423296e-05
2701,ninguno,53,6.393106060423296e-05
2702,animaban,53,6.393106060423296e-05
2703,bestial,53,6.393106060423296e-05
2704,creciendo,53,6.393106060423296e-05
2705,atroz,53,6.393106060423296e-05
2706,respiración,53,6.393106060423296e-05
2707,asustada,53,6.393106060423296e-05
2708,empujadas,53,6.393106060423296e-05
2709,vecinas,53,6.393106060423296e-05
2710,trepó,53,6.393106060423296e-05
2711,tirantes,53,6.393106060423296e-05
2712,bajó,53,6.393106060423296e-05
2713,arrastraron,53,6.393106060423296e-05
2714,contentas,53,6.393106060423296e-05
2715,río,53,6.393106060423296e-05
2716,crema,53,6.393106060423296e-05
2717,compacto,53,6.393106060423296e-05
2718,pesado,53,6.393106060423296e-05
2719,damas,53,6.393106060423296e-05
2720,podrían,53,6.393106060423296e-05
2721,enfrentarlo,53,6.393106060423296e-05
2722,soltó,53,6.393106060423296e-05
2723,registraron,53,6.393106060423296e-05
2724,novios,53,6.393106060423296e-05
2725,adiestrado,53,6.393106060423296e-05
2726,oídos,53,6.393106060423296e-05
2727,interés,53,6.393106060423296e-05
2728,lleguemos,53,6.393106060423296e-05
2729,parecer,53,6.393106060423296e-05
2730,interesada,53,6.393106060423296e-05
2731,desesperadamente,53,6.393106060423296e-05
2732,transmitió,53,6.393106060423296e-05
2733,versión,53,6.393106060423296e-05
2734,estimulante,53,6.393106060423296e-05
2735,espaciadas,53,6.393106060423296e-05
2736,van,53,6.393106060423296e-05
2737,sentada,53,6.393106060423296e-05
2738,rodeada,53,6.393106060423296e-05
2739,salen,53,6.393106060423296e-05
2740,precaución,53,6.393106060423296e-05
2741,guardarse,53,6.393106060423296e-05
2742,peligro,53,6.393106060423296e-05
2743,semanas,53,6.393106060423296e-05
2744,extrañar,53,6.393106060423296e-05
2745,descubrieron,53,6.393106060423296e-05
2746,memorizar,53,6.393106060423296e-05
2747,osos,53,6.393106060423296e-05
2748,aros,53,6.393106060423296e-05
2749,apuraron,53,6.393106060423296e-05
2750,secó,53,6.393106060423296e-05
2751,veo,53,6.393106060423296e-05
2752,total,53,6.393106060423296e-05
2753,adelantado,53,6.393106060423296e-05
2754,noción,53,6.393106060423296e-05
2755,manifestación,53,6.393106060423296e-05
2756,expresión,53,6.393106060423296e-05
2757,moto,53,6.393106060423296e-05
2758,vuela,53,6.393106060423296e-05
2759,golpea,53,6.393106060423296e-05
2760,accidentado,53,6.393106060423296e-05
2761,reconoce,53,6.393106060423296e-05
2762,reclama,53,6.393106060423296e-05
2763,delivery,53,6.393106060423296e-05
2764,atropella,53,6.393106060423296e-05
2765,saltitos,52,6.2724814177738e-05
2766,ves,52,6.2724814177738e-05
2767,cargaran,52,6.2724814177738e-05
2768,extremo,52,6.2724814177738e-05
2769,pudiese,52,6.2724814177738e-05
2770,quedaría,52,6.2724814177738e-05
2771,pasmado,52,6.2724814177738e-05
2772,esposas,52,6.2724814177738e-05
2773,cuento,52,6.2724814177738e-05
2774,javier,52,6.2724814177738e-05
2775,sentar,52,6.2724814177738e-05
2776,rieles,52,6.2724814177738e-05
2777,oírlos,52,6.2724814177738e-05
2778,—algunos,52,6.2724814177738e-05
2779,más—,52,6.2724814177738e-05
2780,armonía,52,6.2724814177738e-05
2781,reales,52,6.2724814177738e-05
2782,pasajero,52,6.2724814177738e-05
2783,rotundamente,52,6.2724814177738e-05
2784,cabildo,52,6.2724814177738e-05
2785,soportar,52,6.2724814177738e-05
2786,azote,52,6.2724814177738e-05
2787,pregunto,52,6.2724814177738e-05
2788,veamos,52,6.2724814177738e-05
2789,deshacerse,52,6.2724814177738e-05
2790,alrededor,52,6.2724814177738e-05
2791,advierte,52,6.2724814177738e-05
2792,veterano,52,6.2724814177738e-05
2793,permitían,52,6.2724814177738e-05
2794,contenidos,52,6.2724814177738e-05
2795,desigualdad,52,6.2724814177738e-05
2796,times,52,6.2724814177738e-05
2797,ansiosamente,52,6.2724814177738e-05
2798,habla,52,6.2724814177738e-05
2799,guía,52,6.2724814177738e-05
2800,surge,52,6.2724814177738e-05
2801,intentando,52,6.2724814177738e-05
2802,característica,52,6.2724814177738e-05
2803,enamoremos,52,6.2724814177738e-05
2804,ocurrió,52,6.2724814177738e-05
2805,encarga,52,6.2724814177738e-05
2806,darnos,52,6.2724814177738e-05
2807,profundidades,52,6.2724814177738e-05
2808,sustituir,52,6.2724814177738e-05
2809,energía,52,6.2724814177738e-05
2810,vaciado,52,6.2724814177738e-05
2811,prendí,52,6.2724814177738e-05
2812,personal,52,6.2724814177738e-05
2813,costados,52,6.2724814177738e-05
2814,aniquilados,52,6.2724814177738e-05
2815,cañonazo,52,6.2724814177738e-05
2816,partió,52,6.2724814177738e-05
2817,acorralado,52,6.2724814177738e-05
2818,empujó,52,6.2724814177738e-05
2819,sujetando,52,6.2724814177738e-05
2820,salían,52,6.2724814177738e-05
2821,arbustos,52,6.2724814177738e-05
2822,castillito,52,6.2724814177738e-05
2823,bikinis,52,6.2724814177738e-05
2824,guardavidas,52,6.2724814177738e-05
2825,llegamos,52,6.2724814177738e-05
2826,olas,52,6.2724814177738e-05
2827,películas,52,6.2724814177738e-05
2828,satélite,52,6.2724814177738e-05
2829,debe,52,6.2724814177738e-05
2830,menea,52,6.2724814177738e-05
2831,principito,52,6.2724814177738e-05
2832,faltó,52,6.2724814177738e-05
2833,mismísimo,52,6.2724814177738e-05
2834,llamada,52,6.2724814177738e-05
2835,agrupó,52,6.2724814177738e-05
2836,superstición,52,6.2724814177738e-05
2837,picante,52,6.2724814177738e-05
2838,damos,52,6.2724814177738e-05
2839,serían,52,6.2724814177738e-05
2840,manchitas,52,6.2724814177738e-05
2841,conocer,52,6.2724814177738e-05
2842,termina,52,6.2724814177738e-05
2843,cerrar,52,6.2724814177738e-05
2844,mecanismo,52,6.2724814177738e-05
2845,elemento,52,6.2724814177738e-05
2846,reposeras,52,6.2724814177738e-05
2847,analista,52,6.2724814177738e-05
2848,abierto,52,6.2724814177738e-05
2849,monstruo,52,6.2724814177738e-05
2850,viviendo,52,6.2724814177738e-05
2851,buscaría,52,6.2724814177738e-05
2852,alma,52,6.2724814177738e-05
2853,sentidos,52,6.2724814177738e-05
2854,éramos,52,6.2724814177738e-05
2855,nació,52,6.2724814177738e-05
2856,voces,52,6.2724814177738e-05
2857,reían,52,6.2724814177738e-05
2858,desear,52,6.2724814177738e-05
2859,maldición,52,6.2724814177738e-05
2860,malcriaron,52,6.2724814177738e-05
2861,horrorizaba,52,6.2724814177738e-05
2862,oyó,52,6.2724814177738e-05
2863,movido,52,6.2724814177738e-05
2864,bajado,52,6.2724814177738e-05
2865,saltar,52,6.2724814177738e-05
2866,abrieron,52,6.2724814177738e-05
2867,desangrada,52,6.2724814177738e-05
2868,cataclismo,52,6.2724814177738e-05
2869,extrañamente,52,6.2724814177738e-05
2870,apurar,52,6.2724814177738e-05
2871,pequeña,52,6.2724814177738e-05
2872,exagerada,52,6.2724814177738e-05
2873,ocupaba,52,6.2724814177738e-05
2874,llenaron,52,6.2724814177738e-05
2875,terciopelos,52,6.2724814177738e-05
2876,desplomó,52,6.2724814177738e-05
2877,alfombra,52,6.2724814177738e-05
2878,apropiada,52,6.2724814177738e-05
2879,impresión,52,6.2724814177738e-05
2880,captar,52,6.2724814177738e-05
2881,sadismo,52,6.2724814177738e-05
2882,simétrico,52,6.2724814177738e-05
2883,intuición,52,6.2724814177738e-05
2884,murmullos,52,6.2724814177738e-05
2885,hablando,52,6.2724814177738e-05
2886,amenazaba,52,6.2724814177738e-05
2887,sostener,52,6.2724814177738e-05
2888,departamento,52,6.2724814177738e-05
2889,desvestirse,52,6.2724814177738e-05
2890,arrancarla,52,6.2724814177738e-05
2891,intentado,52,6.2724814177738e-05
2892,convincente,52,6.2724814177738e-05
2893,asomaban,52,6.2724814177738e-05
2894,lindísima,52,6.2724814177738e-05
2895,bebidas,52,6.2724814177738e-05
2896,sudaba,52,6.2724814177738e-05
2897,pedía,52,6.2724814177738e-05
2898,velitas,52,6.2724814177738e-05
2899,destapando,52,6.2724814177738e-05
2900,charlando,52,6.2724814177738e-05
2901,cárcel,52,6.2724814177738e-05
2902,papel,52,6.2724814177738e-05
2903,gritaba,52,6.2724814177738e-05
2904,traseras,52,6.2724814177738e-05
2905,vacío,52,6.2724814177738e-05
2906,despacio,52,6.2724814177738e-05
2907,duermo,52,6.2724814177738e-05
2908,escondiéndose,52,6.2724814177738e-05
2909,extraña,52,6.2724814177738e-05
2910,cubierta,52,6.2724814177738e-05
2911,intrigado,51,6.151856775124304e-05
2912,abrieran,51,6.151856775124304e-05
2913,apretados,51,6.151856775124304e-05
2914,existencia,51,6.151856775124304e-05
2915,trío,51,6.151856775124304e-05
2916,salíamos,51,6.151856775124304e-05
2917,atravesábamos,51,6.151856775124304e-05
2918,medía,51,6.151856775124304e-05
2919,fracasando,51,6.151856775124304e-05
2920,viejas,51,6.151856775124304e-05
2921,clima,51,6.151856775124304e-05
2922,cedió,51,6.151856775124304e-05
2923,empiezo,51,6.151856775124304e-05
2924,suficientemente,51,6.151856775124304e-05
2925,inteligentes,51,6.151856775124304e-05
2926,propósito,51,6.151856775124304e-05
2927,acertados,51,6.151856775124304e-05
2928,tortazo,51,6.151856775124304e-05
2929,levanto,51,6.151856775124304e-05
2930,comprobar,51,6.151856775124304e-05
2931,despacito,51,6.151856775124304e-05
2932,presentes,51,6.151856775124304e-05
2933,estupefacción,51,6.151856775124304e-05
2934,calzado,51,6.151856775124304e-05
2935,ocultos,51,6.151856775124304e-05
2936,unsworth,51,6.151856775124304e-05
2937,xv,51,6.151856775124304e-05
2938,conocemos,51,6.151856775124304e-05
2939,británica,51,6.151856775124304e-05
2940,base,51,6.151856775124304e-05
2941,representaran,51,6.151856775124304e-05
2942,ornamentales,51,6.151856775124304e-05
2943,1905,51,6.151856775124304e-05
2944,adaptación,51,6.151856775124304e-05
2945,quieran,51,6.151856775124304e-05
2946,cínicos,51,6.151856775124304e-05
2947,investigación,51,6.151856775124304e-05
2948,abordado,51,6.151856775124304e-05
2949,amplia,51,6.151856775124304e-05
2950,amena,51,6.151856775124304e-05
2951,bomba,51,6.151856775124304e-05
2952,autoengaño,51,6.151856775124304e-05
2953,constitutiva,51,6.151856775124304e-05
2954,controlamos,51,6.151856775124304e-05
2955,surgimiento,51,6.151856775124304e-05
2956,entendamos,51,6.151856775124304e-05
2957,mirarlas,51,6.151856775124304e-05
2958,analogía,51,6.151856775124304e-05
2959,confirmarlas,51,6.151856775124304e-05
2960,logremos,51,6.151856775124304e-05
2961,libros,51,6.151856775124304e-05
2962,programas,51,6.151856775124304e-05
2963,docencia,51,6.151856775124304e-05
2964,inútil,51,6.151856775124304e-05
2965,amenazado,51,6.151856775124304e-05
2966,pedazo,51,6.151856775124304e-05
2967,rogaba,51,6.151856775124304e-05
2968,súplica,51,6.151856775124304e-05
2969,matarlo,51,6.151856775124304e-05
2970,pata,51,6.151856775124304e-05
2971,reventada,51,6.151856775124304e-05
2972,relincho,51,6.151856775124304e-05
2973,revólver,51,6.151856775124304e-05
2974,agonía,51,6.151856775124304e-05
2975,violenta,51,6.151856775124304e-05
2976,paz,51,6.151856775124304e-05
2977,bala,51,6.151856775124304e-05
2978,acero,51,6.151856775124304e-05
2979,tercero,51,6.151856775124304e-05
2980,atracción,51,6.151856775124304e-05
2981,describir,51,6.151856775124304e-05
2982,vidrio,51,6.151856775124304e-05
2983,demostró,51,6.151856775124304e-05
2984,pequeño,51,6.151856775124304e-05
2985,separa,51,6.151856775124304e-05
2986,infinidad,51,6.151856775124304e-05
2987,notas,51,6.151856775124304e-05
2988,musicales,51,6.151856775124304e-05
2989,tatuaría,51,6.151856775124304e-05
2990,universo,51,6.151856775124304e-05
2991,carga,51,6.151856775124304e-05
2992,semántica,51,6.151856775124304e-05
2993,maravillas,51,6.151856775124304e-05
2994,auroras,51,6.151856775124304e-05
2995,insignificantes,51,6.151856775124304e-05
2996,vivimos,51,6.151856775124304e-05
2997,destructor,51,6.151856775124304e-05
2998,grado,51,6.151856775124304e-05
2999,detenerme,51,6.151856775124304e-05
3000,plástico,51,6.151856775124304e-05
3001,anhelado,51,6.151856775124304e-05
3002,confiando,51,6.151856775124304e-05
3003,acostaba,51,6.151856775124304e-05
3004,pensativa,51,6.151856775124304e-05
3005,cajón,51,6.151856775124304e-05
3006,agarrarse,51,6.151856775124304e-05
3007,bodega,51,6.151856775124304e-05
3008,guardaban,51,6.151856775124304e-05
3009,estarían,51,6.151856775124304e-05
3010,meter,51,6.151856775124304e-05
3011,dedicó,51,6.151856775124304e-05
3012,sexto,51,6.151856775124304e-05
3013,cuarentena,51,6.151856775124304e-05
3014,descomunal,51,6.151856775124304e-05
3015,celebración,51,6.151856775124304e-05
3016,suntuosa,51,6.151856775124304e-05
3017,lámparas,51,6.151856775124304e-05
3018,dando,51,6.151856775124304e-05
3019,enmascarada,51,6.151856775124304e-05
3020,flaca,51,6.151856775124304e-05
3021,abalanzó,51,6.151856775124304e-05
3022,enfermando,51,6.151856775124304e-05
3023,manchadas,51,6.151856775124304e-05
3024,decirse,51,6.151856775124304e-05
3025,tuvieran,51,6.151856775124304e-05
3026,examinaron,51,6.151856775124304e-05
3027,simpatía,51,6.151856775124304e-05
3028,solidaridad,51,6.151856775124304e-05
3029,entraron,51,6.151856775124304e-05
3030,filas,51,6.151856775124304e-05
3031,señas,51,6.151856775124304e-05
3032,ajenas,51,6.151856775124304e-05
3033,enfermiza,51,6.151856775124304e-05
3034,necesaria,51,6.151856775124304e-05
3035,registrar,51,6.151856775124304e-05
3036,franqueza,51,6.151856775124304e-05
3037,hiriente,51,6.151856775124304e-05
3038,traspasar,51,6.151856775124304e-05
3039,vivo,51,6.151856775124304e-05
3040,diagnóstico,51,6.151856775124304e-05
3041,vamos,51,6.151856775124304e-05
3042,arrancarse,51,6.151856775124304e-05
3043,relámpago,51,6.151856775124304e-05
3044,recurrir,51,6.151856775124304e-05
3045,repasó,51,6.151856775124304e-05
3046,costuras,51,6.151856775124304e-05
3047,pellejo,51,6.151856775124304e-05
3048,liso,51,6.151856775124304e-05
3049,moscas,51,6.151856775124304e-05
3050,dudó,51,6.151856775124304e-05
3051,comentario,51,6.151856775124304e-05
3052,parara,51,6.151856775124304e-05
3053,lástima,51,6.151856775124304e-05
3054,copas,51,6.151856775124304e-05
3055,tumulto,51,6.151856775124304e-05
3056,tomado,51,6.151856775124304e-05
3057,volvería,51,6.151856775124304e-05
3058,topo,51,6.151856775124304e-05
3059,laboral,50,6.0312321324748074e-05
3060,josé,50,6.0312321324748074e-05
3061,ratito,50,6.0312321324748074e-05
3062,suspendido,50,6.0312321324748074e-05
3063,acariciaba,50,6.0312321324748074e-05
3064,fugacidad,50,6.0312321324748074e-05
3065,parecían,50,6.0312321324748074e-05
3066,verdaderos,50,6.0312321324748074e-05
3067,martes,50,6.0312321324748074e-05
3068,allí,50,6.0312321324748074e-05
3069,congelado,50,6.0312321324748074e-05
3070,sabían,50,6.0312321324748074e-05
3071,creían,50,6.0312321324748074e-05
3072,vara,50,6.0312321324748074e-05
3073,teatro,50,6.0312321324748074e-05
3074,abrigate,50,6.0312321324748074e-05
3075,cinematográficas,50,6.0312321324748074e-05
3076,convierta,50,6.0312321324748074e-05
3077,casita,50,6.0312321324748074e-05
3078,lejana,50,6.0312321324748074e-05
3079,personaje,50,6.0312321324748074e-05
3080,contraejemplo,50,6.0312321324748074e-05
3081,filósofos,50,6.0312321324748074e-05
3082,alcanza,50,6.0312321324748074e-05
3083,confiar,50,6.0312321324748074e-05
3084,señalar,50,6.0312321324748074e-05
3085,mueve,50,6.0312321324748074e-05
3086,disparates,50,6.0312321324748074e-05
3087,perecen,50,6.0312321324748074e-05
3088,comienza,50,6.0312321324748074e-05
3089,alas,50,6.0312321324748074e-05
3090,volar,50,6.0312321324748074e-05
3091,regalando,50,6.0312321324748074e-05
3092,revisó,50,6.0312321324748074e-05
3093,listos,50,6.0312321324748074e-05
3094,esquiva,50,6.0312321324748074e-05
3095,autores,50,6.0312321324748074e-05
3096,señalan,50,6.0312321324748074e-05
3097,bolsillóloga,50,6.0312321324748074e-05
3098,hayamos,50,6.0312321324748074e-05
3099,poseedor,50,6.0312321324748074e-05
3100,registros,50,6.0312321324748074e-05
3101,1716,50,6.0312321324748074e-05
3102,malhechores,50,6.0312321324748074e-05
3103,cortaban,50,6.0312321324748074e-05
3104,hilos,50,6.0312321324748074e-05
3105,abrían,50,6.0312321324748074e-05
3106,ridículas,50,6.0312321324748074e-05
3107,polleras,50,6.0312321324748074e-05
3108,crudeza,50,6.0312321324748074e-05
3109,new,50,6.0312321324748074e-05
3110,convierte,50,6.0312321324748074e-05
3111,símbolos,50,6.0312321324748074e-05
3112,aquello,50,6.0312321324748074e-05
3113,gigantes,50,6.0312321324748074e-05
3114,hambrientamente,50,6.0312321324748074e-05
3115,principalmente,50,6.0312321324748074e-05
3116,introspección,50,6.0312321324748074e-05
3117,evaluando,50,6.0312321324748074e-05
3118,mediante,50,6.0312321324748074e-05
3119,ocurra,50,6.0312321324748074e-05
3120,impacte,50,6.0312321324748074e-05
3121,brillantez,50,6.0312321324748074e-05
3122,someterla,50,6.0312321324748074e-05
3123,conscientes,50,6.0312321324748074e-05
3124,percepción,50,6.0312321324748074e-05
3125,escribo,50,6.0312321324748074e-05
3126,elijo,50,6.0312321324748074e-05
3127,televisión,50,6.0312321324748074e-05
3128,charlas,50,6.0312321324748074e-05
3129,calmarla,50,6.0312321324748074e-05
3130,atardeciendo,50,6.0312321324748074e-05
3131,arma,50,6.0312321324748074e-05
3132,cañón,50,6.0312321324748074e-05
3133,desvió,50,6.0312321324748074e-05
3134,apretó,50,6.0312321324748074e-05
3135,atravesó,50,6.0312321324748074e-05
3136,monte,50,6.0312321324748074e-05
3137,canciones,50,6.0312321324748074e-05
3138,novelas,50,6.0312321324748074e-05
3139,hipermelosos,50,6.0312321324748074e-05
3140,océano,50,6.0312321324748074e-05
3141,fundamentos,50,6.0312321324748074e-05
3142,formación,50,6.0312321324748074e-05
3143,rayo,50,6.0312321324748074e-05
3144,atraviesa,50,6.0312321324748074e-05
3145,planetas,50,6.0312321324748074e-05
3146,intentar,50,6.0312321324748074e-05
3147,rodea,50,6.0312321324748074e-05
3148,místico,50,6.0312321324748074e-05
3149,justamente,50,6.0312321324748074e-05
3150,evitar,50,6.0312321324748074e-05
3151,fallar,50,6.0312321324748074e-05
3152,demoledor,50,6.0312321324748074e-05
3153,interpuso,50,6.0312321324748074e-05
3154,traviesa,50,6.0312321324748074e-05
3155,cadavérica,50,6.0312321324748074e-05
3156,parar,50,6.0312321324748074e-05
3157,provisiones,50,6.0312321324748074e-05
3158,comitiva,50,6.0312321324748074e-05
3159,encargados,50,6.0312321324748074e-05
3160,diseñado,50,6.0312321324748074e-05
3161,tragado,50,6.0312321324748074e-05
3162,redobló,50,6.0312321324748074e-05
3163,apuesta,50,6.0312321324748074e-05
3164,rodeaba,50,6.0312321324748074e-05
3165,baile,50,6.0312321324748074e-05
3166,candelabros,50,6.0312321324748074e-05
3167,pasillos,50,6.0312321324748074e-05
3168,campanada,50,6.0312321324748074e-05
3169,manchada,50,6.0312321324748074e-05
3170,chistoso,50,6.0312321324748074e-05
3171,metro,50,6.0312321324748074e-05
3172,reconocieron,50,6.0312321324748074e-05
3173,salas,50,6.0312321324748074e-05
3174,apagaron,50,6.0312321324748074e-05
3175,corrupción,50,6.0312321324748074e-05
3176,respectivas,50,6.0312321324748074e-05
3177,amantes,50,6.0312321324748074e-05
3178,brazo—,50,6.0312321324748074e-05
3179,distintas,50,6.0312321324748074e-05
3180,falsas,50,6.0312321324748074e-05
3181,fealdades,50,6.0312321324748074e-05
3182,juntas,50,6.0312321324748074e-05
3183,admira,50,6.0312321324748074e-05
3184,responder,50,6.0312321324748074e-05
3185,bueno,50,6.0312321324748074e-05
3186,inmóvil,50,6.0312321324748074e-05
3187,poderosa,50,6.0312321324748074e-05
3188,subió,50,6.0312321324748074e-05
3189,lloraron,50,6.0312321324748074e-05
3190,tortas,50,6.0312321324748074e-05
3191,laboratorio,50,6.0312321324748074e-05
3192,mueca,50,6.0312321324748074e-05
3193,arreglarle,50,6.0312321324748074e-05
3194,cubrirle,50,6.0312321324748074e-05
3195,metía,50,6.0312321324748074e-05
3196,acaparar,50,6.0312321324748074e-05
3197,llenando,50,6.0312321324748074e-05
3198,cortando,50,6.0312321324748074e-05
3199,colgaba,50,6.0312321324748074e-05
3200,dejaban,50,6.0312321324748074e-05
3201,susto,50,6.0312321324748074e-05
3202,prenda,49,5.910607489825311e-05
3203,acostarse,49,5.910607489825311e-05
3204,quitarnos,49,5.910607489825311e-05
3205,haríamos,49,5.910607489825311e-05
3206,oíamos,49,5.910607489825311e-05
3207,hacernos,49,5.910607489825311e-05
3208,banda,49,5.910607489825311e-05
3209,viaje,49,5.910607489825311e-05
3210,viajaba,49,5.910607489825311e-05
3211,perdida,49,5.910607489825311e-05
3212,malhumor,49,5.910607489825311e-05
3213,colibrí,49,5.910607489825311e-05
3214,palermo,49,5.910607489825311e-05
3215,experimentaba,49,5.910607489825311e-05
3216,transición,49,5.910607489825311e-05
3217,certeza,49,5.910607489825311e-05
3218,miraron,49,5.910607489825311e-05
3219,pareja,49,5.910607489825311e-05
3220,duró,49,5.910607489825311e-05
3221,devaluados,49,5.910607489825311e-05
3222,montones,49,5.910607489825311e-05
3223,entresuelo,49,5.910607489825311e-05
3224,formada,49,5.910607489825311e-05
3225,liebres,49,5.910607489825311e-05
3226,alimento,49,5.910607489825311e-05
3227,retoño,49,5.910607489825311e-05
3228,supieron,49,5.910607489825311e-05
3229,principal,49,5.910607489825311e-05
3230,anulación,49,5.910607489825311e-05
3231,recupere,49,5.910607489825311e-05
3232,impide,49,5.910607489825311e-05
3233,ingenuidad,49,5.910607489825311e-05
3234,perdiendo,49,5.910607489825311e-05
3235,estrella,49,5.910607489825311e-05
3236,geométricamente,49,5.910607489825311e-05
3237,gotitas,49,5.910607489825311e-05
3238,quedan,49,5.910607489825311e-05
3239,hacen,49,5.910607489825311e-05
3240,torcer,49,5.910607489825311e-05
3241,vencidos,49,5.910607489825311e-05
3242,metáforas,49,5.910607489825311e-05
3243,selección,49,5.910607489825311e-05
3244,simplemente,49,5.910607489825311e-05
3245,encuentro,49,5.910607489825311e-05
3246,magníficas,49,5.910607489825311e-05
3247,temporal,49,5.910607489825311e-05
3248,caminos,49,5.910607489825311e-05
3249,nuevos,49,5.910607489825311e-05
3250,enmudecer,49,5.910607489825311e-05
3251,sendero,49,5.910607489825311e-05
3252,winston,49,5.910607489825311e-05
3253,estalló,49,5.910607489825311e-05
3254,ensayado,49,5.910607489825311e-05
3255,remera,49,5.910607489825311e-05
3256,antecesor,49,5.910607489825311e-05
3257,directo,49,5.910607489825311e-05
3258,acceder,49,5.910607489825311e-05
3259,explica,49,5.910607489825311e-05
3260,rebecca,49,5.910607489825311e-05
3261,volverse,49,5.910607489825311e-05
3262,existen,49,5.910607489825311e-05
3263,reemplazada,49,5.910607489825311e-05
3264,acostumbrado,49,5.910607489825311e-05
3265,alfiletero,49,5.910607489825311e-05
3266,percate,49,5.910607489825311e-05
3267,finanzas,49,5.910607489825311e-05
3268,respuesta,49,5.910607489825311e-05
3269,sentirse,49,5.910607489825311e-05
3270,independiente,49,5.910607489825311e-05
3271,comienzo,49,5.910607489825311e-05
3272,escribía,49,5.910607489825311e-05
3273,viajar,49,5.910607489825311e-05
3274,celulares,49,5.910607489825311e-05
3275,perversamente,49,5.910607489825311e-05
3276,gastaba,49,5.910607489825311e-05
3277,torpe,49,5.910607489825311e-05
3278,banquete,49,5.910607489825311e-05
3279,sabiduría,49,5.910607489825311e-05
3280,crecí,49,5.910607489825311e-05
3281,sigo,49,5.910607489825311e-05
3282,amando,49,5.910607489825311e-05
3283,elijamos,49,5.910607489825311e-05
3284,seamos,49,5.910607489825311e-05
3285,físicos,49,5.910607489825311e-05
3286,algoritmos,49,5.910607489825311e-05
3287,computacionales,49,5.910607489825311e-05
3288,implementados,49,5.910607489825311e-05
3289,consciente,49,5.910607489825311e-05
3290,escapatoria,49,5.910607489825311e-05
3291,creemos,49,5.910607489825311e-05
3292,blogs,49,5.910607489825311e-05
3293,videos,49,5.910607489825311e-05
3294,podcasts,49,5.910607489825311e-05
3295,dedicadas,49,5.910607489825311e-05
3296,muestra,49,5.910607489825311e-05
3297,intentaré,49,5.910607489825311e-05
3298,almohadas,49,5.910607489825311e-05
3299,rutina,49,5.910607489825311e-05
3300,olvida,49,5.910607489825311e-05
3301,campaña,49,5.910607489825311e-05
3302,muertos,49,5.910607489825311e-05
3303,secos,49,5.910607489825311e-05
3304,ley,49,5.910607489825311e-05
3305,‒sí,49,5.910607489825311e-05
3306,manzana‒,49,5.910607489825311e-05
3307,copadas,49,5.910607489825311e-05
3308,separarnos,49,5.910607489825311e-05
3309,tenerlo,49,5.910607489825311e-05
3310,comediantes,49,5.910607489825311e-05
3311,hacerles,49,5.910607489825311e-05
3312,vidrios,49,5.910607489825311e-05
3313,cuartos,49,5.910607489825311e-05
3314,pensamientos,49,5.910607489825311e-05
3315,rio,49,5.910607489825311e-05
3316,salpicada,49,5.910607489825311e-05
3317,infectarse,49,5.910607489825311e-05
3318,morada,49,5.910607489825311e-05
3319,azorado,49,5.910607489825311e-05
3320,revelación,49,5.910607489825311e-05
3321,tinieblas,49,5.910607489825311e-05
3322,habitual,49,5.910607489825311e-05
3323,unir,49,5.910607489825311e-05
3324,ojeada,49,5.910607489825311e-05
3325,cuarenta,49,5.910607489825311e-05
3326,admiraron,49,5.910607489825311e-05
3327,esperó,49,5.910607489825311e-05
3328,sinceridad,49,5.910607489825311e-05
3329,derecha,49,5.910607489825311e-05
3330,inteligente,49,5.910607489825311e-05
3331,cautelosamente,49,5.910607489825311e-05
3332,reservas,49,5.910607489825311e-05
3333,surco,49,5.910607489825311e-05
3334,horror,49,5.910607489825311e-05
3335,lenta,49,5.910607489825311e-05
3336,temblorosos,49,5.910607489825311e-05
3337,progresivamente,49,5.910607489825311e-05
3338,serenos,49,5.910607489825311e-05
3339,siniestra,49,5.910607489825311e-05
3340,descorrió,49,5.910607489825311e-05
3341,tirar,49,5.910607489825311e-05
3342,destaparon,49,5.910607489825311e-05
3343,formaban,49,5.910607489825311e-05
3344,prendió,49,5.910607489825311e-05
3345,vaso,49,5.910607489825311e-05
3346,disparó,49,5.910607489825311e-05
3347,sacaron,49,5.910607489825311e-05
3348,maravillados,49,5.910607489825311e-05
3349,idiotez,49,5.910607489825311e-05
3350,tercera,49,5.910607489825311e-05
3351,desayuna,49,5.910607489825311e-05
3352,poníamos,48,5.789982847175815e-05
3353,abríamos,48,5.789982847175815e-05
3354,librito,48,5.789982847175815e-05
3355,habíamos,48,5.789982847175815e-05
3356,viendo,48,5.789982847175815e-05
3357,calmaba,48,5.789982847175815e-05
3358,asiento,48,5.789982847175815e-05
3359,marejada,48,5.789982847175815e-05
3360,cuervos,48,5.789982847175815e-05
3361,escuchado,48,5.789982847175815e-05
3362,cultural,48,5.789982847175815e-05
3363,conformaban,48,5.789982847175815e-05
3364,amaban,48,5.789982847175815e-05
3365,intacta,48,5.789982847175815e-05
3366,imponentes,48,5.789982847175815e-05
3367,intenciones,48,5.789982847175815e-05
3368,escuchando,48,5.789982847175815e-05
3369,aplastados,48,5.789982847175815e-05
3370,trágico,48,5.789982847175815e-05
3371,impidiendo,48,5.789982847175815e-05
3372,recuerde,48,5.789982847175815e-05
3373,guante,48,5.789982847175815e-05
3374,humedecida,48,5.789982847175815e-05
3375,caen,48,5.789982847175815e-05
3376,valiosos,48,5.789982847175815e-05
3377,contienda,48,5.789982847175815e-05
3378,hayan,48,5.789982847175815e-05
3379,intentan,48,5.789982847175815e-05
3380,pueden,48,5.789982847175815e-05
3381,derrotados,48,5.789982847175815e-05
3382,pasear,48,5.789982847175815e-05
3383,tengan,48,5.789982847175815e-05
3384,cocino,48,5.789982847175815e-05
3385,agujitas,48,5.789982847175815e-05
3386,estuve,48,5.789982847175815e-05
3387,puñado,48,5.789982847175815e-05
3388,impone,48,5.789982847175815e-05
3389,recorrí,48,5.789982847175815e-05
3390,detengo,48,5.789982847175815e-05
3391,desfigure,48,5.789982847175815e-05
3392,cinta,48,5.789982847175815e-05
3393,preguntaría,48,5.789982847175815e-05
3394,interrumpió,48,5.789982847175815e-05
3395,ayudar,48,5.789982847175815e-05
3396,atuendos,48,5.789982847175815e-05
3397,descubrimiento,48,5.789982847175815e-05
3398,vestimos,48,5.789982847175815e-05
3399,olvidemos,48,5.789982847175815e-05
3400,escondamos,48,5.789982847175815e-05
3401,historiadores,48,5.789982847175815e-05
3402,visibles,48,5.789982847175815e-05
3403,llamara,48,5.789982847175815e-05
3404,estafa,48,5.789982847175815e-05
3405,parecidos,48,5.789982847175815e-05
3406,estrecho,48,5.789982847175815e-05
3407,naturalidad,48,5.789982847175815e-05
3408,siglos,48,5.789982847175815e-05
3409,escondían,48,5.789982847175815e-05
3410,bienes,48,5.789982847175815e-05
3411,preciosos,48,5.789982847175815e-05
3412,aquellos,48,5.789982847175815e-05
3413,conveniente,48,5.789982847175815e-05
3414,dedal,48,5.789982847175815e-05
3415,tijeras,48,5.789982847175815e-05
3416,prestado,48,5.789982847175815e-05
3417,asegurarán,48,5.789982847175815e-05
3418,privilegio,48,5.789982847175815e-05
3419,cuestionable,48,5.789982847175815e-05
3420,comenzar,48,5.789982847175815e-05
3421,esbeltas,48,5.789982847175815e-05
3422,pequeñas,48,5.789982847175815e-05
3423,dado,48,5.789982847175815e-05
3424,debía,48,5.789982847175815e-05
3425,quedarle,48,5.789982847175815e-05
3426,opresión,48,5.789982847175815e-05
3427,instrucciones,48,5.789982847175815e-05
3428,coserle,48,5.789982847175815e-05
3429,procuraba,48,5.789982847175815e-05
3430,xx,48,5.789982847175815e-05
3431,trascendido,48,5.789982847175815e-05
3432,york,48,5.789982847175815e-05
3433,llevado,48,5.789982847175815e-05
3434,meramente,48,5.789982847175815e-05
3435,románticos,48,5.789982847175815e-05
3436,solas,48,5.789982847175815e-05
3437,escribe,48,5.789982847175815e-05
3438,parecen,48,5.789982847175815e-05
3439,diseñados,48,5.789982847175815e-05
3440,horda,48,5.789982847175815e-05
3441,respecto,48,5.789982847175815e-05
3442,industria,48,5.789982847175815e-05
3443,aquí,48,5.789982847175815e-05
3444,dedico,48,5.789982847175815e-05
3445,deber,48,5.789982847175815e-05
3446,aparezca,48,5.789982847175815e-05
3447,miro,48,5.789982847175815e-05
3448,compruebo,48,5.789982847175815e-05
3449,construir,48,5.789982847175815e-05
3450,promocionar,48,5.789982847175815e-05
3451,trascendente,48,5.789982847175815e-05
3452,argumentar,48,5.789982847175815e-05
3453,moralmente,48,5.789982847175815e-05
3454,relevante,48,5.789982847175815e-05
3455,observar,48,5.789982847175815e-05
3456,comprender,48,5.789982847175815e-05
3457,transformar,48,5.789982847175815e-05
3458,nubes,48,5.789982847175815e-05
3459,incapaz,48,5.789982847175815e-05
3460,gatillo,48,5.789982847175815e-05
3461,nudillos,48,5.789982847175815e-05
3462,cursi,48,5.789982847175815e-05
3463,ponernos,48,5.789982847175815e-05
3464,compuesta,48,5.789982847175815e-05
3465,river,48,5.789982847175815e-05
3466,amarga,48,5.789982847175815e-05
3467,usaran,48,5.789982847175815e-05
3468,bufones,48,5.789982847175815e-05
3469,surrealista,48,5.789982847175815e-05
3470,agárrenlo,48,5.789982847175815e-05
3471,recorrer,48,5.789982847175815e-05
3472,frenaba,48,5.789982847175815e-05
3473,furioso,48,5.789982847175815e-05
3474,recámara,48,5.789982847175815e-05
3475,dominaron,48,5.789982847175815e-05
3476,obvio,48,5.789982847175815e-05
3477,ladrón,48,5.789982847175815e-05
3478,murieron,48,5.789982847175815e-05
3479,bellezas,48,5.789982847175815e-05
3480,equilibrado,48,5.789982847175815e-05
3481,abrigos,48,5.789982847175815e-05
3482,salieron,48,5.789982847175815e-05
3483,cortaba,48,5.789982847175815e-05
3484,sentadita,48,5.789982847175815e-05
3485,cargaron,48,5.789982847175815e-05
3486,almohadones,48,5.789982847175815e-05
3487,sacarse,48,5.789982847175815e-05
3488,agitada,48,5.789982847175815e-05
3489,botellas,48,5.789982847175815e-05
3490,falsa,48,5.789982847175815e-05
3491,página,47,5.669358204526319e-05
3492,marcado,47,5.669358204526319e-05
3493,ida,47,5.669358204526319e-05
3494,seguíamos,47,5.669358204526319e-05
3495,sonriendo,47,5.669358204526319e-05
3496,oficinistas,47,5.669358204526319e-05
3497,malo,47,5.669358204526319e-05
3498,únicamente,47,5.669358204526319e-05
3499,gustado,47,5.669358204526319e-05
3500,rosca,47,5.669358204526319e-05
3501,encerrar,47,5.669358204526319e-05
3502,cuesta,47,5.669358204526319e-05
3503,amo,47,5.669358204526319e-05
3504,protegen,47,5.669358204526319e-05
3505,teñirme,47,5.669358204526319e-05
3506,iluminar,47,5.669358204526319e-05
3507,pedacito,47,5.669358204526319e-05
3508,sobrada,47,5.669358204526319e-05
3509,elocuencia,47,5.669358204526319e-05
3510,vigor,47,5.669358204526319e-05
3511,compañeros,47,5.669358204526319e-05
3512,decenas,47,5.669358204526319e-05
3513,cientos,47,5.669358204526319e-05
3514,haberse,47,5.669358204526319e-05
3515,lucha,47,5.669358204526319e-05
3516,quitan,47,5.669358204526319e-05
3517,ganas,47,5.669358204526319e-05
3518,caerse,47,5.669358204526319e-05
3519,fracasar,47,5.669358204526319e-05
3520,esperamos,47,5.669358204526319e-05
3521,horno,47,5.669358204526319e-05
3522,depende,47,5.669358204526319e-05
3523,tantas,47,5.669358204526319e-05
3524,tendríamos,47,5.669358204526319e-05
3525,primavera,47,5.669358204526319e-05
3526,leve,47,5.669358204526319e-05
3527,garabatos,47,5.669358204526319e-05
3528,anotadores,47,5.669358204526319e-05
3529,compararse,47,5.669358204526319e-05
3530,setecientas,47,5.669358204526319e-05
3531,descubierto,47,5.669358204526319e-05
3532,biológico,47,5.669358204526319e-05
3533,estará,47,5.669358204526319e-05
3534,extrañando,47,5.669358204526319e-05
3535,panza,47,5.669358204526319e-05
3536,proyecta,47,5.669358204526319e-05
3537,guitarra,47,5.669358204526319e-05
3538,desabrigarme,47,5.669358204526319e-05
3539,inquietó,47,5.669358204526319e-05
3540,caramelo,47,5.669358204526319e-05
3541,etiqueta,47,5.669358204526319e-05
3542,incluía,47,5.669358204526319e-05
3543,totalmente,47,5.669358204526319e-05
3544,hilo,47,5.669358204526319e-05
3545,campera,47,5.669358204526319e-05
3546,tela,47,5.669358204526319e-05
3547,plegada,47,5.669358204526319e-05
3548,algunas,47,5.669358204526319e-05
3549,dependencia,47,5.669358204526319e-05
3550,curiosos,47,5.669358204526319e-05
3551,dispositivos,47,5.669358204526319e-05
3552,fajas,47,5.669358204526319e-05
3553,grosera,47,5.669358204526319e-05
3554,frustración,47,5.669358204526319e-05
3555,simulan,47,5.669358204526319e-05
3556,vertical,47,5.669358204526319e-05
3557,cual,47,5.669358204526319e-05
3558,solución,47,5.669358204526319e-05
3559,conquista,47,5.669358204526319e-05
3560,contemporánea,47,5.669358204526319e-05
3561,humanidad,47,5.669358204526319e-05
3562,lápiz,47,5.669358204526319e-05
3563,—escribía,47,5.669358204526319e-05
3564,1819,47,5.669358204526319e-05
3565,theresa,47,5.669358204526319e-05
3566,tidy,47,5.669358204526319e-05
3567,dieciocho,47,5.669358204526319e-05
3568,máximas,47,5.669358204526319e-05
3569,pulcritud,47,5.669358204526319e-05
3570,orden’—,47,5.669358204526319e-05
3571,serán,47,5.669358204526319e-05
3572,inexpresable,47,5.669358204526319e-05
3573,comodidad,47,5.669358204526319e-05
3574,eliminar,47,5.669358204526319e-05
3575,prestar,47,5.669358204526319e-05
3576,surgió,47,5.669358204526319e-05
3577,oficio,47,5.669358204526319e-05
3578,pos,47,5.669358204526319e-05
3579,administrar,47,5.669358204526319e-05
3580,falsos,47,5.669358204526319e-05
3581,moldes,47,5.669358204526319e-05
3582,vestidos,47,5.669358204526319e-05
3583,incluir,47,5.669358204526319e-05
3584,charlotte,47,5.669358204526319e-05
3585,johnson,47,5.669358204526319e-05
3586,1954,47,5.669358204526319e-05
3587,tendrían,47,5.669358204526319e-05
3588,rebeldía,47,5.669358204526319e-05
3589,chelsea,47,5.669358204526319e-05
3590,teléfonos,47,5.669358204526319e-05
3591,remotamente,47,5.669358204526319e-05
3592,humilde,47,5.669358204526319e-05
3593,dicen,47,5.669358204526319e-05
3594,dinamarca,47,5.669358204526319e-05
3595,importar,47,5.669358204526319e-05
3596,siento,47,5.669358204526319e-05
3597,contribuyo,47,5.669358204526319e-05
3598,validez,47,5.669358204526319e-05
3599,tengamos,47,5.669358204526319e-05
3600,indicar,47,5.669358204526319e-05
3601,sepamos,47,5.669358204526319e-05
3602,seguros,47,5.669358204526319e-05
3603,correctas,47,5.669358204526319e-05
3604,confundimos,47,5.669358204526319e-05
3605,labor,47,5.669358204526319e-05
3606,trailer,47,5.669358204526319e-05
3607,avance,47,5.669358204526319e-05
3608,vistazo,47,5.669358204526319e-05
3609,perspectiva,47,5.669358204526319e-05
3610,raras,47,5.669358204526319e-05
3611,redondo,47,5.669358204526319e-05
3612,fenómeno,47,5.669358204526319e-05
3613,particular,47,5.669358204526319e-05
3614,infectados,47,5.669358204526319e-05
3615,sáquenle,47,5.669358204526319e-05
3616,llévenlo,47,5.669358204526319e-05
3617,violeta,47,5.669358204526319e-05
3618,desaire,47,5.669358204526319e-05
3619,—de,47,5.669358204526319e-05
3620,excluida,47,5.669358204526319e-05
3621,doble,47,5.669358204526319e-05
3622,sexo,47,5.669358204526319e-05
3623,posara,47,5.669358204526319e-05
3624,cortar,47,5.669358204526319e-05
3625,sacamos,47,5.669358204526319e-05
3626,parada,47,5.669358204526319e-05
3627,contratado,47,5.669358204526319e-05
3628,decorarla,47,5.669358204526319e-05
3629,transfusiones,47,5.669358204526319e-05
3630,posición,46,5.548733561876823e-05
3631,beatles,46,5.548733561876823e-05
3632,capa,46,5.548733561876823e-05
3633,empieza,46,5.548733561876823e-05
3634,derretir,46,5.548733561876823e-05
3635,miramos,46,5.548733561876823e-05
3636,desproporcionado,46,5.548733561876823e-05
3637,tarta,46,5.548733561876823e-05
3638,tonterías,46,5.548733561876823e-05
3639,cubre,46,5.548733561876823e-05
3640,evidente,46,5.548733561876823e-05
3641,tapara,46,5.548733561876823e-05
3642,momentos,46,5.548733561876823e-05
3643,cualidades,46,5.548733561876823e-05
3644,aprovecho,46,5.548733561876823e-05
3645,derritan,46,5.548733561876823e-05
3646,estarán,46,5.548733561876823e-05
3647,animalitos,46,5.548733561876823e-05
3648,disco,46,5.548733561876823e-05
3649,naciera,46,5.548733561876823e-05
3650,miraría,46,5.548733561876823e-05
3651,código,46,5.548733561876823e-05
3652,cosida,46,5.548733561876823e-05
3653,gracias,46,5.548733561876823e-05
3654,juego,46,5.548733561876823e-05
3655,pelusa,46,5.548733561876823e-05
3656,migajas,46,5.548733561876823e-05
3657,posesiones,46,5.548733561876823e-05
3658,manifestar,46,5.548733561876823e-05
3659,accederse,46,5.548733561876823e-05
3660,subóptima,46,5.548733561876823e-05
3661,finales,46,5.548733561876823e-05
3662,enaguas,46,5.548733561876823e-05
3663,imágenes,46,5.548733561876823e-05
3664,resguardar,46,5.548733561876823e-05
3665,artículos,46,5.548733561876823e-05
3666,invención,46,5.548733561876823e-05
3667,vestir,46,5.548733561876823e-05
3668,diminutas,46,5.548733561876823e-05
3669,foro,46,5.548733561876823e-05
3670,christian,46,5.548733561876823e-05
3671,dior,46,5.548733561876823e-05
3672,resumir,46,5.548733561876823e-05
3673,decoración,46,5.548733561876823e-05
3674,navegar,46,5.548733561876823e-05
3675,escritos,46,5.548733561876823e-05
3676,migró,46,5.548733561876823e-05
3677,armas,46,5.548733561876823e-05
3678,superficial,46,5.548733561876823e-05
3679,verán,46,5.548733561876823e-05
3680,comprar,46,5.548733561876823e-05
3681,paranoia,46,5.548733561876823e-05
3682,debería,46,5.548733561876823e-05
3683,tenerse,46,5.548733561876823e-05
3684,seas,46,5.548733561876823e-05
3685,frase,46,5.548733561876823e-05
3686,asociamos,46,5.548733561876823e-05
3687,analizarla,46,5.548733561876823e-05
3688,muevo,46,5.548733561876823e-05
3689,enemigo,46,5.548733561876823e-05
3690,cantaban,46,5.548733561876823e-05
3691,malditos,46,5.548733561876823e-05
3692,carnaval,46,5.548733561876823e-05
3693,horca,46,5.548733561876823e-05
3694,buen,46,5.548733561876823e-05
3695,conmigo,46,5.548733561876823e-05
3696,tapaban,46,5.548733561876823e-05
3697,velas,46,5.548733561876823e-05
3698,cabecera,46,5.548733561876823e-05
3699,posó,46,5.548733561876823e-05
3700,cambiar,45,5.428108919227327e-05
3701,triste,45,5.428108919227327e-05
3702,línea,45,5.428108919227327e-05
3703,tantos,45,5.428108919227327e-05
3704,empezar,45,5.428108919227327e-05
3705,desvanecido,45,5.428108919227327e-05
3706,estando,45,5.428108919227327e-05
3707,ejemplificar,45,5.428108919227327e-05
3708,copo,45,5.428108919227327e-05
3709,seguramente,45,5.428108919227327e-05
3710,instantes,45,5.428108919227327e-05
3711,acordaron,45,5.428108919227327e-05
3712,renovar,45,5.428108919227327e-05
3713,escrita,45,5.428108919227327e-05
3714,cierro,45,5.428108919227327e-05
3715,invita,45,5.428108919227327e-05
3716,contar,45,5.428108919227327e-05
3717,calentar,45,5.428108919227327e-05
3718,actitud,45,5.428108919227327e-05
3719,sacos,45,5.428108919227327e-05
3720,chalecos,45,5.428108919227327e-05
3721,entrado,45,5.428108919227327e-05
3722,contaba,45,5.428108919227327e-05
3723,usaban,45,5.428108919227327e-05
3724,rara,45,5.428108919227327e-05
3725,notamos,45,5.428108919227327e-05
3726,inútiles,45,5.428108919227327e-05
3727,cartera,45,5.428108919227327e-05
3728,demasiado,45,5.428108919227327e-05
3729,públicos,45,5.428108919227327e-05
3730,trasladar,45,5.428108919227327e-05
3731,lleve,45,5.428108919227327e-05
3732,útiles,45,5.428108919227327e-05
3733,obligadas,45,5.428108919227327e-05
3734,objetos,45,5.428108919227327e-05
3735,ahogaba,45,5.428108919227327e-05
3736,nombrar,45,5.428108919227327e-05
3737,puestos,45,5.428108919227327e-05
3738,cambiando,45,5.428108919227327e-05
3739,estiró,45,5.428108919227327e-05
3740,fabricar,45,5.428108919227327e-05
3741,espanto,45,5.428108919227327e-05
3742,quejaba,45,5.428108919227327e-05
3743,diera,45,5.428108919227327e-05
3744,renovarlo,44,5.307484276577831e-05
3745,fugaces,44,5.307484276577831e-05
3746,calidez,44,5.307484276577831e-05
3747,aventuras,44,5.307484276577831e-05
3748,escaso,44,5.307484276577831e-05
3749,ajeno,44,5.307484276577831e-05
3750,gilman,44,5.307484276577831e-05
3751,rescata,44,5.307484276577831e-05
3752,diarias,44,5.307484276577831e-05
3753,sábanas,44,5.307484276577831e-05
3754,viene,44,5.307484276577831e-05
3755,cuadra,44,5.307484276577831e-05
3756,volcaron,44,5.307484276577831e-05
3757,confitería,44,5.307484276577831e-05
3758,normales,44,5.307484276577831e-05
3759,sidra,44,5.307484276577831e-05
3760,bocado,44,5.307484276577831e-05
3761,mochila,44,5.307484276577831e-05
3762,tardan,43,5.1868596339283346e-05
3763,modernos,43,5.1868596339283346e-05
3764,desprecio,43,5.1868596339283346e-05
3765,paul,43,5.1868596339283346e-05
3766,amaba,43,5.1868596339283346e-05
3767,ronda,43,5.1868596339283346e-05
3768,blancos,43,5.1868596339283346e-05
3769,tejer,42,5.0662349912788384e-05
3770,usamos,42,5.0662349912788384e-05
3771,summers,42,5.0662349912788384e-05
3772,aspiro,42,5.0662349912788384e-05
3773,explico,42,5.0662349912788384e-05
3774,colcha,42,5.0662349912788384e-05
3775,originan,42,5.0662349912788384e-05
3776,bocanadas,42,5.0662349912788384e-05
3777,muerta,42,5.0662349912788384e-05
3778,esconderse,42,5.0662349912788384e-05
3779,casar,42,5.0662349912788384e-05
3780,ganadores,41,4.945610348629342e-05
3781,humo,41,4.945610348629342e-05
3782,suspiro,41,4.945610348629342e-05
3783,asombro,41,4.945610348629342e-05
3784,registrado,41,4.945610348629342e-05
3785,basta,40,4.824985705979846e-05
3786,ausencia,40,4.824985705979846e-05
3787,soy,40,4.824985705979846e-05
3788,salida,40,4.824985705979846e-05
3789,boda,40,4.824985705979846e-05
3790,fuimos,39,4.70436106333035e-05
3791,infierno,39,4.70436106333035e-05
3792,terror,39,4.70436106333035e-05
3793,muecas,39,4.70436106333035e-05
3794,viscosa,38,4.583736420680854e-05
3795,gimnasio,38,4.583736420680854e-05
3796,hambre,38,4.583736420680854e-05
3797,tiernos,38,4.583736420680854e-05
3798,frío,38,4.583736420680854e-05
3799,canal,38,4.583736420680854e-05
3800,canto,37,4.463111778031358e-05
3801,indispensables,37,4.463111778031358e-05
3802,mía,37,4.463111778031358e-05
3803,tocarlos,37,4.463111778031358e-05
3804,calles,37,4.463111778031358e-05
3805,lujos,37,4.463111778031358e-05
3806,igualdad,36,4.342487135381862e-05
3807,política,36,4.342487135381862e-05
3808,alarma,36,4.342487135381862e-05
3809,humano,35,4.2218624927323656e-05
3810,humana,35,4.2218624927323656e-05
3811,frías,35,4.2218624927323656e-05
3812,pesa,35,4.2218624927323656e-05
3813,ojotas,35,4.2218624927323656e-05
3814,dudaba,35,4.2218624927323656e-05
3815,empate,34,4.101237850082869e-05
3816,duda,34,4.101237850082869e-05
3817,fabricado,34,4.101237850082869e-05
3818,cruza,33,3.980613207433373e-05
3819,unió,32,3.8599885647838766e-05
3820,habló,32,3.8599885647838766e-05
3821,mellizos,31,3.7393639221343804e-05
3822,alba,30,3.618739279484884e-05
3823,actores,30,3.618739279484884e-05
3824,respirar,30,3.618739279484884e-05
3825,engañar,29,3.498114636835388e-05
3826,peor,29,3.498114636835388e-05
3827,miré,29,3.498114636835388e-05
3828,terminara,29,3.498114636835388e-05
3829,tajo,28,3.377489994185892e-05
3830,sano,28,3.377489994185892e-05
3831,límites,28,3.377489994185892e-05
3832,cena,27,3.256865351536396e-05
3833,gloria,26,3.1362407088869e-05
3834,honor,26,3.1362407088869e-05
3835,perdedores,26,3.1362407088869e-05
3836,género,26,3.1362407088869e-05
3837,movía,25,3.0156160662374037e-05
3838,sur,24,2.8949914235879076e-05
3839,oí,23,2.7743667809384115e-05
3840,empatía,23,2.7743667809384115e-05
3841,melón,21,2.5331174956394192e-05
3842,puesta,17,2.0506189250414344e-05
3843,p,16,1.9299942823919383e-05
3844,bar,14,1.688744997092946e-05
3845,g,13,1.56812035444345e-05
3846,aires,5,6.031232132474808e-06
