rank,token,count,relative_frequency
1,la,17329,0.023036469646736023
2,que,17208,0.022875617155117635
3,de,14392,0.019132140986544224
4,el,10321,0.013720318727218102
5,en,8268,0.010991143807444944
6,los,7206,0.009579364087620739
7,un,6965,0.009258988463818825
8,se,6872,0.009135358036376592
9,a,6446,0.008569050917125074
10,una,6032,0.008018696111091909
11,había,5332,0.007088144506688008
12,no,4833,0.0064247941486915115
13,por,4585,0.006095113008845558
14,con,4539,0.006033962474841873
15,cuando,4464,0.005934260517227169
16,para,4372,0.005811959449219799
17,su,4369,0.005807971370915211
18,y,4361,0.005797336495436309
19,las,4336,0.005764102509564741
20,pero,3942,0.005240334892228831
21,estaba,3801,0.0050528952119131875
22,del,3655,0.004858808734423231
23,lo,3371,0.004481270654922219
24,como,3159,0.004199446454731323
25,era,3105,0.0041276610452487365
26,después,2993,0.003978772788544112
27,hasta,2694,0.0035812943175201595
28,todo,2481,0.003298140757894401
29,más,2467,0.003279529725806323
30,porque,2402,0.0031931213625402462
31,al,2353,0.0031279827502319734
32,tenía,2173,0.002888698051956684
33,le,2166,0.002879392535912645
34,fue,2075,0.002758420827340138
35,bolsillos,1918,0.0025497113960666912
36,ella,1874,0.002491219580932732
37,casa,1818,0.0024167754525804197
38,sus,1755,0.0023330258081840686
39,también,1745,0.0023197322138354412
40,todos,1700,0.002259911039266619
41,desde,1687,0.0022426293666134036
42,ese,1626,0.002161538441086778
43,si,1625,0.002160209081651915
44,sobre,1625,0.002160209081651915
45,es,1609,0.0021389393306941117
46,nunca,1588,0.0021110227825619945
47,me,1577,0.0020963998287785047
48,esa,1572,0.0020897530316041912
49,eso,1521,0.0020219557004261925
50,sin,1515,0.0020139795438170165
51,mientras,1432,0.0019036427107234108
52,dijo,1388,0.0018451508955894512
53,día,1388,0.0018451508955894512
54,noche,1374,0.0018265398635013731
55,vez,1364,0.001813246269152746
56,mi,1359,0.0018065994719784326
57,nadie,1307,0.001737472781365571
58,nos,1306,0.0017361434219307086
59,dos,1304,0.0017334847030609831
60,familia,1287,0.0017108855926683169
61,eran,1248,0.001659040574708671
62,nada,1243,0.0016523937775343573
63,entonces,1233,0.0016391001831857301
64,durante,1220,0.0016218185105325148
65,poco,1203,0.0015992194001398486
66,solo,1167,0.0015513624604847908
67,volvió,1163,0.00154604502274534
68,aunque,1161,0.0015433863038756144
69,alejandro,1138,0.001512811036873772
70,qué,1131,0.0015035055208297329
71,siempre,1129,0.0015008468019600076
72,antes,1120,0.001488882567046243
73,él,1087,0.0014450137056957735
74,leopoldo,1083,0.0014396962679563226
75,algo,1055,0.0014024742037801665
76,años,1054,0.0014011448443453037
77,esta,1052,0.0013984861254755783
78,cada,1039,0.001381204452822363
79,tan,1037,0.0013785457339526375
80,podía,1023,0.0013599347018645595
81,ahí,1021,0.0013572759829948342
82,hermano,1002,0.0013320181537324425
83,emilia,985,0.0013094190433397762
84,jordán,980,0.0013027722461654628
85,donde,975,0.0012961254489911491
86,así,958,0.0012735263385984829
87,estaban,957,0.0012721969791636202
88,hombre,947,0.001258903384814993
89,ahora,945,0.0012562446659452676
90,matías,939,0.0012482685093360914
91,wakefield,938,0.0012469391499012287
92,cabeza,931,0.0012376336338571895
93,bien,930,0.0012363042744223268
94,primera,930,0.0012363042744223268
95,hacer,910,0.0012097170857250726
96,gente,907,0.0012057290074204844
97,menos,906,0.0012043996479856216
98,habían,896,0.0011911060536369945
99,ya,885,0.0011764830998535047
100,adrianita,880,0.001169836302679191
101,mismo,879,0.0011685069432443283
102,entre,872,0.0011592014272002894
103,madwell,872,0.0011592014272002894
104,empezó,870,0.001156542708330564
105,ojos,852,0.001132614238503035
106,veces,816,0.0010847572988479772
107,mañana,809,0.001075451782803938
108,vida,808,0.0010741224233690753
109,haciendo,794,0.0010555113912809973
110,puerta,792,0.0010528526724112718
111,nuestra,787,0.0010462058752369584
112,tenían,771,0.0010249361242791548
113,solamente,767,0.001019618686539704
114,otro,766,0.0010182893271048412
115,mucho,757,0.0010063250921910768
116,cuerpo,749,0.0009956902167121751
117,halcrow,736,0.0009784085440589598
118,está,727,0.0009664443091451953
119,venía,722,0.0009597975119708817
120,tomás,718,0.0009544800742314309
121,les,716,0.0009518213553617054
122,alguien,708,0.0009411864798828036
123,todas,707,0.000939857120447941
124,sentía,705,0.0009371984015782155
125,tiempo,697,0.0009265635260993138
126,silencio,685,0.0009106112128809612
127,marido,681,0.0009052937751415103
128,nosotros,673,0.0008946588996626086
129,tener,669,0.0008893414619231577
130,yo,668,0.000888012102488295
131,momento,667,0.0008866827430534322
132,muy,665,0.0008840240241837069
133,cosas,664,0.0008826946647488441
134,ellos,663,0.0008813653053139814
135,mirada,662,0.0008800359458791187
136,mirando,661,0.0008787065864442559
137,llegó,660,0.0008773772270093932
138,esposa,659,0.0008760478675745306
139,padres,659,0.0008760478675745306
140,tarde,658,0.0008747185081396678
141,ver,654,0.0008694010704002169
142,cama,650,0.0008640836326607661
143,personas,647,0.0008600955543561779
144,estar,641,0.0008521193977470016
145,vieja,641,0.0008521193977470016
146,silvia,641,0.0008521193977470016
147,otra,639,0.0008494606788772762
148,pasar,639,0.0008494606788772762
149,benjamín,638,0.0008481313194424135
150,quedó,635,0.0008441432411378253
151,humberta,628,0.0008348377250937863
152,tanto,626,0.0008321790062240608
153,pasó,626,0.0008321790062240608
154,uno,621,0.0008255322090497473
155,sangre,618,0.0008215441307451592
156,entender,616,0.0008188854118754337
157,nena,613,0.0008148973335708455
158,tiene,609,0.0008095798958313947
159,tuvo,608,0.000808250536396532
160,parecía,603,0.0008016037392222184
161,patio,601,0.0007989450203524929
162,mujer,600,0.0007976156609176302
163,siguiente,599,0.0007962863014827675
164,mano,599,0.0007962863014827675
165,habitación,599,0.0007962863014827675
166,berta,599,0.0007962863014827675
167,ni,596,0.0007922982231781794
168,invierno,595,0.0007909688637433166
169,casi,591,0.0007856514260038658
170,luz,587,0.0007803339882644149
171,enseguida,587,0.0007803339882644149
172,mundo,578,0.0007683697533506505
173,fueron,577,0.0007670403939157878
174,perdido,576,0.000765711034480925
175,quiso,573,0.0007617229561763368
176,realidad,571,0.0007590642373066115
177,cuenta,564,0.0007497587212625725
178,lentamente,563,0.0007484293618277097
179,sirvienta,562,0.000747100002392847
180,algún,559,0.0007431119240882588
181,llevar,554,0.0007364651269139452
182,espejo,553,0.0007351357674790825
183,cuatro,551,0.0007324770486093571
184,alicia,547,0.0007271596108699062
185,tía,546,0.0007258302514350435
186,madre,545,0.0007245008920001807
187,trac,542,0.0007205128136955927
188,o,526,0.0006992430627377891
189,padre,526,0.0006992430627377891
190,contra,525,0.0006979137033029264
191,pronto,523,0.000695254984433201
192,terminó,520,0.0006912669061286128
193,parece,520,0.0006912669061286128
194,muerto,519,0.0006899375466937501
195,hubo,517,0.0006872788278240248
196,muerte,516,0.000685949468389162
197,idiotas,512,0.0006806320306497111
198,mujeres,509,0.000676643952345123
199,mazzini,508,0.0006753145929102603
200,instante,507,0.0006739852334753975
201,perro,506,0.0006726558740405348
202,preguntó,504,0.0006699971551708094
203,daba,500,0.0006646797174313585
204,vio,500,0.0006646797174313585
205,ser,497,0.0006606916391267704
206,hacía,496,0.0006593622796919077
207,lado,494,0.0006567035608221822
208,días,494,0.0006567035608221822
209,sabía,494,0.0006567035608221822
210,siquiera,492,0.0006540448419524568
211,medio,488,0.0006487274042130059
212,forma,486,0.0006460686853432805
213,ropa,483,0.0006420806070386924
214,pudo,483,0.0006420806070386924
215,saber,482,0.0006407512476038296
216,apenas,481,0.0006394218881689669
217,adentro,478,0.0006354338098643787
218,fotógrafo,478,0.0006354338098643787
219,llegar,476,0.0006327750909946534
220,cosa,475,0.0006314457315597906
221,mis,475,0.0006314457315597906
222,última,472,0.0006274576532552024
223,hora,466,0.0006194814966460261
224,tampoco,464,0.0006168227777763007
225,hace,462,0.0006141640589065753
226,habitaciones,460,0.0006115053400368498
227,algunos,459,0.0006101759806019871
228,todavía,459,0.0006101759806019871
229,mirar,457,0.0006075172617322616
230,además,453,0.0006021998239928108
231,calle,453,0.0006021998239928108
232,segundo,453,0.0006021998239928108
233,hombres,452,0.0006008704645579481
234,atención,450,0.0005982117456882227
235,imbécil,448,0.0005955530268184973
236,quizá,447,0.0005942236673836345
237,manos,445,0.0005915649485139091
238,finalmente,445,0.0005915649485139091
239,frente,438,0.00058225943246987
240,fuerte,435,0.000578271354165282
241,siglo,435,0.000578271354165282
242,unas,434,0.0005769419947304192
243,toda,433,0.0005756126352955565
244,pobre,433,0.0005756126352955565
245,igual,433,0.0005756126352955565
246,decir,432,0.0005742832758606937
247,poder,432,0.0005742832758606937
248,embargo,430,0.0005716245569909683
249,volvieron,430,0.0005716245569909683
250,próspero,430,0.0005716245569909683
251,agua,429,0.0005702951975561057
252,cualquier,426,0.0005663071192515175
253,hay,424,0.000563648400381792
254,cómo,423,0.0005623190409469293
255,quién,421,0.0005596603220772039
256,ideas,420,0.0005583309626423412
257,árboles,419,0.0005570016032074784
258,ciudad,419,0.0005570016032074784
259,junto,418,0.0005556722437726157
260,pensar,416,0.0005530135249028903
261,piso,416,0.0005530135249028903
262,manera,415,0.0005516841654680276
263,pensamiento,415,0.0005516841654680276
264,quería,415,0.0005516841654680276
265,bertita,411,0.0005463667277285767
266,seguía,410,0.000545037368293714
267,podían,408,0.0005423786494239886
268,iba,407,0.0005410492899891259
269,idea,407,0.0005410492899891259
270,completamente,406,0.0005397199305542631
271,empezaron,403,0.0005357318522496749
272,muchas,403,0.0005357318522496749
273,llegaba,402,0.0005344024928148123
274,siete,402,0.0005344024928148123
275,podemos,401,0.0005330731333799496
276,tapial,401,0.0005330731333799496
277,fuera,399,0.0005304144145102241
278,sino,399,0.0005304144145102241
279,aquella,399,0.0005304144145102241
280,salía,397,0.0005277556956404986
281,linterna,397,0.0005277556956404986
282,nuestras,395,0.0005250969767707733
283,levantó,392,0.0005211088984661851
284,pasado,389,0.000517120820161597
285,alguna,386,0.0005131327418570088
286,estamos,385,0.000511803382422146
287,capitán,383,0.0005091446635524206
288,dice,381,0.0005064859446826952
289,pensando,380,0.0005051565852478325
290,lejos,380,0.0005051565852478325
291,sido,380,0.0005051565852478325
292,dormir,380,0.0005051565852478325
293,médico,379,0.0005038272258129698
294,capataz,378,0.000502497866378107
295,puso,377,0.0005011685069432443
296,cuanto,377,0.0005011685069432443
297,entró,376,0.0004998391475083816
298,cuarto,375,0.0004985097880735189
299,usted,375,0.0004985097880735189
300,funcionario,375,0.0004985097880735189
301,cielo,373,0.0004958510692037935
302,llevaron,372,0.0004945217097689307
303,explicación,371,0.000493192350334068
304,ningún,371,0.000493192350334068
305,música,370,0.0004918629908992053
306,mayor,369,0.0004905336314643425
307,hablaba,369,0.0004905336314643425
308,pasaron,369,0.0004905336314643425
309,este,368,0.0004892042720294799
310,dio,368,0.0004892042720294799
311,churchill,367,0.0004878749125946172
312,naturaleza,366,0.00048654555315975445
313,hijo,364,0.000483886834290029
314,encontrar,363,0.0004825574748551663
315,siguió,363,0.0004825574748551663
316,patineta,363,0.0004825574748551663
317,cobre,363,0.0004825574748551663
318,aparece,362,0.00048122811542030357
319,bolsillo,361,0.00047989875598544084
320,terminaba,360,0.00047856939655057816
321,tomar,360,0.00047856939655057816
322,viento,360,0.00047856939655057816
323,misma,357,0.00047458131824598996
324,alegría,356,0.0004732519588111273
325,esos,356,0.0004732519588111273
326,historia,356,0.0004732519588111273
327,mamá,356,0.0004732519588111273
328,nuestro,355,0.00047192259937626455
329,pensaba,354,0.0004705932399414018
330,recién,354,0.0004705932399414018
331,atrás,354,0.0004705932399414018
332,decidido,353,0.00046926388050653914
333,celia,353,0.00046926388050653914
334,mejor,352,0.0004679345210716764
335,quizás,352,0.0004679345210716764
336,bajo,351,0.00046660516163681367
337,volver,349,0.00046394644276708826
338,sintió,348,0.0004626170833322255
339,raro,344,0.00045729964559277465
340,nombre,344,0.00045729964559277465
341,ante,343,0.00045597028615791197
342,pasaba,341,0.0004533115672881865
343,incluso,341,0.0004533115672881865
344,número,341,0.0004533115672881865
345,corriendo,340,0.0004519822078533238
346,accidente,338,0.00044932348898359836
347,justo,336,0.00044666477011387295
348,pie,336,0.00044666477011387295
349,aparecen,335,0.0004453354106790102
350,miedo,335,0.0004453354106790102
351,cerca,335,0.0004453354106790102
352,tuvieron,335,0.0004453354106790102
353,caliente,332,0.00044134733237442207
354,cartas,332,0.00044134733237442207
355,músicos,331,0.00044001797293955933
356,luna,330,0.0004386886135046966
357,tratando,329,0.0004373592540698339
358,pasaban,329,0.0004373592540698339
359,adolescente,328,0.0004360298946349712
360,amigo,328,0.0004360298946349712
361,punto,327,0.00043470053520010846
362,trabajo,326,0.0004333711757652458
363,hecho,326,0.0004333711757652458
364,despertó,325,0.00043204181633038304
365,bosque,324,0.0004307124568955203
366,diferentes,324,0.0004307124568955203
367,vereda,324,0.0004307124568955203
368,final,323,0.00042938309746065763
369,tierra,323,0.00042938309746065763
370,cierto,322,0.0004280537380257949
371,primer,322,0.0004280537380257949
372,lugar,317,0.0004214069408514813
373,compró,316,0.0004200775814166186
374,cigarrillo,316,0.0004200775814166186
375,circo,315,0.0004187482219817559
376,nieve,314,0.00041741886254689314
377,príncipe,313,0.0004160895031120304
378,haber,311,0.000413430784242305
379,rubí,311,0.000413430784242305
380,directamente,310,0.00041210142480744226
381,podría,309,0.0004107720653725796
382,primeros,307,0.0004081133465028541
383,hablar,307,0.0004081133465028541
384,pianista,306,0.00040678398706799144
385,amor,306,0.00040678398706799144
386,problemas,306,0.00040678398706799144
387,túnica,304,0.000404125268198266
388,ciencia,303,0.00040279590876340324
389,puede,302,0.00040146654932854056
390,arcoíris,301,0.00040013718989367783
391,parte,300,0.0003988078304588151
392,pasando,300,0.0003988078304588151
393,color,299,0.0003974784710239524
394,tres,297,0.00039481975215422695
395,pudiera,297,0.00039481975215422695
396,minutos,297,0.00039481975215422695
397,apoyada,297,0.00039481975215422695
398,dentro,297,0.00039481975215422695
399,conocía,296,0.0003934903927193643
400,sí,295,0.00039216103328450154
401,decirle,295,0.00039216103328450154
402,vieron,294,0.0003908316738496388
403,verdad,293,0.0003895023144147761
404,brasil,293,0.0003895023144147761
405,estuviera,293,0.0003895023144147761
406,corazón,293,0.0003895023144147761
407,ventana,289,0.00038418487667532525
408,almohadón,288,0.0003828555172404625
409,colores,287,0.0003815261578055998
410,animales,287,0.0003815261578055998
411,ataúd,286,0.00038019679837073705
412,persona,286,0.00038019679837073705
413,fin,286,0.00038019679837073705
414,relleno,285,0.00037886743893587437
415,ruido,284,0.00037753807950101164
416,habrá,284,0.00037753807950101164
417,cuestión,284,0.00037753807950101164
418,cuchillo,284,0.00037753807950101164
419,pesar,284,0.00037753807950101164
420,natural,282,0.0003748793606312862
421,afuera,282,0.0003748793606312862
422,espacio,282,0.0003748793606312862
423,preparado,281,0.0003735500011964235
424,newton,280,0.00037222064176156076
425,carteras,279,0.0003708912823266981
426,miró,278,0.00036956192289183535
427,otros,278,0.00036956192289183535
428,educación,277,0.0003682325634569726
429,respondió,276,0.0003669032040221099
430,camino,276,0.0003669032040221099
431,representan,276,0.0003669032040221099
432,empecé,275,0.0003655738445872472
433,unos,275,0.0003655738445872472
434,pareció,274,0.00036424448515238447
435,blanco,274,0.00036424448515238447
436,tarea,274,0.00036424448515238447
437,escuela,274,0.00036424448515238447
438,caballo,274,0.00036424448515238447
439,primero,274,0.00036424448515238447
440,recordar,273,0.00036291512571752174
441,salir,272,0.00036158576628265906
442,escuchaba,271,0.0003602564068477963
443,espectáculo,271,0.0003602564068477963
444,sea,270,0.0003589270474129336
445,tomó,270,0.0003589270474129336
446,pueblo,270,0.0003589270474129336
447,hotel,269,0.0003575976879780709
448,iban,268,0.0003562683285432082
449,recuerdo,267,0.00035493896910834545
450,larga,266,0.0003536096096734827
451,dejaron,265,0.00035228025023862004
452,médicos,265,0.00035228025023862004
453,sol,265,0.00035228025023862004
454,abanicaba,265,0.00035228025023862004
455,subte,264,0.0003509508908037573
456,única,264,0.0003509508908037573
457,vivir,263,0.00034962153136889457
458,hacia,263,0.00034962153136889457
459,visto,262,0.0003482921719340319
460,seguro,262,0.0003482921719340319
461,paisaje,261,0.00034696281249916916
462,fueran,261,0.00034696281249916916
463,gritó,260,0.0003456334530643064
464,punta,260,0.0003456334530643064
465,vista,260,0.0003456334530643064
466,imposible,259,0.0003443040936294437
467,escrutinio,259,0.0003443040936294437
468,último,259,0.0003443040936294437
469,tranquilidad,259,0.0003443040936294437
470,señorita,259,0.0003443040936294437
471,cuerpos,258,0.000342974734194581
472,cara,257,0.0003416453747597183
473,posibilidad,257,0.0003416453747597183
474,animal,257,0.0003416453747597183
475,masa,257,0.0003416453747597183
476,peste,257,0.0003416453747597183
477,esperando,256,0.00034031601532485555
478,fondo,256,0.00034031601532485555
479,conocimiento,256,0.00034031601532485555
480,delicadamente,256,0.00034031601532485555
481,hoy,255,0.00033898665588999287
482,segunda,255,0.00033898665588999287
483,cualquiera,255,0.00033898665588999287
484,brazo,254,0.00033765729645513013
485,sonrisa,253,0.0003363279370202674
486,suerte,253,0.0003363279370202674
487,misterio,253,0.0003363279370202674
488,llegara,253,0.0003363279370202674
489,entero,252,0.0003349985775854047
490,darse,252,0.0003349985775854047
491,fácil,252,0.0003349985775854047
492,estado,252,0.0003349985775854047
493,ir,251,0.000333669218150542
494,aire,251,0.000333669218150542
495,ferracioli,251,0.000333669218150542
496,tal,250,0.00033233985871567926
497,resto,250,0.00033233985871567926
498,salió,250,0.00033233985871567926
499,corrió,249,0.0003310104992808165
500,querían,248,0.00032968113984595384
501,muchos,248,0.00032968113984595384
502,barrio,248,0.00032968113984595384
503,rostro,248,0.00032968113984595384
504,anterior,247,0.0003283517804110911
505,pedir,247,0.0003283517804110911
506,pusieron,247,0.0003283517804110911
507,desgracia,247,0.0003283517804110911
508,distintos,246,0.0003270224209762284
509,inmenso,246,0.0003270224209762284
510,equilibrio,245,0.0003256930615413657
511,dejado,244,0.00032436370210650297
512,extraño,244,0.00032436370210650297
513,béisbol,244,0.00032436370210650297
514,reja,244,0.00032436370210650297
515,almorzar,244,0.00032436370210650297
516,ta,244,0.00032436370210650297
517,caminar,242,0.0003217049832367775
518,luego,242,0.0003217049832367775
519,fuerza,242,0.0003217049832367775
520,llevaba,242,0.0003217049832367775
521,tipo,241,0.0003203756238019148
522,pasé,239,0.00031771690493218936
523,enferma,239,0.00031771690493218936
524,puedo,238,0.0003163875454973267
525,intimidad,238,0.0003163875454973267
526,recibir,238,0.0003163875454973267
527,cambio,237,0.00031505818606246394
528,convulsiones,237,0.00031505818606246394
529,decidieron,236,0.0003137288266276012
530,supuesto,236,0.0003137288266276012
531,debajo,236,0.0003137288266276012
532,jardín,236,0.0003137288266276012
533,avanzaba,236,0.0003137288266276012
534,abría,236,0.0003137288266276012
535,va,236,0.0003137288266276012
536,acostumbrada,236,0.0003137288266276012
537,magia,235,0.00031239946719273853
538,éxito,235,0.00031239946719273853
539,visitar,235,0.00031239946719273853
540,apoyó,235,0.00031239946719273853
541,llamaba,234,0.0003110701077578758
542,detuvo,234,0.0003110701077578758
543,visitante,234,0.0003110701077578758
544,máscara,234,0.0003110701077578758
545,evidencia,233,0.00030974074832301307
546,comunes,233,0.00030974074832301307
547,enorme,233,0.00030974074832301307
548,llevó,232,0.00030841138888815033
549,sabe,232,0.00030841138888815033
550,bate,231,0.00030708202945328765
551,quedaba,231,0.00030708202945328765
552,preguntar,231,0.00030708202945328765
553,dirección,230,0.0003057526700184249
554,longitudes,230,0.0003057526700184249
555,invitados,230,0.0003057526700184249
556,través,229,0.0003044233105835622
557,fracaso,229,0.0003044233105835622
558,plumas,229,0.0003044233105835622
559,callado,229,0.0003044233105835622
560,cámara,228,0.0003030939511486995
561,altura,228,0.0003030939511486995
562,entrada,228,0.0003030939511486995
563,desesperación,227,0.0003017645917138368
564,época,227,0.0003017645917138368
565,perdió,227,0.0003017645917138368
566,gobierno,227,0.0003017645917138368
567,película,226,0.00030043523227897404
568,privacidad,226,0.00030043523227897404
569,quinta,225,0.00029910587284411136
570,llamó,224,0.00029777651340924863
571,acerca,224,0.00029777651340924863
572,estas,224,0.00029777651340924863
573,media,224,0.00029777651340924863
574,clase,224,0.00029777651340924863
575,bosquecito,224,0.00029777651340924863
576,castillo,224,0.00029777651340924863
577,dónde,223,0.0002964471539743859
578,principio,223,0.0002964471539743859
579,plata,223,0.0002964471539743859
580,hermana,223,0.0002964471539743859
581,dedos,222,0.00029511779453952316
582,estela,221,0.0002937884351046605
583,atravesaba,221,0.0002937884351046605
584,ocultarle,221,0.0002937884351046605
585,hicieron,220,0.00029245907566979775
586,veía,220,0.00029245907566979775
587,hizo,219,0.000291129716234935
588,sola,219,0.000291129716234935
589,reflejo,219,0.000291129716234935
590,catorce,219,0.000291129716234935
591,estos,218,0.00028980035680007234
592,llamado,218,0.00028980035680007234
593,pregunta,217,0.0002884709973652096
594,paso,217,0.0002884709973652096
595,ocho,217,0.0002884709973652096
596,boca,216,0.0002871416379303469
597,dijeron,216,0.0002871416379303469
598,corte,215,0.00028581227849548414
599,lloraba,215,0.00028581227849548414
600,delicada,214,0.00028448291906062146
601,playa,214,0.00028448291906062146
602,canasto,214,0.00028448291906062146
603,dar,212,0.000281824200190896
604,terrible,212,0.000281824200190896
605,teléfono,211,0.0002804948407560333
606,contenido,211,0.0002804948407560333
607,dejó,211,0.0002804948407560333
608,siguieron,211,0.0002804948407560333
609,sale,211,0.0002804948407560333
610,bastante,210,0.0002791654813211706
611,carácter,210,0.0002791654813211706
612,allá,210,0.0002791654813211706
613,difícil,210,0.0002791654813211706
614,oscura,210,0.0002791654813211706
615,paralítica,210,0.0002791654813211706
616,lana,209,0.00027783612188630785
617,bolsillóloga,209,0.00027783612188630785
618,comenzaron,209,0.00027783612188630785
619,mascota,209,0.00027783612188630785
620,impuestos,209,0.00027783612188630785
621,gracioso,208,0.00027650676245144517
622,chicos,208,0.00027650676245144517
623,pantalones,208,0.00027650676245144517
624,cuántos,207,0.00027517740301658244
625,pies,207,0.00027517740301658244
626,pasara,207,0.00027517740301658244
627,pelo,207,0.00027517740301658244
628,pozo,207,0.00027517740301658244
629,cementerio,205,0.000272518684146857
630,vuelta,205,0.000272518684146857
631,hormigas,205,0.000272518684146857
632,familiar,204,0.0002711893247119943
633,chica,203,0.00026985996527713156
634,esfuerzo,203,0.00026985996527713156
635,dormía,203,0.00026985996527713156
636,antropocéntricos,203,0.00026985996527713156
637,pidió,201,0.00026720124640740615
638,pasos,201,0.00026720124640740615
639,varios,201,0.00026720124640740615
640,noticias,201,0.00026720124640740615
641,desnudo,200,0.0002658718869725434
642,cadáver,200,0.0002658718869725434
643,reloj,200,0.0002658718869725434
644,aspecto,200,0.0002658718869725434
645,aplausos,199,0.0002645425275376807
646,horas,199,0.0002645425275376807
647,salud,199,0.0002645425275376807
648,superstición,199,0.0002645425275376807
649,vuelve,199,0.0002645425275376807
650,secreto,199,0.0002645425275376807
651,discurso,198,0.00026321316810281795
652,espada,198,0.00026321316810281795
653,decidió,198,0.00026321316810281795
654,esto,197,0.00026188380866795527
655,jugar,197,0.00026188380866795527
656,repatriación,197,0.00026188380866795527
657,silla,197,0.00026188380866795527
658,preguntás,196,0.00026055444923309254
659,dejar,196,0.00026055444923309254
660,espalda,196,0.00026055444923309254
661,quedaron,195,0.0002592250897982298
662,entendió,195,0.0002592250897982298
663,cinco,195,0.0002592250897982298
664,mantenía,195,0.0002592250897982298
665,disfraz,195,0.0002592250897982298
666,quedar,194,0.0002578957303633671
667,libro,194,0.0002578957303633671
668,tristeza,194,0.0002578957303633671
669,claro,194,0.0002578957303633671
670,hiciera,193,0.0002565663709285044
671,guardar,193,0.0002565663709285044
672,desenfundó,193,0.0002565663709285044
673,cipolletti,193,0.0002565663709285044
674,detrás,193,0.0002565663709285044
675,escarlata,193,0.0002565663709285044
676,abuela,193,0.0002565663709285044
677,desproporcionadamente,192,0.00025523701149364166
678,digo,191,0.000253907652058779
679,cambiaban,191,0.000253907652058779
680,saqué,191,0.000253907652058779
681,gravedad,191,0.000253907652058779
682,llorar,191,0.000253907652058779
683,alucinaciones,191,0.000253907652058779
684,privilegios,191,0.000253907652058779
685,mayoría,190,0.00025257829262391625
686,afortunadamente,190,0.00025257829262391625
687,pecho,190,0.00025257829262391625
688,arena,190,0.00025257829262391625
689,concentrado,190,0.00025257829262391625
690,literatura,189,0.0002512489331890535
691,medida,189,0.0002512489331890535
692,comunicación,189,0.0002512489331890535
693,murió,189,0.0002512489331890535
694,auto,189,0.0002512489331890535
695,menores,189,0.0002512489331890535
696,pidieron,189,0.0002512489331890535
697,enciclopedia,189,0.0002512489331890535
698,hacían,188,0.0002499195737541908
699,morir,188,0.0002499195737541908
700,abuelo,187,0.0002485902143193281
701,acercó,187,0.0002485902143193281
702,hojas,187,0.0002485902143193281
703,funda,186,0.00024726085488446537
704,vivía,186,0.00024726085488446537
705,temprano,186,0.00024726085488446537
706,sos,186,0.00024726085488446537
707,llovía,186,0.00024726085488446537
708,sonaba,186,0.00024726085488446537
709,largo,185,0.00024593149544960264
710,proporcional,185,0.00024593149544960264
711,maravilloso,185,0.00024593149544960264
712,gritos,185,0.00024593149544960264
713,parapsicólogos,185,0.00024593149544960264
714,hijos,185,0.00024593149544960264
715,sirviente,185,0.00024593149544960264
716,somos,184,0.00024460213601473996
717,explicar,184,0.00024460213601473996
718,escenario,184,0.00024460213601473996
719,ambulancia,184,0.00024460213601473996
720,extranjero,184,0.00024460213601473996
721,clandestino,184,0.00024460213601473996
722,hubiera,183,0.00024327277657987722
723,guerra,183,0.00024327277657987722
724,nuevo,183,0.00024327277657987722
725,científica,183,0.00024327277657987722
726,menor,183,0.00024327277657987722
727,invitó,183,0.00024327277657987722
728,sentimiento,182,0.0002419434171450145
729,calor,182,0.0002419434171450145
730,despierta,182,0.0002419434171450145
731,rato,182,0.0002419434171450145
732,nacho,182,0.0002419434171450145
733,notaron,181,0.00024061405771015179
734,mortaja,181,0.00024061405771015179
735,probar,180,0.00023928469827528908
736,cincuenta,180,0.00023928469827528908
737,eventualmente,180,0.00023928469827528908
738,fascinantes,180,0.00023928469827528908
739,suele,180,0.00023928469827528908
740,onda,180,0.00023928469827528908
741,convencido,179,0.00023795533884042635
742,nulidad,179,0.00023795533884042635
743,tanta,179,0.00023795533884042635
744,fuego,179,0.00023795533884042635
745,mantuvieron,179,0.00023795533884042635
746,compasión,179,0.00023795533884042635
747,normal,178,0.00023662597940556364
748,año,178,0.00023662597940556364
749,cambia,178,0.00023662597940556364
750,intenté,178,0.00023662597940556364
751,tapaba,178,0.00023662597940556364
752,realmente,177,0.0002352966199707009
753,colegio,177,0.0002352966199707009
754,cosidos,177,0.0002352966199707009
755,preocupado,177,0.0002352966199707009
756,arriba,176,0.0002339672605358382
757,tocar,176,0.0002339672605358382
758,son,176,0.0002339672605358382
759,intentaba,176,0.0002339672605358382
760,caminó,175,0.0002326379011009755
761,habría,175,0.0002326379011009755
762,elección,175,0.0002326379011009755
763,están,175,0.0002326379011009755
764,creede,175,0.0002326379011009755
765,gesto,175,0.0002326379011009755
766,nervios,175,0.0002326379011009755
767,haya,174,0.00023130854166611276
768,protegido,174,0.00023130854166611276
769,perspectivas,174,0.00023130854166611276
770,sacudiendo,174,0.00023130854166611276
771,atontado,174,0.00023130854166611276
772,diez,174,0.00023130854166611276
773,matrimonio,174,0.00023130854166611276
774,desesperados,173,0.00022997918223125006
775,pocas,173,0.00022997918223125006
776,atravesado,173,0.00022997918223125006
777,posible,172,0.00022864982279638732
778,estuvieron,172,0.00022864982279638732
779,refutarlas,172,0.00022864982279638732
780,odio,172,0.00022864982279638732
781,erguido,172,0.00022864982279638732
782,lista,172,0.00022864982279638732
783,descompone,172,0.00022864982279638732
784,pasa,172,0.00022864982279638732
785,tranquilamente,171,0.00022732046336152462
786,xvii,171,0.00022732046336152462
787,independencia,171,0.00022732046336152462
788,ocurren,171,0.00022732046336152462
789,encima,171,0.00022732046336152462
790,noches,171,0.00022732046336152462
791,movimientos,171,0.00022732046336152462
792,tenemos,171,0.00022732046336152462
793,necrológicas,171,0.00022732046336152462
794,cierra,171,0.00022732046336152462
795,leer,170,0.0002259911039266619
796,decoradas,170,0.0002259911039266619
797,zapatillas,170,0.0002259911039266619
798,conocían,170,0.0002259911039266619
799,quien,169,0.00022466174449179918
800,suelo,169,0.00022466174449179918
801,esfuerzos,169,0.00022466174449179918
802,definitiva,169,0.00022466174449179918
803,enmudecido,169,0.00022466174449179918
804,convertido,169,0.00022466174449179918
805,parentela,169,0.00022466174449179918
806,linda,168,0.00022333238505693647
807,necesitamos,168,0.00022333238505693647
808,gestos,168,0.00022333238505693647
809,nueva,167,0.00022200302562207374
810,costumbre,167,0.00022200302562207374
811,tendrá,167,0.00022200302562207374
812,transpirar,167,0.00022200302562207374
813,abajo,167,0.00022200302562207374
814,nene,167,0.00022200302562207374
815,celebrar,167,0.00022200302562207374
816,envuelto,166,0.00022067366618721103
817,capacidad,166,0.00022067366618721103
818,verde,166,0.00022067366618721103
819,llega,166,0.00022067366618721103
820,felicidad,165,0.0002193443067523483
821,recorrido,165,0.0002193443067523483
822,cayó,165,0.0002193443067523483
823,inventó,165,0.0002193443067523483
824,viera,164,0.0002180149473174856
825,colgaban,164,0.0002180149473174856
826,buscamos,164,0.0002180149473174856
827,levántelo,164,0.0002180149473174856
828,foto,164,0.0002180149473174856
829,estupenda,163,0.0002166855878826229
830,metieron,163,0.0002166855878826229
831,voz,163,0.0002166855878826229
832,exacta,163,0.0002166855878826229
833,deberíamos,163,0.0002166855878826229
834,hipermelosos,163,0.0002166855878826229
835,propia,163,0.0002166855878826229
836,entrar,163,0.0002166855878826229
837,papá,163,0.0002166855878826229
838,flaquito,163,0.0002166855878826229
839,trabajar,162,0.00021535622844776016
840,avenida,162,0.00021535622844776016
841,café,162,0.00021535622844776016
842,pegó,162,0.00021535622844776016
843,trabajos,162,0.00021535622844776016
844,detestaba,162,0.00021535622844776016
845,creció,162,0.00021535622844776016
846,mal,162,0.00021535622844776016
847,anteriores,161,0.00021402686901289745
848,abrir,161,0.00021402686901289745
849,pudieran,161,0.00021402686901289745
850,hospital,161,0.00021402686901289745
851,llegaban,160,0.00021269750957803472
852,muchísima,160,0.00021269750957803472
853,crítico,160,0.00021269750957803472
854,tremenda,160,0.00021269750957803472
855,cayeron,160,0.00021269750957803472
856,visita,160,0.00021269750957803472
857,zona,160,0.00021269750957803472
858,precisiones,160,0.00021269750957803472
859,frecuente,159,0.000211368150143172
860,país,159,0.000211368150143172
861,canción,159,0.000211368150143172
862,mí,159,0.000211368150143172
863,poner,159,0.000211368150143172
864,escalar,159,0.000211368150143172
865,vueltas,159,0.000211368150143172
866,naranja,159,0.000211368150143172
867,durmiendo,159,0.000211368150143172
868,mejores,158,0.0002100387907083093
869,existe,158,0.0002100387907083093
870,general,158,0.0002100387907083093
871,entusiasma,158,0.0002100387907083093
872,alfiletero,158,0.0002100387907083093
873,esperaba,158,0.0002100387907083093
874,piensa,158,0.0002100387907083093
875,enteras,158,0.0002100387907083093
876,hermosos,158,0.0002100387907083093
877,quisiera,158,0.0002100387907083093
878,ve,158,0.0002100387907083093
879,importancia,157,0.00020870943127344657
880,parásito,157,0.00020870943127344657
881,nueve,157,0.00020870943127344657
882,debían,157,0.00020870943127344657
883,encontró,157,0.00020870943127344657
884,basura,157,0.00020870943127344657
885,replegó,157,0.00020870943127344657
886,mentira,157,0.00020870943127344657
887,correspondía,157,0.00020870943127344657
888,tengo,156,0.00020738007183858387
889,caer,156,0.00020738007183858387
890,esas,156,0.00020738007183858387
891,importa,156,0.00020738007183858387
892,lleva,156,0.00020738007183858387
893,decisión,156,0.00020738007183858387
894,izquierda,156,0.00020738007183858387
895,escapó,156,0.00020738007183858387
896,agarraron,156,0.00020738007183858387
897,pasillo,155,0.00020605071240372113
898,cayeran,155,0.00020605071240372113
899,hubiese,155,0.00020605071240372113
900,lluvia,155,0.00020605071240372113
901,panfleto,155,0.00020605071240372113
902,conseguido,154,0.00020472135296885843
903,violinista,154,0.00020472135296885843
904,figura,154,0.00020472135296885843
905,sujetaban,154,0.00020472135296885843
906,almohada,154,0.00020472135296885843
907,pánico,154,0.00020472135296885843
908,mitad,154,0.00020472135296885843
909,moribundo,154,0.00020472135296885843
910,acá,154,0.00020472135296885843
911,baldosas,154,0.00020472135296885843
912,lloró,154,0.00020472135296885843
913,cumpleaños,154,0.00020472135296885843
914,descubriera,154,0.00020472135296885843
915,funeral,154,0.00020472135296885843
916,pusiera,153,0.00020339199353399572
917,conversaciones,153,0.00020339199353399572
918,brigada,153,0.00020339199353399572
919,funeraria,152,0.000202062634099133
920,internos,152,0.000202062634099133
921,siluetas,152,0.000202062634099133
922,ambiente,152,0.000202062634099133
923,acompañado,152,0.000202062634099133
924,grandes,152,0.000202062634099133
925,medianoche,152,0.000202062634099133
926,palabra,151,0.00020073327466427028
927,funcionan,151,0.00020073327466427028
928,reclamo,151,0.00020073327466427028
929,amaneció,151,0.00020073327466427028
930,mesa,151,0.00020073327466427028
931,completo,151,0.00020073327466427028
932,alcanzaban,151,0.00020073327466427028
933,parientes,151,0.00020073327466427028
934,imaginaba,151,0.00020073327466427028
935,terraza,151,0.00020073327466427028
936,modorra,151,0.00020073327466427028
937,vallas,151,0.00020073327466427028
938,preparó,150,0.00019940391522940755
939,llevarse,150,0.00019940391522940755
940,cerraba,150,0.00019940391522940755
941,histeriqueamos,150,0.00019940391522940755
942,trasero,150,0.00019940391522940755
943,huir,150,0.00019940391522940755
944,presencia,150,0.00019940391522940755
945,oscuros,150,0.00019940391522940755
946,risa,149,0.00019807455579454484
947,grito,149,0.00019807455579454484
948,horrible,149,0.00019807455579454484
949,funciona,149,0.00019807455579454484
950,arruinara,149,0.00019807455579454484
951,llegado,149,0.00019807455579454484
952,interesó,149,0.00019807455579454484
953,agarró,148,0.00019674519635968214
954,cumplir,148,0.00019674519635968214
955,probable,148,0.00019674519635968214
956,prácticamente,148,0.00019674519635968214
957,siendo,148,0.00019674519635968214
958,emocional,148,0.00019674519635968214
959,marca,148,0.00019674519635968214
960,botines,148,0.00019674519635968214
961,sacó,147,0.0001954158369248194
962,entierro,147,0.0001954158369248194
963,necesidad,147,0.0001954158369248194
964,desarrollo,147,0.0001954158369248194
965,pésima,147,0.0001954158369248194
966,camillas,147,0.0001954158369248194
967,distancia,147,0.0001954158369248194
968,olor,147,0.0001954158369248194
969,fantasmagóricas,147,0.0001954158369248194
970,disgustos,147,0.0001954158369248194
971,derrumbado,147,0.0001954158369248194
972,levanté,146,0.0001940864774899567
973,soldados,146,0.0001940864774899567
974,pública,145,0.00019275711805509396
975,angustia,145,0.00019275711805509396
976,tomaron,145,0.00019275711805509396
977,salvaje,145,0.00019275711805509396
978,desconcertar,145,0.00019275711805509396
979,tras,144,0.00019142775862023126
980,aislados,144,0.00019142775862023126
981,quienes,144,0.00019142775862023126
982,imperceptible,144,0.00019142775862023126
983,sorpresa,144,0.00019142775862023126
984,pone,144,0.00019142775862023126
985,par,144,0.00019142775862023126
986,huevos,144,0.00019142775862023126
987,consiguió,143,0.00019009839918536853
988,quedara,143,0.00019009839918536853
989,masculina,143,0.00019009839918536853
990,dejando,143,0.00019009839918536853
991,mismos,143,0.00019009839918536853
992,consciencia,143,0.00019009839918536853
993,tendría,143,0.00019009839918536853
994,escapado,143,0.00019009839918536853
995,acuerdo,142,0.00018876903975050582
996,máscaras,142,0.00018876903975050582
997,encierro,142,0.00018876903975050582
998,sentaron,142,0.00018876903975050582
999,colgados,141,0.0001874396803156431
1000,tchaikovsky,141,0.0001874396803156431
1001,sentí,141,0.0001874396803156431
1002,contraejemplo,141,0.0001874396803156431
1003,hostil,141,0.0001874396803156431
1004,usar,141,0.0001874396803156431
1005,preferido,141,0.0001874396803156431
1006,clavados,141,0.0001874396803156431
1007,comer,141,0.0001874396803156431
1008,novia,141,0.0001874396803156431
1009,buena,140,0.00018611032088078038
1010,pude,140,0.00018611032088078038
1011,resistir,140,0.00018611032088078038
1012,herramientas,140,0.00018611032088078038
1013,manchas,140,0.00018611032088078038
1014,rechazo,140,0.00018611032088078038
1015,doce,140,0.00018611032088078038
1016,sonríe,140,0.00018611032088078038
1017,metrovías,139,0.00018478096144591767
1018,frasco,139,0.00018478096144591767
1019,bolsos,139,0.00018478096144591767
1020,fuente,139,0.00018478096144591767
1021,amílcar,139,0.00018478096144591767
1022,conserje,139,0.00018478096144591767
1023,regimiento,139,0.00018478096144591767
1024,buscar,139,0.00018478096144591767
1025,encantaba,139,0.00018478096144591767
1026,ocupado,139,0.00018478096144591767
1027,charco,139,0.00018478096144591767
1028,roja,139,0.00018478096144591767
1029,ninguna,139,0.00018478096144591767
1030,bailarines,139,0.00018478096144591767
1031,torta,139,0.00018478096144591767
1032,polvo,139,0.00018478096144591767
1033,detuviera,138,0.00018345160201105494
1034,horizonte,138,0.00018345160201105494
1035,nuestros,138,0.00018345160201105494
1036,universidad,138,0.00018345160201105494
1037,prisma,138,0.00018345160201105494
1038,vientre,138,0.00018345160201105494
1039,aprovechar,138,0.00018345160201105494
1040,mató,138,0.00018345160201105494
1041,futuro,138,0.00018345160201105494
1042,pretendiente,138,0.00018345160201105494
1043,velaron,137,0.00018212224257619224
1044,pudieron,137,0.00018212224257619224
1045,cuánto,137,0.00018212224257619224
1046,dibujo,137,0.00018212224257619224
1047,discusión,137,0.00018212224257619224
1048,curiosidad,137,0.00018212224257619224
1049,depresión,137,0.00018212224257619224
1050,entra,137,0.00018212224257619224
1051,auriculares,136,0.00018079288314132953
1052,saco,136,0.00018079288314132953
1053,sería,136,0.00018079288314132953
1054,caballeros,136,0.00018079288314132953
1055,adelgazara,136,0.00018079288314132953
1056,vertiginosa,136,0.00018079288314132953
1057,invencible,136,0.00018079288314132953
1058,deambulaba,136,0.00018079288314132953
1059,lugares,136,0.00018079288314132953
1060,empalagosa,136,0.00018079288314132953
1061,llegando,136,0.00018079288314132953
1062,invitado,136,0.00018079288314132953
1063,aplaudieron,136,0.00018079288314132953
1064,perrito,136,0.00018079288314132953
1065,mar,135,0.0001794635237064668
1066,implica,135,0.0001794635237064668
1067,procesos,135,0.0001794635237064668
1068,exactamente,135,0.0001794635237064668
1069,neurofisiológicos,135,0.0001794635237064668
1070,advertía,135,0.0001794635237064668
1071,cuero,135,0.0001794635237064668
1072,pertenecía,135,0.0001794635237064668
1073,cortina,135,0.0001794635237064668
1074,acabó,134,0.0001781341642716041
1075,carcajadas,134,0.0001781341642716041
1076,aprender,134,0.0001781341642716041
1077,bolsas,134,0.0001781341642716041
1078,nacieron,134,0.0001781341642716041
1079,espacios,134,0.0001781341642716041
1080,pileta,134,0.0001781341642716041
1081,asomaba,134,0.0001781341642716041
1082,querer,134,0.0001781341642716041
1083,acróbatas,134,0.0001781341642716041
1084,fui,133,0.00017680480483674136
1085,acaso,133,0.00017680480483674136
1086,presente,133,0.00017680480483674136
1087,xix,133,0.00017680480483674136
1088,constitutiva,133,0.00017680480483674136
1089,intranquilo,133,0.00017680480483674136
1090,palo,133,0.00017680480483674136
1091,llegaron,133,0.00017680480483674136
1092,caballerizas,133,0.00017680480483674136
1093,lindo,133,0.00017680480483674136
1094,acompañando,133,0.00017680480483674136
1095,chacarita,133,0.00017680480483674136
1096,cuernos,133,0.00017680480483674136
1097,efecto,132,0.00017547544540187865
1098,tumba,132,0.00017547544540187865
1099,empanada,132,0.00017547544540187865
1100,habrán,132,0.00017547544540187865
1101,orador,132,0.00017547544540187865
1102,tardes,132,0.00017547544540187865
1103,belleza,132,0.00017547544540187865
1104,sentó,132,0.00017547544540187865
1105,ladrillos,132,0.00017547544540187865
1106,completaba,132,0.00017547544540187865
1107,notaba,131,0.00017414608596701595
1108,suena,131,0.00017414608596701595
1109,vaya,131,0.00017414608596701595
1110,roto,131,0.00017414608596701595
1111,siesta,131,0.00017414608596701595
1112,amigos,131,0.00017414608596701595
1113,distinto,131,0.00017414608596701595
1114,asoma,131,0.00017414608596701595
1115,ventanita,130,0.0001728167265321532
1116,estuviese,130,0.0001728167265321532
1117,llovizna,130,0.0001728167265321532
1118,bolso,130,0.0001728167265321532
1119,moverse,130,0.0001728167265321532
1120,quedaban,130,0.0001728167265321532
1121,suficientes,130,0.0001728167265321532
1122,asistencia,130,0.0001728167265321532
1123,colgantes,129,0.0001714873670972905
1124,traje,129,0.0001714873670972905
1125,razón,129,0.0001714873670972905
1126,ataque,129,0.0001714873670972905
1127,—ahora,129,0.0001714873670972905
1128,explicáme,129,0.0001714873670972905
1129,desandar,129,0.0001714873670972905
1130,partículas,129,0.0001714873670972905
1131,tiró,129,0.0001714873670972905
1132,roque,129,0.0001714873670972905
1133,blazer,129,0.0001714873670972905
1134,demás,128,0.00017015800766242777
1135,llaves,128,0.00017015800766242777
1136,golpe,128,0.00017015800766242777
1137,ejército,128,0.00017015800766242777
1138,espera,128,0.00017015800766242777
1139,apartaron,128,0.00017015800766242777
1140,metal,128,0.00017015800766242777
1141,multitud,128,0.00017015800766242777
1142,cuándo,128,0.00017015800766242777
1143,dándole,128,0.00017015800766242777
1144,pagar,128,0.00017015800766242777
1145,recibía,128,0.00017015800766242777
1146,molestarse,128,0.00017015800766242777
1147,telar,127,0.00016882864822756507
1148,sigue,127,0.00016882864822756507
1149,metió,127,0.00016882864822756507
1150,permite,127,0.00016882864822756507
1151,cintura,127,0.00016882864822756507
1152,ellas,127,0.00016882864822756507
1153,operando,127,0.00016882864822756507
1154,largó,127,0.00016882864822756507
1155,acercar,127,0.00016882864822756507
1156,terminado,127,0.00016882864822756507
1157,agujerito,127,0.00016882864822756507
1158,tomaba,127,0.00016882864822756507
1159,candelabros,127,0.00016882864822756507
1160,convincente,127,0.00016882864822756507
1161,previendo,127,0.00016882864822756507
1162,obesa,127,0.00016882864822756507
1163,cabeceaban,126,0.00016749928879270236
1164,subóptima,126,0.00016749928879270236
1165,libertad,126,0.00016749928879270236
1166,criticar,126,0.00016749928879270236
1167,descubrir,126,0.00016749928879270236
1168,pelota,126,0.00016749928879270236
1169,sueño,126,0.00016749928879270236
1170,tono,126,0.00016749928879270236
1171,isla,126,0.00016749928879270236
1172,policía,126,0.00016749928879270236
1173,dieron,125,0.00016616992935783963
1174,decían,125,0.00016616992935783963
1175,imagen,125,0.00016616992935783963
1176,partí,125,0.00016616992935783963
1177,manzana,125,0.00016616992935783963
1178,aquel,125,0.00016616992935783963
1179,mañanas,125,0.00016616992935783963
1180,zapatos,125,0.00016616992935783963
1181,fundamentalista,125,0.00016616992935783963
1182,mala,125,0.00016616992935783963
1183,hundida,125,0.00016616992935783963
1184,monumento,125,0.00016616992935783963
1185,pátina,125,0.00016616992935783963
1186,podido,124,0.00016484056992297692
1187,increíble,124,0.00016484056992297692
1188,chico,124,0.00016484056992297692
1189,cálida,124,0.00016484056992297692
1190,seguir,124,0.00016484056992297692
1191,humaredas,124,0.00016484056992297692
1192,fresco,124,0.00016484056992297692
1193,barba,124,0.00016484056992297692
1194,tío,124,0.00016484056992297692
1195,emoción,124,0.00016484056992297692
1196,creer,123,0.0001635112104881142
1197,árbol,123,0.0001635112104881142
1198,rastro,123,0.0001635112104881142
1199,buscando,123,0.0001635112104881142
1200,puntas,123,0.0001635112104881142
1201,batalla,123,0.0001635112104881142
1202,médanos,123,0.0001635112104881142
1203,entendernos,123,0.0001635112104881142
1204,vestía,123,0.0001635112104881142
1205,llover,123,0.0001635112104881142
1206,botella,123,0.0001635112104881142
1207,ortopédicos,123,0.0001635112104881142
1208,desubicado,123,0.0001635112104881142
1209,pueyrredón,122,0.00016218185105325148
1210,juzgar,122,0.00016218185105325148
1211,tiempos,122,0.00016218185105325148
1212,deambulando,122,0.00016218185105325148
1213,desolador,122,0.00016218185105325148
1214,agachó,122,0.00016218185105325148
1215,enfermeros,122,0.00016218185105325148
1216,apoderarse,122,0.00016218185105325148
1217,espíritu,122,0.00016218185105325148
1218,varias,122,0.00016218185105325148
1219,descendencia,122,0.00016218185105325148
1220,buscó,122,0.00016218185105325148
1221,vecinos,122,0.00016218185105325148
1222,sonido,121,0.00016085249161838875
1223,sonreía,121,0.00016085249161838875
1224,dinero,121,0.00016085249161838875
1225,palabras,121,0.00016085249161838875
1226,problema,121,0.00016085249161838875
1227,atardeciendo,121,0.00016085249161838875
1228,flexionaría,121,0.00016085249161838875
1229,prestaban,121,0.00016085249161838875
1230,negros,121,0.00016085249161838875
1231,aguantar,121,0.00016085249161838875
1232,felices,121,0.00016085249161838875
1233,feliz,120,0.00015952313218352604
1234,campante,120,0.00015952313218352604
1235,monedas,120,0.00015952313218352604
1236,oscuridad,120,0.00015952313218352604
1237,infinita,120,0.00015952313218352604
1238,importante,120,0.00015952313218352604
1239,mente,120,0.00015952313218352604
1240,hermoso,120,0.00015952313218352604
1241,seguridad,120,0.00015952313218352604
1242,alivio,120,0.00015952313218352604
1243,isaac,120,0.00015952313218352604
1244,inversamente,120,0.00015952313218352604
1245,trrrrr,120,0.00015952313218352604
1246,gotas,120,0.00015952313218352604
1247,apagó,120,0.00015952313218352604
1248,desagradables,120,0.00015952313218352604
1249,sanguchitos,120,0.00015952313218352604
1250,perecen,119,0.00015819377274866334
1251,tienen,119,0.00015819377274866334
1252,patas,119,0.00015819377274866334
1253,b612,119,0.00015819377274866334
1254,observó,119,0.00015819377274866334
1255,queda,119,0.00015819377274866334
1256,llevaría,119,0.00015819377274866334
1257,cataclismo,119,0.00015819377274866334
1258,envenenado,119,0.00015819377274866334
1259,tenido,119,0.00015819377274866334
1260,carpa,119,0.00015819377274866334
1261,ciertos,119,0.00015819377274866334
1262,desproporcionado,118,0.0001568644133138006
1263,perversamente,118,0.0001568644133138006
1264,premoniciones,118,0.0001568644133138006
1265,preguntarle,118,0.0001568644133138006
1266,soberana,118,0.0001568644133138006
1267,impunemente,118,0.0001568644133138006
1268,esperar,118,0.0001568644133138006
1269,entristecían,118,0.0001568644133138006
1270,hirviendo,118,0.0001568644133138006
1271,atacaba,118,0.0001568644133138006
1272,pasarla,118,0.0001568644133138006
1273,casamiento,118,0.0001568644133138006
1274,carta,118,0.0001568644133138006
1275,fotos,118,0.0001568644133138006
1276,pantallas,118,0.0001568644133138006
1277,piernas,117,0.0001555350538789379
1278,viejo,117,0.0001555350538789379
1279,lados,117,0.0001555350538789379
1280,femenina,117,0.0001555350538789379
1281,endureciendo,117,0.0001555350538789379
1282,común,117,0.0001555350538789379
1283,cuadro,117,0.0001555350538789379
1284,encarcelar,117,0.0001555350538789379
1285,estoy,116,0.00015420569444407517
1286,cae,116,0.00015420569444407517
1287,preocupaba,116,0.00015420569444407517
1288,anhelante,116,0.00015420569444407517
1289,fastuoso,116,0.00015420569444407517
1290,transpiración,116,0.00015420569444407517
1291,fortificado,116,0.00015420569444407517
1292,coraje,116,0.00015420569444407517
1293,intercambio,116,0.00015420569444407517
1294,hacinados,116,0.00015420569444407517
1295,ponía,115,0.00015287633500921246
1296,caminando,115,0.00015287633500921246
1297,ejecutar,115,0.00015287633500921246
1298,vi,115,0.00015287633500921246
1299,rompe,115,0.00015287633500921246
1300,acordaron,115,0.00015287633500921246
1301,camisa,115,0.00015287633500921246
1302,muchísimo,115,0.00015287633500921246
1303,observando,115,0.00015287633500921246
1304,cola,115,0.00015287633500921246
1305,meternos,115,0.00015287633500921246
1306,saluda,115,0.00015287633500921246
1307,tortura,115,0.00015287633500921246
1308,enciende,115,0.00015287633500921246
1309,fuese,114,0.00015154697557434975
1310,nariz,114,0.00015154697557434975
1311,usarlo,114,0.00015154697557434975
1312,setecientas,114,0.00015154697557434975
1313,cantar,114,0.00015154697557434975
1314,lustrosa,114,0.00015154697557434975
1315,saldría,114,0.00015154697557434975
1316,blanca,114,0.00015154697557434975
1317,indiscutible,114,0.00015154697557434975
1318,comida,114,0.00015154697557434975
1319,bestias,114,0.00015154697557434975
1320,lugones,114,0.00015154697557434975
1321,extrañamente,114,0.00015154697557434975
1322,solidaridad,114,0.00015154697557434975
1323,consternados,114,0.00015154697557434975
1324,clarísimo,113,0.00015021761613948702
1325,te,113,0.00015021761613948702
1326,enloquecido,113,0.00015021761613948702
1327,violín,113,0.00015021761613948702
1328,montón,113,0.00015021761613948702
1329,conformaban,113,0.00015021761613948702
1330,cuestionable,113,0.00015021761613948702
1331,llamar,113,0.00015021761613948702
1332,introducido,113,0.00015021761613948702
1333,jornadas,113,0.00015021761613948702
1334,gallina,113,0.00015021761613948702
1335,desconcertado,113,0.00015021761613948702
1336,alquitrán,113,0.00015021761613948702
1337,cabizbaja,113,0.00015021761613948702
1338,pensara,113,0.00015021761613948702
1339,comprarte,112,0.00014888825670462432
1340,propias,112,0.00014888825670462432
1341,cerebro,112,0.00014888825670462432
1342,mejoraba,112,0.00014888825670462432
1343,escéptico,112,0.00014888825670462432
1344,piloteado,112,0.00014888825670462432
1345,llanto,112,0.00014888825670462432
1346,envolvió,112,0.00014888825670462432
1347,vulgarmente,112,0.00014888825670462432
1348,numerosa,112,0.00014888825670462432
1349,extraordinario,112,0.00014888825670462432
1350,ladraba,112,0.00014888825670462432
1351,desapareció,112,0.00014888825670462432
1352,pensará,112,0.00014888825670462432
1353,contento,111,0.00014755889726976158
1354,composición,111,0.00014755889726976158
1355,buenos,111,0.00014755889726976158
1356,sobrada,111,0.00014755889726976158
1357,disparates,111,0.00014755889726976158
1358,pantalón,111,0.00014755889726976158
1359,esquiva,111,0.00014755889726976158
1360,ornamentales,111,0.00014755889726976158
1361,fines,111,0.00014755889726976158
1362,razones,111,0.00014755889726976158
1363,enamoremos,111,0.00014755889726976158
1364,taza,111,0.00014755889726976158
1365,sacarle,111,0.00014755889726976158
1366,diecinueve,111,0.00014755889726976158
1367,pedazos,111,0.00014755889726976158
1368,amarilla,111,0.00014755889726976158
1369,deslizándome,111,0.00014755889726976158
1370,reanimado,111,0.00014755889726976158
1371,azorado,111,0.00014755889726976158
1372,resentimiento,111,0.00014755889726976158
1373,arrancarse,111,0.00014755889726976158
1374,desgraciados,111,0.00014755889726976158
1375,coartada,111,0.00014755889726976158
1376,desganada,111,0.00014755889726976158
1377,candidato,111,0.00014755889726976158
1378,recorrieron,111,0.00014755889726976158
1379,sentido,110,0.00014622953783489888
1380,estupefacción,110,0.00014622953783489888
1381,moda,110,0.00014622953783489888
1382,curiosamente,110,0.00014622953783489888
1383,angelical,110,0.00014622953783489888
1384,ayuda,110,0.00014622953783489888
1385,llena,110,0.00014622953783489888
1386,atardecer,110,0.00014622953783489888
1387,componentes,110,0.00014622953783489888
1388,échelos,110,0.00014622953783489888
1389,arrancaron,110,0.00014622953783489888
1390,casas,110,0.00014622953783489888
1391,domésticos,110,0.00014622953783489888
1392,recaídas,110,0.00014622953783489888
1393,huidizo,110,0.00014622953783489888
1394,negro,110,0.00014622953783489888
1395,sentarse,109,0.00014490017840003617
1396,compenetrados,109,0.00014490017840003617
1397,tarda,109,0.00014490017840003617
1398,aburridísimo,109,0.00014490017840003617
1399,gota,109,0.00014490017840003617
1400,fascina,109,0.00014490017840003617
1401,introspección,109,0.00014490017840003617
1402,gritar,109,0.00014490017840003617
1403,atravesar,109,0.00014490017840003617
1404,reflejaba,109,0.00014490017840003617
1405,hoja,109,0.00014490017840003617
1406,linita,109,0.00014490017840003617
1407,desnudar,109,0.00014490017840003617
1408,freno,109,0.00014490017840003617
1409,comía,109,0.00014490017840003617
1410,vino,109,0.00014490017840003617
1411,manuela,109,0.00014490017840003617
1412,acaparar,109,0.00014490017840003617
1413,dejada,109,0.00014490017840003617
1414,pensé,108,0.00014357081896517344
1415,desigualdad,108,0.00014357081896517344
1416,balvanera,108,0.00014357081896517344
1417,pienso,108,0.00014357081896517344
1418,nocaut,108,0.00014357081896517344
1419,metros,108,0.00014357081896517344
1420,erudito,108,0.00014357081896517344
1421,psiquiátrico,108,0.00014357081896517344
1422,agonizaba,108,0.00014357081896517344
1423,arrasado,108,0.00014357081896517344
1424,destapando,108,0.00014357081896517344
1425,colón,107,0.00014224145953031073
1426,arte,107,0.00014224145953031073
1427,aún,107,0.00014224145953031073
1428,leído,107,0.00014224145953031073
1429,deportes,107,0.00014224145953031073
1430,abedules,107,0.00014224145953031073
1431,desaparecieron,107,0.00014224145953031073
1432,cuello,107,0.00014224145953031073
1433,pegaban,107,0.00014224145953031073
1434,sótano,107,0.00014224145953031073
1435,carbonizados,107,0.00014224145953031073
1436,enfermando,107,0.00014224145953031073
1437,adiestrado,107,0.00014224145953031073
1438,siente,107,0.00014224145953031073
1439,esporádicas,107,0.00014224145953031073
1440,escrito,107,0.00014224145953031073
1441,laboratorio,107,0.00014224145953031073
1442,bautizar,107,0.00014224145953031073
1443,trenzaron,106,0.000140912100095448
1444,prendas,106,0.000140912100095448
1445,intentando,106,0.000140912100095448
1446,ido,106,0.000140912100095448
1447,presintiera,106,0.000140912100095448
1448,llenaban,106,0.000140912100095448
1449,pierna,106,0.000140912100095448
1450,sorpresivamente,106,0.000140912100095448
1451,alimentaba,106,0.000140912100095448
1452,sufrido,106,0.000140912100095448
1453,descubrieron,106,0.000140912100095448
1454,domadores,106,0.000140912100095448
1455,llave,106,0.000140912100095448
1456,observa,106,0.000140912100095448
1457,íbamos,105,0.0001395827406605853
1458,público,105,0.0001395827406605853
1459,antecesor,105,0.0001395827406605853
1460,posverdad,105,0.0001395827406605853
1461,construir,105,0.0001395827406605853
1462,trailer,105,0.0001395827406605853
1463,encantado,105,0.0001395827406605853
1464,principito,105,0.0001395827406605853
1465,diecisiete,105,0.0001395827406605853
1466,costaba,105,0.0001395827406605853
1467,desangrándose,105,0.0001395827406605853
1468,idéntica,105,0.0001395827406605853
1469,corrupción,105,0.0001395827406605853
1470,sacar,105,0.0001395827406605853
1471,flor,105,0.0001395827406605853
1472,alimentarse,105,0.0001395827406605853
1473,pomposo,105,0.0001395827406605853
1474,sentían,105,0.0001395827406605853
1475,eximió,105,0.0001395827406605853
1476,tristes,104,0.00013825338122572259
1477,descanso,104,0.00013825338122572259
1478,diagnosticaron,104,0.00013825338122572259
1479,suponía,104,0.00013825338122572259
1480,guardavidas,104,0.00013825338122572259
1481,perdiéndose,104,0.00013825338122572259
1482,embarrar,104,0.00013825338122572259
1483,parrilla,104,0.00013825338122572259
1484,homeópatas,104,0.00013825338122572259
1485,pisarla,104,0.00013825338122572259
1486,quince,104,0.00013825338122572259
1487,enseñarnos,104,0.00013825338122572259
1488,cadavérica,104,0.00013825338122572259
1489,descomunal,104,0.00013825338122572259
1490,arrancarla,104,0.00013825338122572259
1491,encubrir,104,0.00013825338122572259
1492,sirviera,104,0.00013825338122572259
1493,cansarse,104,0.00013825338122572259
1494,incompleta,104,0.00013825338122572259
1495,olía,104,0.00013825338122572259
1496,grande,103,0.00013692402179085985
1497,viviente,103,0.00013692402179085985
1498,apestado,103,0.00013692402179085985
1499,grinch,103,0.00013692402179085985
1500,cristiano,103,0.00013692402179085985
1501,interminable,103,0.00013692402179085985
1502,arruinamos,103,0.00013692402179085985
1503,producía,103,0.00013692402179085985
1504,visitas,103,0.00013692402179085985
1505,atrevido,103,0.00013692402179085985
1506,amortiguado,103,0.00013692402179085985
1507,tardecita,103,0.00013692402179085985
1508,carrasperas,103,0.00013692402179085985
1509,arreglarle,103,0.00013692402179085985
1510,aparecer,103,0.00013692402179085985
1511,queriendo,103,0.00013692402179085985
1512,manifestación,103,0.00013692402179085985
1513,cargaban,102,0.00013559466235599715
1514,reírse,102,0.00013559466235599715
1515,tristones,102,0.00013559466235599715
1516,sospechas,102,0.00013559466235599715
1517,decoración,102,0.00013559466235599715
1518,entendamos,102,0.00013559466235599715
1519,cuales,102,0.00013559466235599715
1520,débil,102,0.00013559466235599715
1521,secundaria,102,0.00013559466235599715
1522,estampaba,102,0.00013559466235599715
1523,encogió,102,0.00013559466235599715
1524,elementos,102,0.00013559466235599715
1525,amanecer,102,0.00013559466235599715
1526,caminamos,102,0.00013559466235599715
1527,escuchamos,102,0.00013559466235599715
1528,rompí,102,0.00013559466235599715
1529,papás,102,0.00013559466235599715
1530,extinguía,102,0.00013559466235599715
1531,malcriaron,102,0.00013559466235599715
1532,trató,102,0.00013559466235599715
1533,borrachera,102,0.00013559466235599715
1534,despertarse,102,0.00013559466235599715
1535,horrorizado,102,0.00013559466235599715
1536,respiratorios,102,0.00013559466235599715
1537,enterraron,102,0.00013559466235599715
1538,inmundicia,102,0.00013559466235599715
1539,marejada,101,0.00013426530292113441
1540,congelado,101,0.00013426530292113441
1541,oficinistas,101,0.00013426530292113441
1542,supremacía,101,0.00013426530292113441
1543,entenderlo,101,0.00013426530292113441
1544,dejé,101,0.00013426530292113441
1545,dolor,101,0.00013426530292113441
1546,montaña,101,0.00013426530292113441
1547,cuarentena,101,0.00013426530292113441
1548,aislado,101,0.00013426530292113441
1549,conocieron,101,0.00013426530292113441
1550,sonriera,101,0.00013426530292113441
1551,flaco,101,0.00013426530292113441
1552,perceptible,100,0.0001329359434862717
1553,maravillándose,100,0.0001329359434862717
1554,extrañando,100,0.0001329359434862717
1555,entusiasta,100,0.0001329359434862717
1556,hago,100,0.0001329359434862717
1557,visual,100,0.0001329359434862717
1558,suplicaban,100,0.0001329359434862717
1559,aniquilados,100,0.0001329359434862717
1560,menea,100,0.0001329359434862717
1561,menciona,100,0.0001329359434862717
1562,historieta,100,0.0001329359434862717
1563,derrumbaban,100,0.0001329359434862717
1564,negra,100,0.0001329359434862717
1565,asquerosa,100,0.0001329359434862717
1566,encontraron,100,0.0001329359434862717
1567,parlantes,99,0.00013160658405140897
1568,acariciaba,99,0.00013160658405140897
1569,triunfo,99,0.00013160658405140897
1570,falla,99,0.00013160658405140897
1571,ademanes,99,0.00013160658405140897
1572,interior,99,0.00013160658405140897
1573,unsworth,99,0.00013160658405140897
1574,dieciocho,99,0.00013160658405140897
1575,pulcritud,99,0.00013160658405140897
1576,inexpresable,99,0.00013160658405140897
1577,tomamos,99,0.00013160658405140897
1578,deliró,99,0.00013160658405140897
1579,picadura,99,0.00013160658405140897
1580,backstage,99,0.00013160658405140897
1581,destructor,99,0.00013160658405140897
1582,carbonizado,99,0.00013160658405140897
1583,pantalla,99,0.00013160658405140897
1584,cremación,99,0.00013160658405140897
1585,llevada,99,0.00013160658405140897
1586,empezarían,99,0.00013160658405140897
1587,humillación,99,0.00013160658405140897
1588,tapada,99,0.00013160658405140897
1589,terminaban,98,0.00013027722461654627
1590,aplastados,98,0.00013027722461654627
1591,recuerde,98,0.00013027722461654627
1592,risas,98,0.00013027722461654627
1593,hambrientamente,98,0.00013027722461654627
1594,guadalupe,98,0.00013027722461654627
1595,demacrada,98,0.00013027722461654627
1596,biblioteca,98,0.00013027722461654627
1597,aceleró,98,0.00013027722461654627
1598,trabajosamente,98,0.00013027722461654627
1599,vinieron,98,0.00013027722461654627
1600,franco,98,0.00013027722461654627
1601,azul,98,0.00013027722461654627
1602,surrealista,98,0.00013027722461654627
1603,arreglarse,98,0.00013027722461654627
1604,araña,98,0.00013027722461654627
1605,levanta,98,0.00013027722461654627
1606,paciencia,97,0.00012894786518168356
1607,atravesábamos,97,0.00012894786518168356
1608,compromiso,97,0.00012894786518168356
1609,copos,97,0.00012894786518168356
1610,descubierto,97,0.00012894786518168356
1611,pide,97,0.00012894786518168356
1612,implementados,97,0.00012894786518168356
1613,decía,97,0.00012894786518168356
1614,estatuas,97,0.00012894786518168356
1615,alumbraba,97,0.00012894786518168356
1616,existido,97,0.00012894786518168356
1617,amenazado,97,0.00012894786518168356
1618,woody,97,0.00012894786518168356
1619,tatuaría,97,0.00012894786518168356
1620,rodean,97,0.00012894786518168356
1621,dilucidar,97,0.00012894786518168356
1622,luces,97,0.00012894786518168356
1623,mejoras,97,0.00012894786518168356
1624,corbata,97,0.00012894786518168356
1625,mandado,97,0.00012894786518168356
1626,preocupa,97,0.00012894786518168356
1627,imaginaria,96,0.00012761850574682083
1628,estás,96,0.00012761850574682083
1629,apretados,96,0.00012761850574682083
1630,tendríamos,96,0.00012761850574682083
1631,rebecca,96,0.00012761850574682083
1632,sobreviven,96,0.00012761850574682083
1633,ángulos,96,0.00012761850574682083
1634,dedicadas,96,0.00012761850574682083
1635,relajaba,96,0.00012761850574682083
1636,castillito,96,0.00012761850574682083
1637,reflexivos,96,0.00012761850574682083
1638,escaparle,96,0.00012761850574682083
1639,sentimientos,96,0.00012761850574682083
1640,espectro,96,0.00012761850574682083
1641,sobresaltada,96,0.00012761850574682083
1642,cocina,96,0.00012761850574682083
1643,primeras,96,0.00012761850574682083
1644,carbonizadas,96,0.00012761850574682083
1645,feos,96,0.00012761850574682083
1646,síncope,96,0.00012761850574682083
1647,recuperando,96,0.00012761850574682083
1648,conclusión,96,0.00012761850574682083
1649,bajaron,96,0.00012761850574682083
1650,invitara,96,0.00012761850574682083
1651,preocupación,96,0.00012761850574682083
1652,proceso,95,0.00012628914631195812
1653,seis,95,0.00012628914631195812
1654,féretro,95,0.00012628914631195812
1655,moriría,95,0.00012628914631195812
1656,ilusión,95,0.00012628914631195812
1657,flautista,95,0.00012628914631195812
1658,rama,95,0.00012628914631195812
1659,ilumina,95,0.00012628914631195812
1660,rápidamente,95,0.00012628914631195812
1661,representaran,95,0.00012628914631195812
1662,vestimenta,95,0.00012628914631195812
1663,creo,95,0.00012628914631195812
1664,profundidades,95,0.00012628914631195812
1665,sustituir,95,0.00012628914631195812
1666,entraba,95,0.00012628914631195812
1667,pesaba,95,0.00012628914631195812
1668,1960,95,0.00012628914631195812
1669,honrada,95,0.00012628914631195812
1670,temblaba,95,0.00012628914631195812
1671,agarrando,95,0.00012628914631195812
1672,desvalido,95,0.00012628914631195812
1673,reconocieron,95,0.00012628914631195812
1674,soledades,95,0.00012628914631195812
1675,admiraron,95,0.00012628914631195812
1676,intentado,95,0.00012628914631195812
1677,descansar,95,0.00012628914631195812
1678,trabajaba,95,0.00012628914631195812
1679,muriera,95,0.00012628914631195812
1680,encargó,95,0.00012628914631195812
1681,demostrarlo,94,0.0001249597868770954
1682,equivocación,94,0.0001249597868770954
1683,moriste,94,0.0001249597868770954
1684,devaluados,94,0.0001249597868770954
1685,verbo,94,0.0001249597868770954
1686,desprecio,94,0.0001249597868770954
1687,escritos,94,0.0001249597868770954
1688,característica,94,0.0001249597868770954
1689,moralmente,94,0.0001249597868770954
1690,obligaciones,94,0.0001249597868770954
1691,impedido,94,0.0001249597868770954
1692,arranquemos,94,0.0001249597868770954
1693,apocalipsis,94,0.0001249597868770954
1694,filosóficamente,94,0.0001249597868770954
1695,sentados,94,0.0001249597868770954
1696,animaban,94,0.0001249597868770954
1697,servidumbre,94,0.0001249597868770954
1698,histórico,94,0.0001249597868770954
1699,enfrentarlo,94,0.0001249597868770954
1700,gustó,94,0.0001249597868770954
1701,quebrado,94,0.0001249597868770954
1702,complicaran,94,0.0001249597868770954
1703,venderle,94,0.0001249597868770954
1704,sombrero,94,0.0001249597868770954
1705,intención,94,0.0001249597868770954
1706,suficiente,93,0.00012363042744223268
1707,desplegó,93,0.00012363042744223268
1708,depurada,93,0.00012363042744223268
1709,pasemos,93,0.00012363042744223268
1710,seriamente,93,0.00012363042744223268
1711,beethoven,93,0.00012363042744223268
1712,entresuelo,93,0.00012363042744223268
1713,han,93,0.00012363042744223268
1714,estando,93,0.00012363042744223268
1715,deshacerse,93,0.00012363042744223268
1716,adaptación,93,0.00012363042744223268
1717,señorial,93,0.00012363042744223268
1718,escapaba,93,0.00012363042744223268
1719,inflado,93,0.00012363042744223268
1720,japón,93,0.00012363042744223268
1721,sumado,93,0.00012363042744223268
1722,inclinó,93,0.00012363042744223268
1723,perdón,93,0.00012363042744223268
1724,provocan,93,0.00012363042744223268
1725,insignificantes,93,0.00012363042744223268
1726,duro,93,0.00012363042744223268
1727,sana,93,0.00012363042744223268
1728,descuidados,93,0.00012363042744223268
1729,degollado,93,0.00012363042744223268
1730,veneno,93,0.00012363042744223268
1731,interesada,93,0.00012363042744223268
1732,complicado,93,0.00012363042744223268
1733,supuestamente,93,0.00012363042744223268
1734,ananás,93,0.00012363042744223268
1735,cansancio,93,0.00012363042744223268
1736,invitada,93,0.00012363042744223268
1737,delante,93,0.00012363042744223268
1738,rodeada,93,0.00012363042744223268
1739,interactuar,93,0.00012363042744223268
1740,reliquia,93,0.00012363042744223268
1741,aprobado,93,0.00012363042744223268
1742,conoció,93,0.00012363042744223268
1743,porfiado,93,0.00012363042744223268
1744,escondiéndose,93,0.00012363042744223268
1745,cinematográficas,92,0.00012230106800736998
1746,tiro,92,0.00012230106800736998
1747,conveniente,92,0.00012230106800736998
1748,botiquines,92,0.00012230106800736998
1749,verdadero,92,0.00012230106800736998
1750,cagada,92,0.00012230106800736998
1751,plástico,92,0.00012230106800736998
1752,encerramos,92,0.00012230106800736998
1753,suéltenme,92,0.00012230106800736998
1754,infectados,92,0.00012230106800736998
1755,puñal,92,0.00012230106800736998
1756,llamaban,92,0.00012230106800736998
1757,hablaron,92,0.00012230106800736998
1758,aplaudía,92,0.00012230106800736998
1759,diciendo,92,0.00012230106800736998
1760,despedida,92,0.00012230106800736998
1761,preguntará,92,0.00012230106800736998
1762,crecer,92,0.00012230106800736998
1763,paradero,92,0.00012230106800736998
1764,promete,92,0.00012230106800736998
1765,inconsciente,92,0.00012230106800736998
1766,siguieran,91,0.00012097170857250725
1767,transición,91,0.00012097170857250725
1768,anulación,91,0.00012097170857250725
1769,impidiendo,91,0.00012097170857250725
1770,anotadores,91,0.00012097170857250725
1771,comprobar,91,0.00012097170857250725
1772,único,91,0.00012097170857250725
1773,escena,91,0.00012097170857250725
1774,contemporánea,91,0.00012097170857250725
1775,autoengaño,91,0.00012097170857250725
1776,brillantez,91,0.00012097170857250725
1777,computacionales,91,0.00012097170857250725
1778,tocaran,91,0.00012097170857250725
1779,oficios,91,0.00012097170857250725
1780,practicado,91,0.00012097170857250725
1781,caldera,91,0.00012097170857250725
1782,controlarme,91,0.00012097170857250725
1783,subversiva,91,0.00012097170857250725
1784,fanático,91,0.00012097170857250725
1785,semántica,91,0.00012097170857250725
1786,termina,91,0.00012097170857250725
1787,aceptarlo,91,0.00012097170857250725
1788,ingeniero,91,0.00012097170857250725
1789,montarla,91,0.00012097170857250725
1790,lisas,91,0.00012097170857250725
1791,registrar,91,0.00012097170857250725
1792,traspasar,91,0.00012097170857250725
1793,cautelosamente,91,0.00012097170857250725
1794,pellejo,91,0.00012097170857250725
1795,presión,91,0.00012097170857250725
1796,juntando,91,0.00012097170857250725
1797,redoblar,91,0.00012097170857250725
1798,diplomática,91,0.00012097170857250725
1799,mascotas,91,0.00012097170857250725
1800,agujero,91,0.00012097170857250725
1801,caminaron,91,0.00012097170857250725
1802,turquesa,91,0.00012097170857250725
1803,arrepiente,91,0.00012097170857250725
1804,despide,91,0.00012097170857250725
1805,austera,91,0.00012097170857250725
1806,rueca,90,0.00011964234913764454
1807,confeccionado,90,0.00011964234913764454
1808,suspendió,90,0.00011964234913764454
1809,tocó,90,0.00011964234913764454
1810,carmen,90,0.00011964234913764454
1811,invernales,90,0.00011964234913764454
1812,christian,90,0.00011964234913764454
1813,dinamarca,90,0.00011964234913764454
1814,supervivencia,90,0.00011964234913764454
1815,relevante,90,0.00011964234913764454
1816,enormes,90,0.00011964234913764454
1817,absoluto,90,0.00011964234913764454
1818,inexplicable,90,0.00011964234913764454
1819,deshacer,90,0.00011964234913764454
1820,recorrida,90,0.00011964234913764454
1821,tormenta,90,0.00011964234913764454
1822,durado,90,0.00011964234913764454
1823,intento,90,0.00011964234913764454
1824,cuidado,90,0.00011964234913764454
1825,desearon,90,0.00011964234913764454
1826,chispas,90,0.00011964234913764454
1827,suntuosa,90,0.00011964234913764454
1828,circulaban,90,0.00011964234913764454
1829,examinaron,90,0.00011964234913764454
1830,fealdades,90,0.00011964234913764454
1831,siniestra,90,0.00011964234913764454
1832,decorarla,90,0.00011964234913764454
1833,destruir,90,0.00011964234913764454
1834,traficantes,90,0.00011964234913764454
1835,edificio,90,0.00011964234913764454
1836,total,90,0.00011964234913764454
1837,espantado,90,0.00011964234913764454
1838,comprueba,90,0.00011964234913764454
1839,maravilló,89,0.00011831298970278182
1840,—algunos,89,0.00011831298970278182
1841,ingenuidad,89,0.00011831298970278182
1842,ocurre,89,0.00011831298970278182
1843,máximas,89,0.00011831298970278182
1844,respuesta,89,0.00011831298970278182
1845,docencia,89,0.00011831298970278182
1846,promocionar,89,0.00011831298970278182
1847,flores,89,0.00011831298970278182
1848,enfermedad,89,0.00011831298970278182
1849,novedades,89,0.00011831298970278182
1850,cubierto,89,0.00011831298970278182
1851,consumido,89,0.00011831298970278182
1852,reventada,89,0.00011831298970278182
1853,acorralado,89,0.00011831298970278182
1854,frenando,89,0.00011831298970278182
1855,ágilmente,89,0.00011831298970278182
1856,lourdes,89,0.00011831298970278182
1857,descontrolada,89,0.00011831298970278182
1858,pegados,89,0.00011831298970278182
1859,saludar,89,0.00011831298970278182
1860,borde,89,0.00011831298970278182
1861,avanzaron,89,0.00011831298970278182
1862,disfrutó,89,0.00011831298970278182
1863,compacto,89,0.00011831298970278182
1864,tinieblas,89,0.00011831298970278182
1865,maría,89,0.00011831298970278182
1866,respondía,89,0.00011831298970278182
1867,continuaban,89,0.00011831298970278182
1868,despertarla,89,0.00011831298970278182
1869,adoraban,89,0.00011831298970278182
1870,arsénico,89,0.00011831298970278182
1871,blanqueó,89,0.00011831298970278182
1872,comportando,88,0.0001169836302679191
1873,re-lleno,88,0.0001169836302679191
1874,quitarnos,88,0.0001169836302679191
1875,marías,88,0.0001169836302679191
1876,abrigate,88,0.0001169836302679191
1877,irrumpe,88,0.0001169836302679191
1878,acertados,88,0.0001169836302679191
1879,tortazo,88,0.0001169836302679191
1880,parecidos,88,0.0001169836302679191
1881,recomiendo,88,0.0001169836302679191
1882,movimiento,88,0.0001169836302679191
1883,muertas,88,0.0001169836302679191
1884,desgarró,88,0.0001169836302679191
1885,salvo,88,0.0001169836302679191
1886,volvamos,88,0.0001169836302679191
1887,fracasaba,88,0.0001169836302679191
1888,apoyado,88,0.0001169836302679191
1889,desesperanza,88,0.0001169836302679191
1890,entendieron,88,0.0001169836302679191
1891,contentas,88,0.0001169836302679191
1892,entendía,88,0.0001169836302679191
1893,pintaba,88,0.0001169836302679191
1894,interín,88,0.0001169836302679191
1895,parecer,88,0.0001169836302679191
1896,descorrió,88,0.0001169836302679191
1897,culpa,88,0.0001169836302679191
1898,inventar,88,0.0001169836302679191
1899,diplomático,88,0.0001169836302679191
1900,remedios,88,0.0001169836302679191
1901,andaba,88,0.0001169836302679191
1902,organizar,88,0.0001169836302679191
1903,entienden,88,0.0001169836302679191
1904,funcionarios,88,0.0001169836302679191
1905,retener,87,0.00011565427083305638
1906,disuelva,87,0.00011565427083305638
1907,geométricamente,87,0.00011565427083305638
1908,plegada,87,0.00011565427083305638
1909,porteño,87,0.00011565427083305638
1910,crítica,87,0.00011565427083305638
1911,surgimiento,87,0.00011565427083305638
1912,atrapada,87,0.00011565427083305638
1913,pegado,87,0.00011565427083305638
1914,anidan,87,0.00011565427083305638
1915,historias,87,0.00011565427083305638
1916,fantasmas,87,0.00011565427083305638
1917,telgopor,87,0.00011565427083305638
1918,continuo,87,0.00011565427083305638
1919,curanderas,87,0.00011565427083305638
1920,repetición,87,0.00011565427083305638
1921,infiel,87,0.00011565427083305638
1922,cosquilleo,87,0.00011565427083305638
1923,sucio,87,0.00011565427083305638
1924,miraba,87,0.00011565427083305638
1925,chirriaba,87,0.00011565427083305638
1926,manta,87,0.00011565427083305638
1927,terminaría,87,0.00011565427083305638
1928,retorcían,87,0.00011565427083305638
1929,ocupaba,87,0.00011565427083305638
1930,cristales,87,0.00011565427083305638
1931,espantosos,87,0.00011565427083305638
1932,velorio,87,0.00011565427083305638
1933,destaparon,87,0.00011565427083305638
1934,convencer,87,0.00011565427083305638
1935,mentirles,87,0.00011565427083305638
1936,haciéndose,87,0.00011565427083305638
1937,entiende,87,0.00011565427083305638
1938,reclama,87,0.00011565427083305638
1939,sonaban,86,0.00011432491139819366
1940,pregunto,86,0.00011432491139819366
1941,ejemplificar,86,0.00011432491139819366
1942,despacito,86,0.00011432491139819366
1943,vestimos,86,0.00011432491139819366
1944,autores,86,0.00011432491139819366
1945,existen,86,0.00011432491139819366
1946,malhechores,86,0.00011432491139819366
1947,procuraba,86,0.00011432491139819366
1948,trascendido,86,0.00011432491139819366
1949,supo,86,0.00011432491139819366
1950,tus,86,0.00011432491139819366
1951,chupándole,86,0.00011432491139819366
1952,succión,86,0.00011432491139819366
1953,secundario,86,0.00011432491139819366
1954,guardia,86,0.00011432491139819366
1955,nocturno,86,0.00011432491139819366
1956,estados,86,0.00011432491139819366
1957,ponernos,86,0.00011432491139819366
1958,básicamente,86,0.00011432491139819366
1959,planeta,86,0.00011432491139819366
1960,respiraron,86,0.00011432491139819366
1961,deseaba,86,0.00011432491139819366
1962,sacudido,86,0.00011432491139819366
1963,cambios,86,0.00011432491139819366
1964,operación,86,0.00011432491139819366
1965,respectivas,86,0.00011432491139819366
1966,penado,86,0.00011432491139819366
1967,pedirlos—,86,0.00011432491139819366
1968,dicho,86,0.00011432491139819366
1969,pagaba,86,0.00011432491139819366
1970,televisor,86,0.00011432491139819366
1971,pasarse,85,0.00011299555196333096
1972,banda,85,0.00011299555196333096
1973,javier,85,0.00011299555196333096
1974,montones,85,0.00011299555196333096
1975,regular,85,0.00011299555196333096
1976,gastaba,85,0.00011299555196333096
1977,ordenó,85,0.00011299555196333096
1978,despidió,85,0.00011299555196333096
1979,baja,85,0.00011299555196333096
1980,violencia,85,0.00011299555196333096
1981,cafetería,85,0.00011299555196333096
1982,haberlo,85,0.00011299555196333096
1983,pitadas,85,0.00011299555196333096
1984,cansaron,85,0.00011299555196333096
1985,pesadillas,85,0.00011299555196333096
1986,jamás,85,0.00011299555196333096
1987,buscaría,85,0.00011299555196333096
1988,calculando,85,0.00011299555196333096
1989,repasando,85,0.00011299555196333096
1990,nesquick,85,0.00011299555196333096
1991,baño,85,0.00011299555196333096
1992,despensa,85,0.00011299555196333096
1993,provisiones,85,0.00011299555196333096
1994,desplomó,85,0.00011299555196333096
1995,manchadas,85,0.00011299555196333096
1996,quemadura,85,0.00011299555196333096
1997,simétrico,85,0.00011299555196333096
1998,franqueza,85,0.00011299555196333096
1999,lleguemos,85,0.00011299555196333096
2000,cordura,85,0.00011299555196333096
2001,preguntaba,85,0.00011299555196333096
2002,ruedas,85,0.00011299555196333096
2003,próximo,85,0.00011299555196333096
2004,escondidas,85,0.00011299555196333096
2005,bailaba,85,0.00011299555196333096
2006,anteojos,85,0.00011299555196333096
2007,manteniendo,85,0.00011299555196333096
2008,primas,85,0.00011299555196333096
2009,preguntaron,85,0.00011299555196333096
2010,expresión,85,0.00011299555196333096
2011,pondrían,84,0.00011166619252846824
2012,existencia,84,0.00011166619252846824
2013,desabrigarme,84,0.00011166619252846824
2014,escondamos,84,0.00011166619252846824
2015,manifestar,84,0.00011166619252846824
2016,permitían,84,0.00011166619252846824
2017,artículos,84,0.00011166619252846824
2018,gigantes,84,0.00011166619252846824
2019,parecen,84,0.00011166619252846824
2020,indispensables,84,0.00011166619252846824
2021,torpe,84,0.00011166619252846824
2022,controlamos,84,0.00011166619252846824
2023,lógica,84,0.00011166619252846824
2024,relación,84,0.00011166619252846824
2025,refiero,84,0.00011166619252846824
2026,experiencias,84,0.00011166619252846824
2027,desgarrado,84,0.00011166619252846824
2028,encanta,84,0.00011166619252846824
2029,satélite,84,0.00011166619252846824
2030,separa,84,0.00011166619252846824
2031,damos,84,0.00011166619252846824
2032,escapa,84,0.00011166619252846824
2033,terapeuta,84,0.00011166619252846824
2034,obsesión,84,0.00011166619252846824
2035,señora,84,0.00011166619252846824
2036,sonaron,84,0.00011166619252846824
2037,vagaba,84,0.00011166619252846824
2038,exagerada,84,0.00011166619252846824
2039,furioso,84,0.00011166619252846824
2040,desaire,84,0.00011166619252846824
2041,simpatía,84,0.00011166619252846824
2042,adiestrada,84,0.00011166619252846824
2043,interés,84,0.00011166619252846824
2044,estimulante,84,0.00011166619252846824
2045,gustoso,84,0.00011166619252846824
2046,postergar,84,0.00011166619252846824
2047,ladrarle,84,0.00011166619252846824
2048,señaló,84,0.00011166619252846824
2049,volvería,84,0.00011166619252846824
2050,acumulado,84,0.00011166619252846824
2051,canosa,84,0.00011166619252846824
2052,ocuparon,84,0.00011166619252846824
2053,suciedad,84,0.00011166619252846824
2054,accidentado,84,0.00011166619252846824
2055,verlo,83,0.00011033683309360552
2056,volvía,83,0.00011033683309360552
2057,pasajero,83,0.00011033683309360552
2058,historiadores,83,0.00011033683309360552
2059,asociamos,83,0.00011033683309360552
2060,alegre,83,0.00011033683309360552
2061,ayudaba,83,0.00011033683309360552
2062,monótono,83,0.00011033683309360552
2063,horrorizada,83,0.00011033683309360552
2064,sigilosamente,83,0.00011033683309360552
2065,oficina,83,0.00011033683309360552
2066,sargento,83,0.00011033683309360552
2067,cañonazo,83,0.00011033683309360552
2068,filo,83,0.00011033683309360552
2069,empuñadura,83,0.00011033683309360552
2070,arbitrariamente,83,0.00011033683309360552
2071,domingos,83,0.00011033683309360552
2072,reposeras,83,0.00011033683309360552
2073,obsesionó,83,0.00011033683309360552
2074,juntos,83,0.00011033683309360552
2075,convencida,83,0.00011033683309360552
2076,recibiendo,83,0.00011033683309360552
2077,rebotó,83,0.00011033683309360552
2078,preguntarse,83,0.00011033683309360552
2079,aterradora,83,0.00011033683309360552
2080,rincón,83,0.00011033683309360552
2081,víctimas,83,0.00011033683309360552
2082,redobló,83,0.00011033683309360552
2083,provocaba,83,0.00011033683309360552
2084,manchada,83,0.00011033683309360552
2085,desesperada,83,0.00011033683309360552
2086,esposos,83,0.00011033683309360552
2087,sadismo,83,0.00011033683309360552
2088,intuición,83,0.00011033683309360552
2089,permanencia,83,0.00011033683309360552
2090,sostener,83,0.00011033683309360552
2091,amenazaba,83,0.00011033683309360552
2092,sobrinos,83,0.00011033683309360552
2093,ilusionó,83,0.00011033683309360552
2094,bisagra,83,0.00011033683309360552
2095,animó,82,0.0001090074736587428
2096,haríamos,82,0.0001090074736587428
2097,melodías,82,0.0001090074736587428
2098,rotundamente,82,0.0001090074736587428
2099,fugaz,82,0.0001090074736587428
2100,trágico,82,0.0001090074736587428
2101,tardan,82,0.0001090074736587428
2102,compañeros,82,0.0001090074736587428
2103,contienda,82,0.0001090074736587428
2104,depende,82,0.0001090074736587428
2105,estrecho,82,0.0001090074736587428
2106,conocemos,82,0.0001090074736587428
2107,sentirse,82,0.0001090074736587428
2108,márgenes,82,0.0001090074736587428
2109,elijamos,82,0.0001090074736587428
2110,escapatoria,82,0.0001090074736587428
2111,tema,82,0.0001090074736587428
2112,apunté,82,0.0001090074736587428
2113,sujetando,82,0.0001090074736587428
2114,dinamitar,82,0.0001090074736587428
2115,escucharon,82,0.0001090074736587428
2116,automáticamente,82,0.0001090074736587428
2117,osadía,82,0.0001090074736587428
2118,pisando,82,0.0001090074736587428
2119,valija,82,0.0001090074736587428
2120,lograron,82,0.0001090074736587428
2121,acarició,82,0.0001090074736587428
2122,demoledor,82,0.0001090074736587428
2123,animaron,82,0.0001090074736587428
2124,recuperó,82,0.0001090074736587428
2125,agarrar,82,0.0001090074736587428
2126,vea,82,0.0001090074736587428
2127,progresivamente,82,0.0001090074736587428
2128,asintió,82,0.0001090074736587428
2129,reunió,82,0.0001090074736587428
2130,puntual,82,0.0001090074736587428
2131,traficante,82,0.0001090074736587428
2132,trataron,82,0.0001090074736587428
2133,danzante,82,0.0001090074736587428
2134,cristal,82,0.0001090074736587428
2135,retrocede,82,0.0001090074736587428
2136,deprimida,82,0.0001090074736587428
2137,internet,82,0.0001090074736587428
2138,mencionan,82,0.0001090074736587428
2139,hacerle,81,0.00010767811422388008
2140,avisar,81,0.00010767811422388008
2141,ceremonia,81,0.00010767811422388008
2142,abríamos,81,0.00010767811422388008
2143,suspendido,81,0.00010767811422388008
2144,medía,81,0.00010767811422388008
2145,tantos,81,0.00010767811422388008
2146,quedan,81,0.00010767811422388008
2147,nuevos,81,0.00010767811422388008
2148,regalando,81,0.00010767811422388008
2149,inquietó,81,0.00010767811422388008
2150,dependencia,81,0.00010767811422388008
2151,dispositivos,81,0.00010767811422388008
2152,británica,81,0.00010767811422388008
2153,opresión,81,0.00010767811422388008
2154,llevado,81,0.00010767811422388008
2155,remotamente,81,0.00010767811422388008
2156,percepción,81,0.00010767811422388008
2157,adquirir,81,0.00010767811422388008
2158,alargó,81,0.00010767811422388008
2159,vómitos,81,0.00010767811422388008
2160,orientó,81,0.00010767811422388008
2161,increíbles,81,0.00010767811422388008
2162,manchitas,81,0.00010767811422388008
2163,contamos,81,0.00010767811422388008
2164,oportunidades,81,0.00010767811422388008
2165,descuidos,81,0.00010767811422388008
2166,semejante,81,0.00010767811422388008
2167,trompadas,81,0.00010767811422388008
2168,confiando,81,0.00010767811422388008
2169,abrieron,81,0.00010767811422388008
2170,campanas,81,0.00010767811422388008
2171,agotado,81,0.00010767811422388008
2172,llenaron,81,0.00010767811422388008
2173,sáquenle,81,0.00010767811422388008
2174,ejemplares,81,0.00010767811422388008
2175,bocanadas,81,0.00010767811422388008
2176,abandonado,81,0.00010767811422388008
2177,memorizar,81,0.00010767811422388008
2178,obra,81,0.00010767811422388008
2179,realizaba,81,0.00010767811422388008
2180,doblado,81,0.00010767811422388008
2181,evitarle,81,0.00010767811422388008
2182,perfección,80,0.00010634875478901736
2183,ayudarlo,80,0.00010634875478901736
2184,escaleras,80,0.00010634875478901736
2185,experimentaba,80,0.00010634875478901736
2186,rosca,80,0.00010634875478901736
2187,derrotados,80,0.00010634875478901736
2188,comienza,80,0.00010634875478901736
2189,grosera,80,0.00010634875478901736
2190,trasladar,80,0.00010634875478901736
2191,consciente,80,0.00010634875478901736
2192,creemos,80,0.00010634875478901736
2193,intentaré,80,0.00010634875478901736
2194,columnas,80,0.00010634875478901736
2195,cercanos,80,0.00010634875478901736
2196,odiaba,80,0.00010634875478901736
2197,arbustos,80,0.00010634875478901736
2198,divino,80,0.00010634875478901736
2199,describir,80,0.00010634875478901736
2200,subieron,80,0.00010634875478901736
2201,aceptó,80,0.00010634875478901736
2202,posarme,80,0.00010634875478901736
2203,bilbao,80,0.00010634875478901736
2204,rueda,80,0.00010634875478901736
2205,desastre,80,0.00010634875478901736
2206,relajarse,80,0.00010634875478901736
2207,sirvientes,80,0.00010634875478901736
2208,pelotitas,80,0.00010634875478901736
2209,vaho,80,0.00010634875478901736
2210,guardaban,80,0.00010634875478901736
2211,desolación,80,0.00010634875478901736
2212,alta,80,0.00010634875478901736
2213,impresión,80,0.00010634875478901736
2214,admira,80,0.00010634875478901736
2215,desvestirse,80,0.00010634875478901736
2216,olavarría,80,0.00010634875478901736
2217,mentiras,80,0.00010634875478901736
2218,quilombos,80,0.00010634875478901736
2219,cortaba,80,0.00010634875478901736
2220,dejaban,80,0.00010634875478901736
2221,tiraban,80,0.00010634875478901736
2222,saltando,80,0.00010634875478901736
2223,limosna,80,0.00010634875478901736
2224,policías,80,0.00010634875478901736
2225,adelantado,80,0.00010634875478901736
2226,pierden,80,0.00010634875478901736
2227,técnica,79,0.00010501939535415465
2228,divertía,79,0.00010501939535415465
2229,viajaba,79,0.00010501939535415465
2230,turba,79,0.00010501939535415465
2231,sabían,79,0.00010501939535415465
2232,aventura,79,0.00010501939535415465
2233,imponentes,79,0.00010501939535415465
2234,intenciones,79,0.00010501939535415465
2235,principal,79,0.00010501939535415465
2236,elocuencia,79,0.00010501939535415465
2237,momentos,79,0.00010501939535415465
2238,estará,79,0.00010501939535415465
2239,conquista,79,0.00010501939535415465
2240,tijeras,79,0.00010501939535415465
2241,poseedor,79,0.00010501939535415465
2242,registros,79,0.00010501939535415465
2243,independiente,79,0.00010501939535415465
2244,aparezca,79,0.00010501939535415465
2245,muestra,79,0.00010501939535415465
2246,arrastraban,79,0.00010501939535415465
2247,delirio,79,0.00010501939535415465
2248,tocaba,79,0.00010501939535415465
2249,escuchar,79,0.00010501939535415465
2250,gemía,79,0.00010501939535415465
2251,redondo,79,0.00010501939535415465
2252,relincho,79,0.00010501939535415465
2253,enfrentar,79,0.00010501939535415465
2254,precisa,79,0.00010501939535415465
2255,traían,79,0.00010501939535415465
2256,atracción,79,0.00010501939535415465
2257,maravilla,79,0.00010501939535415465
2258,digestión,79,0.00010501939535415465
2259,despecho,79,0.00010501939535415465
2260,sintiendo,79,0.00010501939535415465
2261,éramos,79,0.00010501939535415465
2262,maternal,79,0.00010501939535415465
2263,hermanitos,79,0.00010501939535415465
2264,miraban,79,0.00010501939535415465
2265,venderlos,79,0.00010501939535415465
2266,follaje,79,0.00010501939535415465
2267,lámparas,79,0.00010501939535415465
2268,abalanzó,79,0.00010501939535415465
2269,dominaron,79,0.00010501939535415465
2270,celebración,79,0.00010501939535415465
2271,esperó,79,0.00010501939535415465
2272,captar,79,0.00010501939535415465
2273,justificar,79,0.00010501939535415465
2274,desesperadamente,79,0.00010501939535415465
2275,uruguay,79,0.00010501939535415465
2276,urgentes,79,0.00010501939535415465
2277,espaciadas,79,0.00010501939535415465
2278,aceptaba,79,0.00010501939535415465
2279,velada,79,0.00010501939535415465
2280,cruzaban,79,0.00010501939535415465
2281,prendió,79,0.00010501939535415465
2282,trajes,79,0.00010501939535415465
2283,perder,79,0.00010501939535415465
2284,florería,79,0.00010501939535415465
2285,empapado,79,0.00010501939535415465
2286,temblando,79,0.00010501939535415465
2287,casadas,78,0.00010369003591929193
2288,convenció,78,0.00010369003591929193
2289,cuervos,78,0.00010369003591929193
2290,contaban,78,0.00010369003591929193
2291,antigua,78,0.00010369003591929193
2292,supieron,78,0.00010369003591929193
2293,simplemente,78,0.00010369003591929193
2294,compararse,78,0.00010369003591929193
2295,político,78,0.00010369003591929193
2296,presentes,78,0.00010369003591929193
2297,aventuras,78,0.00010369003591929193
2298,visibles,78,0.00010369003591929193
2299,naturalidad,78,0.00010369003591929193
2300,asegurarán,78,0.00010369003591929193
2301,adolescencia,78,0.00010369003591929193
2302,confirmarlas,78,0.00010369003591929193
2303,bucear,78,0.00010369003591929193
2304,palacio,78,0.00010369003591929193
2305,contuvo,78,0.00010369003591929193
2306,amanecía,78,0.00010369003591929193
2307,energía,78,0.00010369003591929193
2308,arreglaran,78,0.00010369003591929193
2309,estudiantiles,78,0.00010369003591929193
2310,rechinar,78,0.00010369003591929193
2311,agarré,78,0.00010369003591929193
2312,resbaló,78,0.00010369003591929193
2313,mirándonos,78,0.00010369003591929193
2314,maravillas,78,0.00010369003591929193
2315,mes,78,0.00010369003591929193
2316,deprime,78,0.00010369003591929193
2317,saborear,78,0.00010369003591929193
2318,tostadas,78,0.00010369003591929193
2319,absoluta,78,0.00010369003591929193
2320,esperanza,78,0.00010369003591929193
2321,interpuso,78,0.00010369003591929193
2322,pensativa,78,0.00010369003591929193
2323,juerga,78,0.00010369003591929193
2324,viuda,78,0.00010369003591929193
2325,urgencia,78,0.00010369003591929193
2326,salen,78,0.00010369003591929193
2327,molestaba,78,0.00010369003591929193
2328,pensaron,78,0.00010369003591929193
2329,suicidarse,78,0.00010369003591929193
2330,acabara,78,0.00010369003591929193
2331,seguíamos,77,0.00010236067648442921
2332,agradecidos,77,0.00010236067648442921
2333,insinúa,77,0.00010236067648442921
2334,teñirme,77,0.00010236067648442921
2335,caerse,77,0.00010236067648442921
2336,garabatos,77,0.00010236067648442921
2337,imágenes,77,0.00010236067648442921
2338,seas,77,0.00010236067648442921
2339,definir,77,0.00010236067648442921
2340,encarga,77,0.00010236067648442921
2341,sumergirnos,77,0.00010236067648442921
2342,observar,77,0.00010236067648442921
2343,mareada,77,0.00010236067648442921
2344,bola,77,0.00010236067648442921
2345,vaciado,77,0.00010236067648442921
2346,manuales,77,0.00010236067648442921
2347,salí,77,0.00010236067648442921
2348,continuó,77,0.00010236067648442921
2349,arrodilló,77,0.00010236067648442921
2350,partió,77,0.00010236067648442921
2351,agarra,77,0.00010236067648442921
2352,estudiar,77,0.00010236067648442921
2353,mecanismo,77,0.00010236067648442921
2354,haberla,77,0.00010236067648442921
2355,cargada,77,0.00010236067648442921
2356,carpetas,77,0.00010236067648442921
2357,contagiosa,77,0.00010236067648442921
2358,hombros,77,0.00010236067648442921
2359,cautela,77,0.00010236067648442921
2360,arenal,77,0.00010236067648442921
2361,amarga,77,0.00010236067648442921
2362,catacumbas,77,0.00010236067648442921
2363,callarse,77,0.00010236067648442921
2364,revelación,77,0.00010236067648442921
2365,pómulo,77,0.00010236067648442921
2366,decirse,77,0.00010236067648442921
2367,esconder,77,0.00010236067648442921
2368,vacaciones,77,0.00010236067648442921
2369,cariño,77,0.00010236067648442921
2370,vestido,77,0.00010236067648442921
2371,agente,77,0.00010236067648442921
2372,despacio,77,0.00010236067648442921
2373,yacía,77,0.00010236067648442921
2374,clara,77,0.00010236067648442921
2375,engordó,77,0.00010236067648442921
2376,verse,77,0.00010236067648442921
2377,querido,77,0.00010236067648442921
2378,tejido,76,0.0001010313170495665
2379,magnífica,76,0.0001010313170495665
2380,librito,76,0.0001010313170495665
2381,posición,76,0.0001010313170495665
2382,perdida,76,0.0001010313170495665
2383,sentar,76,0.0001010313170495665
2384,soportar,76,0.0001010313170495665
2385,suficientemente,76,0.0001010313170495665
2386,advierte,76,0.0001010313170495665
2387,ensayado,76,0.0001010313170495665
2388,humanidad,76,0.0001010313170495665
2389,rebeldía,76,0.0001010313170495665
2390,necesarias,76,0.0001010313170495665
2391,sensación,76,0.0001010313170495665
2392,juventud,76,0.0001010313170495665
2393,oficiales,76,0.0001010313170495665
2394,intestino,76,0.0001010313170495665
2395,mismísimo,76,0.0001010313170495665
2396,afecta,76,0.0001010313170495665
2397,madera,76,0.0001010313170495665
2398,domingo,76,0.0001010313170495665
2399,cuestas—,76,0.0001010313170495665
2400,espasmos,76,0.0001010313170495665
2401,fatalidad,76,0.0001010313170495665
2402,horrorizaba,76,0.0001010313170495665
2403,pertenecían,76,0.0001010313170495665
2404,garganta,76,0.0001010313170495665
2405,tirantes,76,0.0001010313170495665
2406,arrastraron,76,0.0001010313170495665
2407,revolvía,76,0.0001010313170495665
2408,inmensa,76,0.0001010313170495665
2409,ruinas,76,0.0001010313170495665
2410,comitiva,76,0.0001010313170495665
2411,infectarse,76,0.0001010313170495665
2412,terciopelos,76,0.0001010313170495665
2413,murmullos,76,0.0001010313170495665
2414,contexto,76,0.0001010313170495665
2415,informó,76,0.0001010313170495665
2416,transfusiones,76,0.0001010313170495665
2417,robarles,76,0.0001010313170495665
2418,daño,76,0.0001010313170495665
2419,peligro,76,0.0001010313170495665
2420,medias,76,0.0001010313170495665
2421,lleno,75,9.970195761470377e-05
2422,crujir,75,9.970195761470377e-05
2423,personaje,75,9.970195761470377e-05
2424,humedecida,75,9.970195761470377e-05
2425,hacen,75,9.970195761470377e-05
2426,inteligentes,75,9.970195761470377e-05
2427,quitan,75,9.970195761470377e-05
2428,agujitas,75,9.970195761470377e-05
2429,enmudecer,75,9.970195761470377e-05
2430,cierro,75,9.970195761470377e-05
2431,estalló,75,9.970195761470377e-05
2432,descubrimiento,75,9.970195761470377e-05
2433,explica,75,9.970195761470377e-05
2434,prestado,75,9.970195761470377e-05
2435,moldes,75,9.970195761470377e-05
2436,coserle,75,9.970195761470377e-05
2437,comienzo,75,9.970195761470377e-05
2438,resumir,75,9.970195761470377e-05
2439,llámeme,75,9.970195761470377e-05
2440,opuesto,75,9.970195761470377e-05
2441,viniera,75,9.970195761470377e-05
2442,encontrado,75,9.970195761470377e-05
2443,vivimos,75,9.970195761470377e-05
2444,tecnología,75,9.970195761470377e-05
2445,justamente,75,9.970195761470377e-05
2446,infinidad,75,9.970195761470377e-05
2447,pateado,75,9.970195761470377e-05
2448,daría,75,9.970195761470377e-05
2449,intentó,75,9.970195761470377e-05
2450,bañado,75,9.970195761470377e-05
2451,panorama,75,9.970195761470377e-05
2452,cuarenta,75,9.970195761470377e-05
2453,equilibrado,75,9.970195761470377e-05
2454,estiró,75,9.970195761470377e-05
2455,tacto,75,9.970195761470377e-05
2456,noticia,75,9.970195761470377e-05
2457,ponerle,75,9.970195761470377e-05
2458,nietos,75,9.970195761470377e-05
2459,lindísima,75,9.970195761470377e-05
2460,sentadita,75,9.970195761470377e-05
2461,exclamó,75,9.970195761470377e-05
2462,tercera,75,9.970195761470377e-05
2463,limpiaron,75,9.970195761470377e-05
2464,lejanas,75,9.970195761470377e-05
2465,costra,75,9.970195761470377e-05
2466,dormido,75,9.970195761470377e-05
2467,atropella,75,9.970195761470377e-05
2468,competencia,74,9.837259817984107e-05
2469,cambiar,74,9.837259817984107e-05
2470,escuchado,74,9.837259817984107e-05
2471,biológico,74,9.837259817984107e-05
2472,intentan,74,9.837259817984107e-05
2473,cosida,74,9.837259817984107e-05
2474,lápiz,74,9.837259817984107e-05
2475,serán,74,9.837259817984107e-05
2476,bomba,74,9.837259817984107e-05
2477,someterla,74,9.837259817984107e-05
2478,compruebo,74,9.837259817984107e-05
2479,vacías,74,9.837259817984107e-05
2480,monstruos,74,9.837259817984107e-05
2481,auge,74,9.837259817984107e-05
2482,discos,74,9.837259817984107e-05
2483,repisa,74,9.837259817984107e-05
2484,quedamos,74,9.837259817984107e-05
2485,inmóviles,74,9.837259817984107e-05
2486,caballos,74,9.837259817984107e-05
2487,desangrados,74,9.837259817984107e-05
2488,rodeados,74,9.837259817984107e-05
2489,cotidianos,74,9.837259817984107e-05
2490,llegamos,74,9.837259817984107e-05
2491,faltó,74,9.837259817984107e-05
2492,genera,74,9.837259817984107e-05
2493,penetrado,74,9.837259817984107e-05
2494,tentación,74,9.837259817984107e-05
2495,transformó,74,9.837259817984107e-05
2496,importó,74,9.837259817984107e-05
2497,negociar,74,9.837259817984107e-05
2498,sudor,74,9.837259817984107e-05
2499,idéntico,74,9.837259817984107e-05
2500,reaccionar,74,9.837259817984107e-05
2501,desangrada,74,9.837259817984107e-05
2502,amenaza,74,9.837259817984107e-05
2503,damas,74,9.837259817984107e-05
2504,campanadas,74,9.837259817984107e-05
2505,acto,74,9.837259817984107e-05
2506,enfermiza,74,9.837259817984107e-05
2507,prolongada,74,9.837259817984107e-05
2508,medidas,74,9.837259817984107e-05
2509,formaban,74,9.837259817984107e-05
2510,contratado,74,9.837259817984107e-05
2511,cargaron,74,9.837259817984107e-05
2512,espanto,74,9.837259817984107e-05
2513,tapaban,74,9.837259817984107e-05
2514,maravillados,74,9.837259817984107e-05
2515,excusa,74,9.837259817984107e-05
2516,tocarle,74,9.837259817984107e-05
2517,inspector,74,9.837259817984107e-05
2518,esperaron,74,9.837259817984107e-05
2519,mandaron,74,9.837259817984107e-05
2520,cerrada,74,9.837259817984107e-05
2521,decide,74,9.837259817984107e-05
2522,penumbra,74,9.837259817984107e-05
2523,extraña,74,9.837259817984107e-05
2524,dejarlo,73,9.704323874497835e-05
2525,acostarse,73,9.704323874497835e-05
2526,calmaba,73,9.704323874497835e-05
2527,palermo,73,9.704323874497835e-05
2528,subíamos,73,9.704323874497835e-05
2529,salíamos,73,9.704323874497835e-05
2530,fracasando,73,9.704323874497835e-05
2531,intacta,73,9.704323874497835e-05
2532,proyecciones,73,9.704323874497835e-05
2533,empiezan,73,9.704323874497835e-05
2534,empiezo,73,9.704323874497835e-05
2535,instantes,73,9.704323874497835e-05
2536,lejana,73,9.704323874497835e-05
2537,olvidemos,73,9.704323874497835e-05
2538,ocultos,73,9.704323874497835e-05
2539,volverse,73,9.704323874497835e-05
2540,accederse,73,9.704323874497835e-05
2541,entrado,73,9.704323874497835e-05
2542,theresa,73,9.704323874497835e-05
2543,eliminar,73,9.704323874497835e-05
2544,invención,73,9.704323874497835e-05
2545,percate,73,9.704323874497835e-05
2546,comenzar,73,9.704323874497835e-05
2547,administrar,73,9.704323874497835e-05
2548,quedarle,73,9.704323874497835e-05
2549,escribía,73,9.704323874497835e-05
2550,orden,73,9.704323874497835e-05
2551,−desde,73,9.704323874497835e-05
2552,analizarla,73,9.704323874497835e-05
2553,caminaba,73,9.704323874497835e-05
2554,ternura,73,9.704323874497835e-05
2555,trepaban,73,9.704323874497835e-05
2556,filoso,73,9.704323874497835e-05
2557,hippie,73,9.704323874497835e-05
2558,cuantas,73,9.704323874497835e-05
2559,tercio,73,9.704323874497835e-05
2560,costados,73,9.704323874497835e-05
2561,súplica,73,9.704323874497835e-05
2562,ejemplo,73,9.704323874497835e-05
2563,libre,73,9.704323874497835e-05
2564,veredicto,73,9.704323874497835e-05
2565,gritarnos,73,9.704323874497835e-05
2566,banco,73,9.704323874497835e-05
2567,hermanita,73,9.704323874497835e-05
2568,repleto,73,9.704323874497835e-05
2569,agárrenlo,73,9.704323874497835e-05
2570,soltó,73,9.704323874497835e-05
2571,murieron,73,9.704323874497835e-05
2572,provocado,73,9.704323874497835e-05
2573,poderosa,73,9.704323874497835e-05
2574,surco,73,9.704323874497835e-05
2575,floja,73,9.704323874497835e-05
2576,leerla,73,9.704323874497835e-05
2577,venga,73,9.704323874497835e-05
2578,caca,73,9.704323874497835e-05
2579,explicó,73,9.704323874497835e-05
2580,aceptaron,73,9.704323874497835e-05
2581,marco,73,9.704323874497835e-05
2582,topo,73,9.704323874497835e-05
2583,esconderse,73,9.704323874497835e-05
2584,calefacción,73,9.704323874497835e-05
2585,reconoce,73,9.704323874497835e-05
2586,vidas,72,9.571387931011563e-05
2587,cultural,72,9.571387931011563e-05
2588,miraron,72,9.571387931011563e-05
2589,cabildo,72,9.571387931011563e-05
2590,alcanza,72,9.571387931011563e-05
2591,tengan,72,9.571387931011563e-05
2592,magníficas,72,9.571387931011563e-05
2593,renovarlo,72,9.571387931011563e-05
2594,detengo,72,9.571387931011563e-05
2595,preguntaría,72,9.571387931011563e-05
2596,propósito,72,9.571387931011563e-05
2597,actitud,72,9.571387931011563e-05
2598,resguardar,72,9.571387931011563e-05
2599,prestar,72,9.571387931011563e-05
2600,contenidos,72,9.571387931011563e-05
2601,esbeltas,72,9.571387931011563e-05
2602,convierte,72,9.571387931011563e-05
2603,aquello,72,9.571387931011563e-05
2604,importar,72,9.571387931011563e-05
2605,principalmente,72,9.571387931011563e-05
2606,contribuyo,72,9.571387931011563e-05
2607,crecí,72,9.571387931011563e-05
2608,frutales,72,9.571387931011563e-05
2609,consultó,72,9.571387931011563e-05
2610,calmarla,72,9.571387931011563e-05
2611,changas,72,9.571387931011563e-05
2612,llevarlos,72,9.571387931011563e-05
2613,hipnotizar,72,9.571387931011563e-05
2614,negar,72,9.571387931011563e-05
2615,sistema,72,9.571387931011563e-05
2616,olas,72,9.571387931011563e-05
2617,liberarlo,72,9.571387931011563e-05
2618,recibió,72,9.571387931011563e-05
2619,asustada,72,9.571387931011563e-05
2620,morada,72,9.571387931011563e-05
2621,alfombra,72,9.571387931011563e-05
2622,sonrojó,72,9.571387931011563e-05
2623,salieron,72,9.571387931011563e-05
2624,ayudara,72,9.571387931011563e-05
2625,caricia,72,9.571387931011563e-05
2626,lágrimas,72,9.571387931011563e-05
2627,sudaba,72,9.571387931011563e-05
2628,cárcel,72,9.571387931011563e-05
2629,recordamos,72,9.571387931011563e-05
2630,lago,72,9.571387931011563e-05
2631,bengala,72,9.571387931011563e-05
2632,tradicional,72,9.571387931011563e-05
2633,planear,72,9.571387931011563e-05
2634,espiar,72,9.571387931011563e-05
2635,cubierta,72,9.571387931011563e-05
2636,ponerse,71,9.438451987525291e-05
2637,esmeró,71,9.438451987525291e-05
2638,contrató,71,9.438451987525291e-05
2639,cargaran,71,9.438451987525291e-05
2640,bizet,71,9.438451987525291e-05
2641,molestia,71,9.438451987525291e-05
2642,convierta,71,9.438451987525291e-05
2643,tantas,71,9.438451987525291e-05
2644,encuentro,71,9.438451987525291e-05
2645,alrededor,71,9.438451987525291e-05
2646,estuve,71,9.438451987525291e-05
2647,seguramente,71,9.438451987525291e-05
2648,winston,71,9.438451987525291e-05
2649,curiosos,71,9.438451987525291e-05
2650,comodidad,71,9.438451987525291e-05
2651,cortaban,71,9.438451987525291e-05
2652,migró,71,9.438451987525291e-05
2653,investigación,71,9.438451987525291e-05
2654,mediante,71,9.438451987525291e-05
2655,otoño,71,9.438451987525291e-05
2656,cansado,71,9.438451987525291e-05
2657,suspiré,71,9.438451987525291e-05
2658,olvida,71,9.438451987525291e-05
2659,soplando,71,9.438451987525291e-05
2660,violenta,71,9.438451987525291e-05
2661,películas,71,9.438451987525291e-05
2662,intentar,71,9.438451987525291e-05
2663,afueras,71,9.438451987525291e-05
2664,distante,71,9.438451987525291e-05
2665,yendo,71,9.438451987525291e-05
2666,barda,71,9.438451987525291e-05
2667,patadas,71,9.438451987525291e-05
2668,guardado,71,9.438451987525291e-05
2669,separarnos,71,9.438451987525291e-05
2670,tremendas,71,9.438451987525291e-05
2671,crecían,71,9.438451987525291e-05
2672,criatura,71,9.438451987525291e-05
2673,ardían,71,9.438451987525291e-05
2674,rico,71,9.438451987525291e-05
2675,dando,71,9.438451987525291e-05
2676,salpicada,71,9.438451987525291e-05
2677,sinceridad,71,9.438451987525291e-05
2678,lecho,71,9.438451987525291e-05
2679,parara,71,9.438451987525291e-05
2680,almohadones,71,9.438451987525291e-05
2681,prohibido,71,9.438451987525291e-05
2682,golpearon,71,9.438451987525291e-05
2683,hablaban,71,9.438451987525291e-05
2684,buscaron,71,9.438451987525291e-05
2685,cortinas,71,9.438451987525291e-05
2686,supermercado,71,9.438451987525291e-05
2687,acompaña,71,9.438451987525291e-05
2688,alquiler,71,9.438451987525291e-05
2689,entierran,71,9.438451987525291e-05
2690,maniobra,70,9.305516044039019e-05
2691,envolviendo,70,9.305516044039019e-05
2692,parado,70,9.305516044039019e-05
2693,verdaderos,70,9.305516044039019e-05
2694,martes,70,9.305516044039019e-05
2695,desvanecido,70,9.305516044039019e-05
2696,torcer,70,9.305516044039019e-05
2697,valiosos,70,9.305516044039019e-05
2698,levanto,70,9.305516044039019e-05
2699,renovar,70,9.305516044039019e-05
2700,atuendos,70,9.305516044039019e-05
2701,escaso,70,9.305516044039019e-05
2702,preciosos,70,9.305516044039019e-05
2703,privilegio,70,9.305516044039019e-05
2704,diminutas,70,9.305516044039019e-05
2705,viajar,70,9.305516044039019e-05
2706,superficial,70,9.305516044039019e-05
2707,dicen,70,9.305516044039019e-05
2708,evaluando,70,9.305516044039019e-05
2709,argumentos,70,9.305516044039019e-05
2710,volaron,70,9.305516044039019e-05
2711,octubre,70,9.305516044039019e-05
2712,traba,70,9.305516044039019e-05
2713,prendí,70,9.305516044039019e-05
2714,enemigo,70,9.305516044039019e-05
2715,rescate,70,9.305516044039019e-05
2716,resultaba,70,9.305516044039019e-05
2717,pedazo,70,9.305516044039019e-05
2718,detonación,70,9.305516044039019e-05
2719,colgamos,70,9.305516044039019e-05
2720,clásico,70,9.305516044039019e-05
2721,escucho,70,9.305516044039019e-05
2722,atractivo,70,9.305516044039019e-05
2723,boreales,70,9.305516044039019e-05
2724,cantaban,70,9.305516044039019e-05
2725,optimista,70,9.305516044039019e-05
2726,rápido,70,9.305516044039019e-05
2727,poste,70,9.305516044039019e-05
2728,radiante,70,9.305516044039019e-05
2729,repitió,70,9.305516044039019e-05
2730,desear,70,9.305516044039019e-05
2731,acostaba,70,9.305516044039019e-05
2732,empujadas,70,9.305516044039019e-05
2733,tenerlo,70,9.305516044039019e-05
2734,estarían,70,9.305516044039019e-05
2735,comediantes,70,9.305516044039019e-05
2736,pequeña,70,9.305516044039019e-05
2737,volumen,70,9.305516044039019e-05
2738,registraron,70,9.305516044039019e-05
2739,ricos,70,9.305516044039019e-05
2740,lástima,70,9.305516044039019e-05
2741,cabecera,70,9.305516044039019e-05
2742,monos,70,9.305516044039019e-05
2743,traseras,70,9.305516044039019e-05
2744,anillos,70,9.305516044039019e-05
2745,acuesta,70,9.305516044039019e-05
2746,aparta,70,9.305516044039019e-05
2747,según,69,9.172580100552747e-05
2748,saliera,69,9.172580100552747e-05
2749,esposas,69,9.172580100552747e-05
2750,poníamos,69,9.172580100552747e-05
2751,bajábamos,69,9.172580100552747e-05
2752,mozart,69,9.172580100552747e-05
2753,poemas,69,9.172580100552747e-05
2754,animalitos,69,9.172580100552747e-05
2755,acceder,69,9.172580100552747e-05
2756,enaguas,69,9.172580100552747e-05
2757,aquellos,69,9.172580100552747e-05
2758,crudeza,69,9.172580100552747e-05
2759,charlotte,69,9.172580100552747e-05
2760,campinas−,69,9.172580100552747e-05
2761,banquete,69,9.172580100552747e-05
2762,abordado,69,9.172580100552747e-05
2763,escribo,69,9.172580100552747e-05
2764,hacemos,69,9.172580100552747e-05
2765,argumentar,69,9.172580100552747e-05
2766,surge,69,9.172580100552747e-05
2767,calma,69,9.172580100552747e-05
2768,cesar,69,9.172580100552747e-05
2769,rumor,69,9.172580100552747e-05
2770,cumplía,69,9.172580100552747e-05
2771,confiado,69,9.172580100552747e-05
2772,corría,69,9.172580100552747e-05
2773,combatientes,69,9.172580100552747e-05
2774,revólver,69,9.172580100552747e-05
2775,musicales,69,9.172580100552747e-05
2776,nervioso,69,9.172580100552747e-05
2777,cerrar,69,9.172580100552747e-05
2778,alguno,69,9.172580100552747e-05
2779,imaginarlo,69,9.172580100552747e-05
2780,explotar,69,9.172580100552747e-05
2781,consiguieron,69,9.172580100552747e-05
2782,repetirse,69,9.172580100552747e-05
2783,ayudaría,69,9.172580100552747e-05
2784,sexto,69,9.172580100552747e-05
2785,pasillos,69,9.172580100552747e-05
2786,campanada,69,9.172580100552747e-05
2787,hiriente,69,9.172580100552747e-05
2788,diagnóstico,69,9.172580100552747e-05
2789,reservas,69,9.172580100552747e-05
2790,mueca,69,9.172580100552747e-05
2791,guardarse,69,9.172580100552747e-05
2792,miga,69,9.172580100552747e-05
2793,daban,69,9.172580100552747e-05
2794,tigres,69,9.172580100552747e-05
2795,mantenerse,69,9.172580100552747e-05
2796,cerró,69,9.172580100552747e-05
2797,planta,69,9.172580100552747e-05
2798,chistes,69,9.172580100552747e-05
2799,patrullero,69,9.172580100552747e-05
2800,deja,69,9.172580100552747e-05
2801,llora,69,9.172580100552747e-05
2802,golpea,69,9.172580100552747e-05
2803,sonrió,68,9.039644157066476e-05
2804,verla,68,9.039644157066476e-05
2805,quedaría,68,9.039644157066476e-05
2806,guante,68,9.039644157066476e-05
2807,británico,68,9.039644157066476e-05
2808,incluía,68,9.039644157066476e-05
2809,gracias,68,9.039644157066476e-05
2810,reemplazada,68,9.039644157066476e-05
2811,acostumbrado,68,9.039644157066476e-05
2812,dedal,68,9.039644157066476e-05
2813,inútiles,68,9.039644157066476e-05
2814,símbolos,68,9.039644157066476e-05
2815,nido,68,9.039644157066476e-05
2816,abrazó,68,9.039644157066476e-05
2817,horribles,68,9.039644157066476e-05
2818,señor,68,9.039644157066476e-05
2819,soplaba,68,9.039644157066476e-05
2820,alistado,68,9.039644157066476e-05
2821,formación,68,9.039644157066476e-05
2822,generan,68,9.039644157066476e-05
2823,sólo,68,9.039644157066476e-05
2824,alejarse,68,9.039644157066476e-05
2825,sistemas,68,9.039644157066476e-05
2826,falta,68,9.039644157066476e-05
2827,adelante,68,9.039644157066476e-05
2828,malditos,68,9.039644157066476e-05
2829,recuperarse,68,9.039644157066476e-05
2830,embarazada,68,9.039644157066476e-05
2831,enfrente,68,9.039644157066476e-05
2832,pesado,68,9.039644157066476e-05
2833,podrían,68,9.039644157066476e-05
2834,bufones,68,9.039644157066476e-05
2835,dedicó,68,9.039644157066476e-05
2836,ubicado,68,9.039644157066476e-05
2837,pensamientos,68,9.039644157066476e-05
2838,relámpago,68,9.039644157066476e-05
2839,versión,68,9.039644157066476e-05
2840,atentos,68,9.039644157066476e-05
2841,frontera,68,9.039644157066476e-05
2842,pedía,68,9.039644157066476e-05
2843,llenando,68,9.039644157066476e-05
2844,contados,68,9.039644157066476e-05
2845,deslizó,68,9.039644157066476e-05
2846,vacío,68,9.039644157066476e-05
2847,apuraron,68,9.039644157066476e-05
2848,atrevía,68,9.039644157066476e-05
2849,hábitos,68,9.039644157066476e-05
2850,búsqueda,68,9.039644157066476e-05
2851,miran,68,9.039644157066476e-05
2852,corre,68,9.039644157066476e-05
2853,argentino,67,8.906708213580205e-05
2854,hacernos,67,8.906708213580205e-05
2855,rieles,67,8.906708213580205e-05
2856,parecían,67,8.906708213580205e-05
2857,guiara,67,8.906708213580205e-05
2858,recupere,67,8.906708213580205e-05
2859,impide,67,8.906708213580205e-05
2860,perdiendo,67,8.906708213580205e-05
2861,esperamos,67,8.906708213580205e-05
2862,totalmente,67,8.906708213580205e-05
2863,campera,67,8.906708213580205e-05
2864,directo,67,8.906708213580205e-05
2865,instrucciones,67,8.906708213580205e-05
2866,clases,67,8.906708213580205e-05
2867,ansiosamente,67,8.906708213580205e-05
2868,amando,67,8.906708213580205e-05
2869,darnos,67,8.906708213580205e-05
2870,impacte,67,8.906708213580205e-05
2871,hueco,67,8.906708213580205e-05
2872,moviendo,67,8.906708213580205e-05
2873,negué,67,8.906708213580205e-05
2874,creí,67,8.906708213580205e-05
2875,guardan,67,8.906708213580205e-05
2876,puesto,67,8.906708213580205e-05
2877,barbilla,67,8.906708213580205e-05
2878,mil,67,8.906708213580205e-05
2879,limpiar,67,8.906708213580205e-05
2880,gimió,67,8.906708213580205e-05
2881,tercero,67,8.906708213580205e-05
2882,canciones,67,8.906708213580205e-05
2883,cacho,67,8.906708213580205e-05
2884,copadas,67,8.906708213580205e-05
2885,componen,67,8.906708213580205e-05
2886,picante,67,8.906708213580205e-05
2887,buscara,67,8.906708213580205e-05
2888,enloqueció,67,8.906708213580205e-05
2889,precio,67,8.906708213580205e-05
2890,ansiado,67,8.906708213580205e-05
2891,respiración,67,8.906708213580205e-05
2892,ritmo,67,8.906708213580205e-05
2893,pis,67,8.906708213580205e-05
2894,crema,67,8.906708213580205e-05
2895,volvían,67,8.906708213580205e-05
2896,llévenlo,67,8.906708213580205e-05
2897,confitería,67,8.906708213580205e-05
2898,necesaria,67,8.906708213580205e-05
2899,transmitió,67,8.906708213580205e-05
2900,repasó,67,8.906708213580205e-05
2901,lloraron,67,8.906708213580205e-05
2902,conflicto,67,8.906708213580205e-05
2903,pensó,67,8.906708213580205e-05
2904,festejo,67,8.906708213580205e-05
2905,sentada,67,8.906708213580205e-05
2906,comentario,67,8.906708213580205e-05
2907,cubrirle,67,8.906708213580205e-05
2908,sacarse,67,8.906708213580205e-05
2909,charlando,67,8.906708213580205e-05
2910,sacudió,67,8.906708213580205e-05
2911,extrañar,67,8.906708213580205e-05
2912,papel,67,8.906708213580205e-05
2913,leones,67,8.906708213580205e-05
2914,bailar,67,8.906708213580205e-05
2915,coser,66,8.773772270093933e-05
2916,diría,66,8.773772270093933e-05
2917,triste,66,8.773772270093933e-05
2918,asiento,66,8.773772270093933e-05
2919,armonía,66,8.773772270093933e-05
2920,pareja,66,8.773772270093933e-05
2921,salimos,66,8.773772270093933e-05
2922,concluir,66,8.773772270093933e-05
2923,escala,66,8.773772270093933e-05
2924,señalar,66,8.773772270093933e-05
2925,ganadores,66,8.773772270093933e-05
2926,algunas,66,8.773772270093933e-05
2927,túnicas,66,8.773772270093933e-05
2928,pequeñas,66,8.773772270093933e-05
2929,ridículas,66,8.773772270093933e-05
2930,falsos,66,8.773772270093933e-05
2931,sabiduría,66,8.773772270093933e-05
2932,programas,66,8.773772270093933e-05
2933,trascendente,66,8.773772270093933e-05
2934,pálida,66,8.773772270093933e-05
2935,terminé,66,8.773772270093933e-05
2936,parecía—,66,8.773772270093933e-05
2937,aspiraba,66,8.773772270093933e-05
2938,muriendo,66,8.773772270093933e-05
2939,campaña,66,8.773772270093933e-05
2940,recta,66,8.773772270093933e-05
2941,tropa,66,8.773772270093933e-05
2942,percibimos,66,8.773772270093933e-05
2943,biblia,66,8.773772270093933e-05
2944,adolescentes—,66,8.773772270093933e-05
2945,indiferente,66,8.773772270093933e-05
2946,cambiado,66,8.773772270093933e-05
2947,visitarlo,66,8.773772270093933e-05
2948,viniendo,66,8.773772270093933e-05
2949,tripas,66,8.773772270093933e-05
2950,bermuda,66,8.773772270093933e-05
2951,importaba,66,8.773772270093933e-05
2952,hermanos,66,8.773772270093933e-05
2953,sucios,66,8.773772270093933e-05
2954,almuerzo,66,8.773772270093933e-05
2955,vecinas,66,8.773772270093933e-05
2956,bajado,66,8.773772270093933e-05
2957,entera,66,8.773772270093933e-05
2958,chispa,66,8.773772270093933e-05
2959,granos,66,8.773772270093933e-05
2960,carnaval,66,8.773772270093933e-05
2961,frita,66,8.773772270093933e-05
2962,bulto,66,8.773772270093933e-05
2963,depósitos,66,8.773772270093933e-05
2964,tanque,66,8.773772270093933e-05
2965,diseñado,66,8.773772270093933e-05
2966,tragado,66,8.773772270093933e-05
2967,unir,66,8.773772270093933e-05
2968,ajenas,66,8.773772270093933e-05
2969,hundido,66,8.773772270093933e-05
2970,poniendo,66,8.773772270093933e-05
2971,parada,66,8.773772270093933e-05
2972,sacaron,66,8.773772270093933e-05
2973,chal,66,8.773772270093933e-05
2974,camina,66,8.773772270093933e-05
2975,vuela,66,8.773772270093933e-05
2976,pasmado,65,8.64083632660766e-05
2977,cuento,65,8.64083632660766e-05
2978,alimento,65,8.64083632660766e-05
2979,tonterías,65,8.64083632660766e-05
2980,cualidades,65,8.64083632660766e-05
2981,derritan,65,8.64083632660766e-05
2982,miraría,65,8.64083632660766e-05
2983,veterano,65,8.64083632660766e-05
2984,migajas,65,8.64083632660766e-05
2985,señalan,65,8.64083632660766e-05
2986,simulan,65,8.64083632660766e-05
2987,oficio,65,8.64083632660766e-05
2988,limitando,65,8.64083632660766e-05
2989,diseñados,65,8.64083632660766e-05
2990,verán,65,8.64083632660766e-05
2991,paranoia,65,8.64083632660766e-05
2992,diarias,65,8.64083632660766e-05
2993,doctor,65,8.64083632660766e-05
2994,peludas,65,8.64083632660766e-05
2995,pasillo—,65,8.64083632660766e-05
2996,corrí,65,8.64083632660766e-05
2997,olvidados,65,8.64083632660766e-05
2998,movidos,65,8.64083632660766e-05
2999,pedido,65,8.64083632660766e-05
3000,apretó,65,8.64083632660766e-05
3001,tendió,65,8.64083632660766e-05
3002,acero,65,8.64083632660766e-05
3003,cursi,65,8.64083632660766e-05
3004,demostró,65,8.64083632660766e-05
3005,planetas,65,8.64083632660766e-05
3006,dudas,65,8.64083632660766e-05
3007,elemento,65,8.64083632660766e-05
3008,preocupar,65,8.64083632660766e-05
3009,esquina,65,8.64083632660766e-05
3010,anhelado,65,8.64083632660766e-05
3011,tardaron,65,8.64083632660766e-05
3012,reían,65,8.64083632660766e-05
3013,volcaron,65,8.64083632660766e-05
3014,traviesa,65,8.64083632660766e-05
3015,agarrarse,65,8.64083632660766e-05
3016,encargados,65,8.64083632660766e-05
3017,desfile,65,8.64083632660766e-05
3018,enmascarada,65,8.64083632660766e-05
3019,recorrer,65,8.64083632660766e-05
3020,habitual,65,8.64083632660766e-05
3021,novios,65,8.64083632660766e-05
3022,entraron,65,8.64083632660766e-05
3023,inmóvil,65,8.64083632660766e-05
3024,sexo,65,8.64083632660766e-05
3025,especial,65,8.64083632660766e-05
3026,cortando,65,8.64083632660766e-05
3027,precaución,65,8.64083632660766e-05
3028,abriera,65,8.64083632660766e-05
3029,congreso,65,8.64083632660766e-05
3030,disputa,64,8.507900383121389e-05
3031,prueba,64,8.507900383121389e-05
3032,vagón,64,8.507900383121389e-05
3033,fórmula,64,8.507900383121389e-05
3034,creían,64,8.507900383121389e-05
3035,pierde,64,8.507900383121389e-05
3036,retoño,64,8.507900383121389e-05
3037,empezar,64,8.507900383121389e-05
3038,desfigure,64,8.507900383121389e-05
3039,caramelo,64,8.507900383121389e-05
3040,etiqueta,64,8.507900383121389e-05
3041,posesiones,64,8.507900383121389e-05
3042,tendrían,64,8.507900383121389e-05
3043,teléfonos,64,8.507900383121389e-05
3044,celulares,64,8.507900383121389e-05
3045,respecto,64,8.507900383121389e-05
3046,ocurrió,64,8.507900383121389e-05
3047,últimos,64,8.507900383121389e-05
3048,cortó,64,8.507900383121389e-05
3049,quedé,64,8.507900383121389e-05
3050,parados,64,8.507900383121389e-05
3051,ahogaba,64,8.507900383121389e-05
3052,armé,64,8.507900383121389e-05
3053,grupos,64,8.507900383121389e-05
3054,agonía,64,8.507900383121389e-05
3055,desvió,64,8.507900383121389e-05
3056,hermosa,64,8.507900383121389e-05
3057,exceso,64,8.507900383121389e-05
3058,vidrio,64,8.507900383121389e-05
3059,mata,64,8.507900383121389e-05
3060,carga,64,8.507900383121389e-05
3061,auroras,64,8.507900383121389e-05
3062,ruta,64,8.507900383121389e-05
3063,dormían,64,8.507900383121389e-05
3064,personalidad,64,8.507900383121389e-05
3065,viene,64,8.507900383121389e-05
3066,canta,64,8.507900383121389e-05
3067,atacó,64,8.507900383121389e-05
3068,saludable,64,8.507900383121389e-05
3069,muro,64,8.507900383121389e-05
3070,trepó,64,8.507900383121389e-05
3071,celeste,64,8.507900383121389e-05
3072,grasa,64,8.507900383121389e-05
3073,prendido,64,8.507900383121389e-05
3074,vidrios,64,8.507900383121389e-05
3075,horca,64,8.507900383121389e-05
3076,recámara,64,8.507900383121389e-05
3077,topara,64,8.507900383121389e-05
3078,viva,64,8.507900383121389e-05
3079,grano,64,8.507900383121389e-05
3080,umbral,64,8.507900383121389e-05
3081,novio,64,8.507900383121389e-05
3082,mugre,64,8.507900383121389e-05
3083,paga,64,8.507900383121389e-05
3084,lavó,63,8.374964439635118e-05
3085,probarse,63,8.374964439635118e-05
3086,enfermo,63,8.374964439635118e-05
3087,colibrí,63,8.374964439635118e-05
3088,sonriendo,63,8.374964439635118e-05
3089,azote,63,8.374964439635118e-05
3090,pasear,63,8.374964439635118e-05
3091,sendero,63,8.374964439635118e-05
3092,escrita,63,8.374964439635118e-05
3093,código,63,8.374964439635118e-05
3094,listos,63,8.374964439635118e-05
3095,frustración,63,8.374964439635118e-05
3096,notamos,63,8.374964439635118e-05
3097,vestidos,63,8.374964439635118e-05
3098,modo,63,8.374964439635118e-05
3099,armas,63,8.374964439635118e-05
3100,nogués,63,8.374964439635118e-05
3101,almohadas,63,8.374964439635118e-05
3102,sala,63,8.374964439635118e-05
3103,oscuro,63,8.374964439635118e-05
3104,tienda,63,8.374964439635118e-05
3105,rogaba,63,8.374964439635118e-05
3106,baba,63,8.374964439635118e-05
3107,fuerzas,63,8.374964439635118e-05
3108,armar,63,8.374964439635118e-05
3109,sucesos,63,8.374964439635118e-05
3110,notas,63,8.374964439635118e-05
3111,aliviados,63,8.374964439635118e-05
3112,pagaron,63,8.374964439635118e-05
3113,rasgos,63,8.374964439635118e-05
3114,viviendo,63,8.374964439635118e-05
3115,veinte,63,8.374964439635118e-05
3116,alfajores,63,8.374964439635118e-05
3117,detenerme,63,8.374964439635118e-05
3118,percibí,63,8.374964439635118e-05
3119,sirena,63,8.374964439635118e-05
3120,creciendo,63,8.374964439635118e-05
3121,brazos,63,8.374964439635118e-05
3122,bajó,63,8.374964439635118e-05
3123,ruina,63,8.374964439635118e-05
3124,barcos,63,8.374964439635118e-05
3125,apagaron,63,8.374964439635118e-05
3126,flaca,63,8.374964439635118e-05
3127,metro,63,8.374964439635118e-05
3128,amantes,63,8.374964439635118e-05
3129,inteligente,63,8.374964439635118e-05
3130,sidra,63,8.374964439635118e-05
3131,cortar,63,8.374964439635118e-05
3132,diera,63,8.374964439635118e-05
3133,colgaba,63,8.374964439635118e-05
3134,posara,63,8.374964439635118e-05
3135,posó,63,8.374964439635118e-05
3136,aplauso,63,8.374964439635118e-05
3137,social,63,8.374964439635118e-05
3138,denuncia,63,8.374964439635118e-05
3139,restos,63,8.374964439635118e-05
3140,google,63,8.374964439635118e-05
3141,distingue,63,8.374964439635118e-05
3142,delivery,63,8.374964439635118e-05
3143,hilar,62,8.242028496148846e-05
3144,saltitos,62,8.242028496148846e-05
3145,abrieran,62,8.242028496148846e-05
3146,extremo,62,8.242028496148846e-05
3147,malhumor,62,8.242028496148846e-05
3148,hernández,62,8.242028496148846e-05
3149,fugacidad,62,8.242028496148846e-05
3150,escuchando,62,8.242028496148846e-05
3151,veamos,62,8.242028496148846e-05
3152,naciera,62,8.242028496148846e-05
3153,estrella,62,8.242028496148846e-05
3154,juego,62,8.242028496148846e-05
3155,meramente,62,8.242028496148846e-05
3156,cínicos,62,8.242028496148846e-05
3157,debería,62,8.242028496148846e-05
3158,tu,62,8.242028496148846e-05
3159,siglos,62,8.242028496148846e-05
3160,analogía,62,8.242028496148846e-05
3161,rubia,62,8.242028496148846e-05
3162,dejara,62,8.242028496148846e-05
3163,ligero,62,8.242028496148846e-05
3164,jugaba,62,8.242028496148846e-05
3165,atravesó,62,8.242028496148846e-05
3166,salían,62,8.242028496148846e-05
3167,bikinis,62,8.242028496148846e-05
3168,compuesta,62,8.242028496148846e-05
3169,particular,62,8.242028496148846e-05
3170,mecanismos,62,8.242028496148846e-05
3171,emociones,62,8.242028496148846e-05
3172,nombrar,62,8.242028496148846e-05
3173,caminata,62,8.242028496148846e-05
3174,preocupada,62,8.242028496148846e-05
3175,analista,62,8.242028496148846e-05
3176,idiota,62,8.242028496148846e-05
3177,notó,62,8.242028496148846e-05
3178,apurar,62,8.242028496148846e-05
3179,rodeaba,62,8.242028496148846e-05
3180,obvio,62,8.242028496148846e-05
3181,tuvieran,62,8.242028496148846e-05
3182,distintas,62,8.242028496148846e-05
3183,quejaba,62,8.242028496148846e-05
3184,tortas,62,8.242028496148846e-05
3185,escuchó,62,8.242028496148846e-05
3186,mapa,62,8.242028496148846e-05
3187,visitarla,62,8.242028496148846e-05
3188,pisar,62,8.242028496148846e-05
3189,joyero,62,8.242028496148846e-05
3190,herencia,62,8.242028496148846e-05
3191,pasan,62,8.242028496148846e-05
3192,ciber,62,8.242028496148846e-05
3193,cruzan,62,8.242028496148846e-05
3194,hiló,61,8.109092552662574e-05
3195,quieto,61,8.109092552662574e-05
3196,e,61,8.109092552662574e-05
3197,cerraron,61,8.109092552662574e-05
3198,oíamos,61,8.109092552662574e-05
3199,encerrar,61,8.109092552662574e-05
3200,formada,61,8.109092552662574e-05
3201,filósofos,61,8.109092552662574e-05
3202,confiar,61,8.109092552662574e-05
3203,pedacito,61,8.109092552662574e-05
3204,temporal,61,8.109092552662574e-05
3205,caminos,61,8.109092552662574e-05
3206,cinta,61,8.109092552662574e-05
3207,aprovecho,61,8.109092552662574e-05
3208,disco,61,8.109092552662574e-05
3209,traseros,61,8.109092552662574e-05
3210,solución,61,8.109092552662574e-05
3211,vestir,61,8.109092552662574e-05
3212,finanzas,61,8.109092552662574e-05
3213,remera,61,8.109092552662574e-05
3214,llamara,61,8.109092552662574e-05
3215,fiebre,61,8.109092552662574e-05
3216,anemia,61,8.109092552662574e-05
3217,rutina,61,8.109092552662574e-05
3218,húmedo,61,8.109092552662574e-05
3219,últimas,61,8.109092552662574e-05
3220,civil,61,8.109092552662574e-05
3221,atraviesa,61,8.109092552662574e-05
3222,ponemos,61,8.109092552662574e-05
3223,agrupó,61,8.109092552662574e-05
3224,revista,61,8.109092552662574e-05
3225,monstruo,61,8.109092552662574e-05
3226,cuadra,61,8.109092552662574e-05
3227,sentidos,61,8.109092552662574e-05
3228,nació,61,8.109092552662574e-05
3229,bodega,61,8.109092552662574e-05
3230,bellezas,61,8.109092552662574e-05
3231,excluida,61,8.109092552662574e-05
3232,sobrino,61,8.109092552662574e-05
3233,disparó,61,8.109092552662574e-05
3234,plano,61,8.109092552662574e-05
3235,tumulto,61,8.109092552662574e-05
3236,abuelos,61,8.109092552662574e-05
3237,barco,61,8.109092552662574e-05
3238,gritaba,61,8.109092552662574e-05
3239,idiotez,61,8.109092552662574e-05
3240,susto,61,8.109092552662574e-05
3241,prendida,61,8.109092552662574e-05
3242,esposo,60,7.976156609176302e-05
3243,josé,60,7.976156609176302e-05
3244,casita,60,7.976156609176302e-05
3245,gotitas,60,7.976156609176302e-05
3246,haberse,60,7.976156609176302e-05
3247,tapara,60,7.976156609176302e-05
3248,interrumpió,60,7.976156609176302e-05
3249,contaba,60,7.976156609176302e-05
3250,usaban,60,7.976156609176302e-05
3251,tenerse,60,7.976156609176302e-05
3252,enamorado,60,7.976156609176302e-05
3253,algoritmos,60,7.976156609176302e-05
3254,habla,60,7.976156609176302e-05
3255,indagar,60,7.976156609176302e-05
3256,mármol,60,7.976156609176302e-05
3257,colcha,60,7.976156609176302e-05
3258,marcó,60,7.976156609176302e-05
3259,cadáveres,60,7.976156609176302e-05
3260,den,60,7.976156609176302e-05
3261,monte,60,7.976156609176302e-05
3262,atrae,60,7.976156609176302e-05
3263,pequeño,60,7.976156609176302e-05
3264,juan,60,7.976156609176302e-05
3265,astro,60,7.976156609176302e-05
3266,buscarlo,60,7.976156609176302e-05
3267,brillo,60,7.976156609176302e-05
3268,propio,60,7.976156609176302e-05
3269,meter,60,7.976156609176302e-05
3270,subió,60,7.976156609176302e-05
3271,asomaban,60,7.976156609176302e-05
3272,botellas,60,7.976156609176302e-05
3273,temían,60,7.976156609176302e-05
3274,museo,60,7.976156609176302e-05
3275,compra,60,7.976156609176302e-05
3276,usando,59,7.84322066569003e-05
3277,velatorio,59,7.84322066569003e-05
3278,contenerse,59,7.84322066569003e-05
3279,únicamente,59,7.84322066569003e-05
3280,cientos,59,7.84322066569003e-05
3281,metáforas,59,7.84322066569003e-05
3282,guitarra,59,7.84322066569003e-05
3283,calzado,59,7.84322066569003e-05
3284,bienes,59,7.84322066569003e-05
3285,escribe,59,7.84322066569003e-05
3286,lleve,59,7.84322066569003e-05
3287,gusta,59,7.84322066569003e-05
3288,seguros,59,7.84322066569003e-05
3289,confundimos,59,7.84322066569003e-05
3290,charlas,59,7.84322066569003e-05
3291,gripe,59,7.84322066569003e-05
3292,básquet,59,7.84322066569003e-05
3293,nubes,59,7.84322066569003e-05
3294,novelas,59,7.84322066569003e-05
3295,pueda,59,7.84322066569003e-05
3296,serían,59,7.84322066569003e-05
3297,estudios,59,7.84322066569003e-05
3298,clínicos,59,7.84322066569003e-05
3299,chicas,59,7.84322066569003e-05
3300,piolín,59,7.84322066569003e-05
3301,casados,59,7.84322066569003e-05
3302,examinó,59,7.84322066569003e-05
3303,pura,59,7.84322066569003e-05
3304,trepar,59,7.84322066569003e-05
3305,tapó,59,7.84322066569003e-05
3306,resguardo,59,7.84322066569003e-05
3307,asomó,59,7.84322066569003e-05
3308,vivos,59,7.84322066569003e-05
3309,hablando,59,7.84322066569003e-05
3310,departamento,59,7.84322066569003e-05
3311,vamos,59,7.84322066569003e-05
3312,doble,59,7.84322066569003e-05
3313,recurrir,59,7.84322066569003e-05
3314,laura,59,7.84322066569003e-05
3315,tensión,59,7.84322066569003e-05
3316,velitas,59,7.84322066569003e-05
3317,perros,59,7.84322066569003e-05
3318,semanas,59,7.84322066569003e-05
3319,paró,59,7.84322066569003e-05
3320,animaba,59,7.84322066569003e-05
3321,raros,59,7.84322066569003e-05
3322,asfalto,59,7.84322066569003e-05
3323,imbéciles,58,7.710284722203758e-05
3324,oírlos,58,7.710284722203758e-05
3325,clima,58,7.710284722203758e-05
3326,protegen,58,7.710284722203758e-05
3327,decenas,58,7.710284722203758e-05
3328,ganas,58,7.710284722203758e-05
3329,cocino,58,7.710284722203758e-05
3330,da,58,7.710284722203758e-05
3331,chalecos,58,7.710284722203758e-05
3332,dado,58,7.710284722203758e-05
3333,épocas,58,7.710284722203758e-05
3334,amena,58,7.710284722203758e-05
3335,muevo,58,7.710284722203758e-05
3336,sepamos,58,7.710284722203758e-05
3337,debió,58,7.710284722203758e-05
3338,heridos,58,7.710284722203758e-05
3339,quejas,58,7.710284722203758e-05
3340,zanja,58,7.710284722203758e-05
3341,gatillo,58,7.710284722203758e-05
3342,fenómenos,58,7.710284722203758e-05
3343,universo,58,7.710284722203758e-05
3344,asado,58,7.710284722203758e-05
3345,fútbol,58,7.710284722203758e-05
3346,quitó,58,7.710284722203758e-05
3347,mostrar,58,7.710284722203758e-05
3348,river,58,7.710284722203758e-05
3349,izquierdo,58,7.710284722203758e-05
3350,bestial,58,7.710284722203758e-05
3351,juntar,58,7.710284722203758e-05
3352,parar,58,7.710284722203758e-05
3353,puerto,58,7.710284722203758e-05
3354,hacerles,58,7.710284722203758e-05
3355,cuartos,58,7.710284722203758e-05
3356,apropiada,58,7.710284722203758e-05
3357,bueno,58,7.710284722203758e-05
3358,costuras,58,7.710284722203758e-05
3359,pedirle,58,7.710284722203758e-05
3360,cerradura,58,7.710284722203758e-05
3361,zaguán,58,7.710284722203758e-05
3362,aleja,58,7.710284722203758e-05
3363,páginas,58,7.710284722203758e-05
3364,avanza,58,7.710284722203758e-05
3365,estúpido,58,7.710284722203758e-05
3366,oveja,57,7.577348778717488e-05
3367,lucha,57,7.577348778717488e-05
3368,proyecta,57,7.577348778717488e-05
3369,calidez,57,7.577348778717488e-05
3370,pelusa,57,7.577348778717488e-05
3371,surgió,57,7.577348778717488e-05
3372,horda,57,7.577348778717488e-05
3373,obligadas,57,7.577348778717488e-05
3374,conscientes,57,7.577348778717488e-05
3375,montañas,57,7.577348778717488e-05
3376,logremos,57,7.577348778717488e-05
3377,televisión,57,7.577348778717488e-05
3378,perspectiva,57,7.577348778717488e-05
3379,explico,57,7.577348778717488e-05
3380,raras,57,7.577348778717488e-05
3381,ruido—,57,7.577348778717488e-05
3382,incapaz,57,7.577348778717488e-05
3383,ambas,57,7.577348778717488e-05
3384,fenómeno,57,7.577348778717488e-05
3385,mágica,57,7.577348778717488e-05
3386,sierras,57,7.577348778717488e-05
3387,mansión,57,7.577348778717488e-05
3388,alcohol,57,7.577348778717488e-05
3389,apuesta,57,7.577348778717488e-05
3390,violeta,57,7.577348778717488e-05
3391,ladrón,57,7.577348778717488e-05
3392,juntas,57,7.577348778717488e-05
3393,espejito,57,7.577348778717488e-05
3394,responder,57,7.577348778717488e-05
3395,dijera,57,7.577348778717488e-05
3396,valle,57,7.577348778717488e-05
3397,aros,57,7.577348778717488e-05
3398,centro,57,7.577348778717488e-05
3399,otras,57,7.577348778717488e-05
3400,viva—,57,7.577348778717488e-05
3401,noción,57,7.577348778717488e-05
3402,silueta,57,7.577348778717488e-05
3403,nuevas,56,7.444412835231216e-05
3404,finísima,56,7.444412835231216e-05
3405,creyendo,56,7.444412835231216e-05
3406,ratito,56,7.444412835231216e-05
3407,vara,56,7.444412835231216e-05
3408,basta,56,7.444412835231216e-05
3409,vencidos,56,7.444412835231216e-05
3410,evidente,56,7.444412835231216e-05
3411,impone,56,7.444412835231216e-05
3412,volar,56,7.444412835231216e-05
3413,revisó,56,7.444412835231216e-05
3414,estafa,56,7.444412835231216e-05
3415,chelsea,56,7.444412835231216e-05
3416,dedico,56,7.444412835231216e-05
3417,vacía,56,7.444412835231216e-05
3418,viscosa,56,7.444412835231216e-05
3419,mío,56,7.444412835231216e-05
3420,notar,56,7.444412835231216e-05
3421,personal,56,7.444412835231216e-05
3422,herida,56,7.444412835231216e-05
3423,fundamentos,56,7.444412835231216e-05
3424,pisadas,56,7.444412835231216e-05
3425,evitar,56,7.444412835231216e-05
3426,existía,56,7.444412835231216e-05
3427,ninguno,56,7.444412835231216e-05
3428,voces,56,7.444412835231216e-05
3429,tocarlos,56,7.444412835231216e-05
3430,apoyar,56,7.444412835231216e-05
3431,señas,56,7.444412835231216e-05
3432,copas,56,7.444412835231216e-05
3433,loco,56,7.444412835231216e-05
3434,prenda,55,7.311476891744944e-05
3435,creyó,55,7.311476891744944e-05
3436,laboral,55,7.311476891744944e-05
3437,viejas,55,7.311476891744944e-05
3438,empieza,55,7.311476891744944e-05
3439,escondían,55,7.311476891744944e-05
3440,demasiado,55,7.311476891744944e-05
3441,1954,55,7.311476891744944e-05
3442,quieran,55,7.311476891744944e-05
3443,humilde,55,7.311476891744944e-05
3444,aspiro,55,7.311476891744944e-05
3445,tweets,55,7.311476891744944e-05
3446,transformar,55,7.311476891744944e-05
3447,guía,55,7.311476891744944e-05
3448,casó,55,7.311476891744944e-05
3449,inútil,55,7.311476891744944e-05
3450,mover,55,7.311476891744944e-05
3451,piel,55,7.311476891744944e-05
3452,hundió,55,7.311476891744944e-05
3453,nudillos,55,7.311476891744944e-05
3454,conocer,55,7.311476891744944e-05
3455,leyendo,55,7.311476891744944e-05
3456,culo,55,7.311476891744944e-05
3457,fallar,55,7.311476891744944e-05
3458,tibio,55,7.311476891744944e-05
3459,renovó,55,7.311476891744944e-05
3460,apoyo,55,7.311476891744944e-05
3461,helados,55,7.311476891744944e-05
3462,temblorosos,55,7.311476891744944e-05
3463,sobrina,55,7.311476891744944e-05
3464,tirar,55,7.311476891744944e-05
3465,creen,55,7.311476891744944e-05
3466,bares,55,7.311476891744944e-05
3467,forzó,55,7.311476891744944e-05
3468,chiste,55,7.311476891744944e-05
3469,cree,55,7.311476891744944e-05
3470,tira,55,7.311476891744944e-05
3471,loca,54,7.178540948258672e-05
3472,situación,54,7.178540948258672e-05
3473,grupo,54,7.178540948258672e-05
3474,línea,54,7.178540948258672e-05
3475,gustado,54,7.178540948258672e-05
3476,invita,54,7.178540948258672e-05
3477,contar,54,7.178540948258672e-05
3478,modernos,54,7.178540948258672e-05
3479,1819,54,7.178540948258672e-05
3480,ocurra,54,7.178540948258672e-05
3481,décadas,54,7.178540948258672e-05
3482,comedor,54,7.178540948258672e-05
3483,solté,54,7.178540948258672e-05
3484,muertos,54,7.178540948258672e-05
3485,blancos,54,7.178540948258672e-05
3486,originan,54,7.178540948258672e-05
3487,alegres,54,7.178540948258672e-05
3488,fumar,54,7.178540948258672e-05
3489,seríamos,54,7.178540948258672e-05
3490,frenaba,54,7.178540948258672e-05
3491,salas,54,7.178540948258672e-05
3492,cine,54,7.178540948258672e-05
3493,mochila,54,7.178540948258672e-05
3494,cubría,54,7.178540948258672e-05
3495,pudiese,53,7.0456050047724e-05
3496,viendo,53,7.0456050047724e-05
3497,ausencia,53,7.0456050047724e-05
3498,miramos,53,7.0456050047724e-05
3499,fracasar,53,7.0456050047724e-05
3500,cubre,53,7.0456050047724e-05
3501,puñado,53,7.0456050047724e-05
3502,vertical,53,7.0456050047724e-05
3503,gilman,53,7.0456050047724e-05
3504,comprar,53,7.0456050047724e-05
3505,cartera,53,7.0456050047724e-05
3506,amaba,53,7.0456050047724e-05
3507,seamos,53,7.0456050047724e-05
3508,físicos,53,7.0456050047724e-05
3509,comprender,53,7.0456050047724e-05
3510,viví,53,7.0456050047724e-05
3511,masacre,53,7.0456050047724e-05
3512,plena,53,7.0456050047724e-05
3513,matarlo,53,7.0456050047724e-05
3514,furia,53,7.0456050047724e-05
3515,bandeja,53,7.0456050047724e-05
3516,pared,53,7.0456050047724e-05
3517,limpio,53,7.0456050047724e-05
3518,lenta,53,7.0456050047724e-05
3519,serenos,53,7.0456050047724e-05
3520,sacamos,53,7.0456050047724e-05
3521,metía,53,7.0456050047724e-05
3522,ay,53,7.0456050047724e-05
3523,moto,53,7.0456050047724e-05
3524,favor,52,6.912669061286129e-05
3525,rogó,52,6.912669061286129e-05
3526,habíamos,52,6.912669061286129e-05
3527,certeza,52,6.912669061286129e-05
3528,cuesta,52,6.912669061286129e-05
3529,cedió,52,6.912669061286129e-05
3530,vigor,52,6.912669061286129e-05
3531,pueden,52,6.912669061286129e-05
3532,tarta,52,6.912669061286129e-05
3533,tidy,52,6.912669061286129e-05
3534,orden’—,52,6.912669061286129e-05
3535,foro,52,6.912669061286129e-05
3536,rescata,52,6.912669061286129e-05
3537,industria,52,6.912669061286129e-05
3538,hayamos,52,6.912669061286129e-05
3539,siento,52,6.912669061286129e-05
3540,sigo,52,6.912669061286129e-05
3541,tengamos,52,6.912669061286129e-05
3542,mirarlas,52,6.912669061286129e-05
3543,vistazo,52,6.912669061286129e-05
3544,tenso,52,6.912669061286129e-05
3545,caído,52,6.912669061286129e-05
3546,trabé,52,6.912669061286129e-05
3547,dura,52,6.912669061286129e-05
3548,matado,52,6.912669061286129e-05
3549,psicólogo,52,6.912669061286129e-05
3550,—con,52,6.912669061286129e-05
3551,girar,52,6.912669061286129e-05
3552,mesada,52,6.912669061286129e-05
3553,movido,52,6.912669061286129e-05
3554,cajón,52,6.912669061286129e-05
3555,vuelto,52,6.912669061286129e-05
3556,normales,52,6.912669061286129e-05
3557,conmigo,52,6.912669061286129e-05
3558,muerta,52,6.912669061286129e-05
3559,tomado,52,6.912669061286129e-05
3560,casar,52,6.912669061286129e-05
3561,marcado,51,6.779733117799857e-05
3562,derretir,51,6.779733117799857e-05
3563,leve,51,6.779733117799857e-05
3564,usamos,51,6.779733117799857e-05
3565,hilos,51,6.779733117799857e-05
3566,románticos,51,6.779733117799857e-05
3567,útiles,51,6.779733117799857e-05
3568,igualdad,51,6.779733117799857e-05
3569,abdomen,51,6.779733117799857e-05
3570,cañón,51,6.779733117799857e-05
3571,llamada,51,6.779733117799857e-05
3572,rodea,51,6.779733117799857e-05
3573,océano,51,6.779733117799857e-05
3574,cambiando,51,6.779733117799857e-05
3575,rodillas,51,6.779733117799857e-05
3576,maldición,51,6.779733117799857e-05
3577,alzó,51,6.779733117799857e-05
3578,asombro,51,6.779733117799857e-05
3579,nación,51,6.779733117799857e-05
3580,registrado,51,6.779733117799857e-05
3581,trío,50,6.646797174313585e-05
3582,teatro,50,6.646797174313585e-05
3583,fugaces,50,6.646797174313585e-05
3584,fuimos,50,6.646797174313585e-05
3585,polleras,50,6.646797174313585e-05
3586,rara,50,6.646797174313585e-05
3587,elijo,50,6.646797174313585e-05
3588,blogs,50,6.646797174313585e-05
3589,pata,50,6.646797174313585e-05
3590,salida,50,6.646797174313585e-05
3591,falsas,50,6.646797174313585e-05
3592,vivo,50,6.646797174313585e-05
3593,liso,50,6.646797174313585e-05
3594,velas,50,6.646797174313585e-05
3595,bocado,50,6.646797174313585e-05
3596,dudó,50,6.646797174313585e-05
3597,próxima,50,6.646797174313585e-05
3598,obras,50,6.646797174313585e-05
3599,tejer,49,6.513861230827313e-05
3600,viaje,49,6.513861230827313e-05
3601,selección,49,6.513861230827313e-05
3602,calentar,49,6.513861230827313e-05
3603,panza,49,6.513861230827313e-05
3604,—escribía,49,6.513861230827313e-05
3605,caso,49,6.513861230827313e-05
3606,valor,49,6.513861230827313e-05
3607,alto,49,6.513861230827313e-05
3608,paz,49,6.513861230827313e-05
3609,empujó,49,6.513861230827313e-05
3610,compleja,49,6.513861230827313e-05
3611,puestos,49,6.513861230827313e-05
3612,alma,49,6.513861230827313e-05
3613,atroz,49,6.513861230827313e-05
3614,terror,49,6.513861230827313e-05
3615,cenar,49,6.513861230827313e-05
3616,fabricar,49,6.513861230827313e-05
3617,horror,49,6.513861230827313e-05
3618,compras,49,6.513861230827313e-05
3619,ganó,49,6.513861230827313e-05
3620,llevando,49,6.513861230827313e-05
3621,plan,48,6.380925287341041e-05
3622,reales,48,6.380925287341041e-05
3623,iluminar,48,6.380925287341041e-05
3624,hayan,48,6.380925287341041e-05
3625,finales,48,6.380925287341041e-05
3626,ajeno,48,6.380925287341041e-05
3627,1716,48,6.380925287341041e-05
3628,incluir,48,6.380925287341041e-05
3629,times,48,6.380925287341041e-05
3630,summers,48,6.380925287341041e-05
3631,indicar,48,6.380925287341041e-05
3632,podcasts,48,6.380925287341041e-05
3633,labor,48,6.380925287341041e-05
3634,avance,48,6.380925287341041e-05
3635,ronda,48,6.380925287341041e-05
3636,debe,48,6.380925287341041e-05
3637,mía,48,6.380925287341041e-05
3638,saltar,48,6.380925287341041e-05
3639,usaran,48,6.380925287341041e-05
3640,suspiro,48,6.380925287341041e-05
3641,cafés,48,6.380925287341041e-05
3642,filas,48,6.380925287341041e-05
3643,bebidas,48,6.380925287341041e-05
3644,función,48,6.380925287341041e-05
3645,pena,48,6.380925287341041e-05
3646,desayuna,48,6.380925287341041e-05
3647,capa,47,6.24798934385477e-05
3648,canto,47,6.24798934385477e-05
3649,ayudar,47,6.24798934385477e-05
3650,hilo,47,6.24798934385477e-05
3651,1905,47,6.24798934385477e-05
3652,pos,47,6.24798934385477e-05
3653,deber,47,6.24798934385477e-05
3654,videos,47,6.24798934385477e-05
3655,tuve,47,6.24798934385477e-05
3656,sábanas,47,6.24798934385477e-05
3657,infierno,47,6.24798934385477e-05
3658,7,47,6.24798934385477e-05
3659,abierto,47,6.24798934385477e-05
3660,semana,47,6.24798934385477e-05
3661,once,47,6.24798934385477e-05
3662,baile,47,6.24798934385477e-05
3663,oídos,47,6.24798934385477e-05
3664,quitar—,47,6.24798934385477e-05
3665,mira,47,6.24798934385477e-05
3666,política,46,6.115053400368499e-05
3667,validez,46,6.115053400368499e-05
3668,miro,46,6.115053400368499e-05
3669,mejilla,46,6.115053400368499e-05
3670,movió,46,6.115053400368499e-05
3671,unidos,46,6.115053400368499e-05
3672,secas,46,6.115053400368499e-05
3673,meses,46,6.115053400368499e-05
3674,oyó,46,6.115053400368499e-05
3675,seguían,46,6.115053400368499e-05
3676,chistoso,46,6.115053400368499e-05
3677,tiernos,46,6.115053400368499e-05
3678,muecas,46,6.115053400368499e-05
3679,opción,46,6.115053400368499e-05
3680,gestión,46,6.115053400368499e-05
3681,ochenta,46,6.115053400368499e-05
3682,intrigado,45,5.982117456882227e-05
3683,duró,45,5.982117456882227e-05
3684,mueve,45,5.982117456882227e-05
3685,recorrí,45,5.982117456882227e-05
3686,estarán,45,5.982117456882227e-05
3687,caen,45,5.982117456882227e-05
3688,liebres,45,5.982117456882227e-05
3689,abrían,45,5.982117456882227e-05
3690,libros,45,5.982117456882227e-05
3691,aguda,45,5.982117456882227e-05
3692,veían,45,5.982117456882227e-05
3693,humo,45,5.982117456882227e-05
3694,até,45,5.982117456882227e-05
3695,suyos,45,5.982117456882227e-05
3696,muelles,45,5.982117456882227e-05
3697,secó,45,5.982117456882227e-05
3698,suya,44,5.849181513395955e-05
3699,empate,44,5.849181513395955e-05
3700,primavera,44,5.849181513395955e-05
3701,xv,44,5.849181513395955e-05
3702,objetos,44,5.849181513395955e-05
3703,gimnasio,44,5.849181513395955e-05
3704,defensa,44,5.849181513395955e-05
3705,metí,44,5.849181513395955e-05
3706,místico,44,5.849181513395955e-05
3707,ojotas,44,5.849181513395955e-05
3708,formó,44,5.849181513395955e-05
3709,hambre,44,5.849181513395955e-05
3710,terminara,44,5.849181513395955e-05
3711,ojeada,44,5.849181513395955e-05
3712,van,44,5.849181513395955e-05
3713,pista,44,5.849181513395955e-05
3714,pelear,44,5.849181513395955e-05
3715,johnson,43,5.716245569909683e-05
3716,—eso,43,5.716245569909683e-05
3717,carajo,43,5.716245569909683e-05
3718,bala,43,5.716245569909683e-05
3719,calles,43,5.716245569909683e-05
3720,rio,43,5.716245569909683e-05
3721,alba,43,5.716245569909683e-05
3722,boda,43,5.716245569909683e-05
3723,duermo,43,5.716245569909683e-05
3724,fina,42,5.583309626423412e-05
3725,tela,42,5.583309626423412e-05
3726,públicos,42,5.583309626423412e-05
3727,amplia,42,5.583309626423412e-05
3728,ha,42,5.583309626423412e-05
3729,pesa,42,5.583309626423412e-05
3730,poca,42,5.583309626423412e-05
3731,olla,42,5.583309626423412e-05
3732,lujos,42,5.583309626423412e-05
3733,unió,42,5.583309626423412e-05
3734,—sin,42,5.583309626423412e-05
3735,cuál,41,5.45037368293714e-05
3736,genial,41,5.45037368293714e-05
3737,voy,41,5.45037368293714e-05
3738,amaban,41,5.45037368293714e-05
3739,grises,41,5.45037368293714e-05
3740,beatles,41,5.45037368293714e-05
3741,debía,41,5.45037368293714e-05
3742,dior,41,5.45037368293714e-05
3743,campinas,41,5.45037368293714e-05
3744,deprimido,41,5.45037368293714e-05
3745,fabricado,41,5.45037368293714e-05
3746,dato,41,5.45037368293714e-05
3747,suegra,41,5.45037368293714e-05
3748,vaso,41,5.45037368293714e-05
3749,osos,41,5.45037368293714e-05
3750,veo,41,5.45037368293714e-05
3751,usó,40,5.317437739450868e-05
3752,reojo,40,5.317437739450868e-05
3753,navegar,40,5.317437739450868e-05
3754,aquí,40,5.317437739450868e-05
3755,frase,40,5.317437739450868e-05
3756,frías,40,5.317437739450868e-05
3757,‒sí,40,5.317437739450868e-05
3758,manzana‒,40,5.317437739450868e-05
3759,dudaba,40,5.317437739450868e-05
3760,frío,40,5.317437739450868e-05
3761,canal,40,5.317437739450868e-05
3762,humano,39,5.1845017959645966e-05
3763,perdedores,39,5.1845017959645966e-05
3764,base,39,5.1845017959645966e-05
3765,arma,39,5.1845017959645966e-05
3766,aun,39,5.1845017959645966e-05
3767,límites,39,5.1845017959645966e-05
3768,duda,39,5.1845017959645966e-05
3769,carne,39,5.1845017959645966e-05
3770,respirar,39,5.1845017959645966e-05
3771,cabo,38,5.051565852478325e-05
3772,página,38,5.051565852478325e-05
3773,d,38,5.051565852478325e-05
3774,soy,38,5.051565852478325e-05
3775,fajas,38,5.051565852478325e-05
3776,brazo—,38,5.051565852478325e-05
3777,venir,38,5.051565852478325e-05
3778,moscas,38,5.051565852478325e-05
3779,new,37,4.9186299089920534e-05
3780,humana,37,4.9186299089920534e-05
3781,miré,37,4.9186299089920534e-05
3782,mellizos,37,4.9186299089920534e-05
3783,rojo,37,4.9186299089920534e-05
3784,abrigos,37,4.9186299089920534e-05
3785,esté,37,4.9186299089920534e-05
3786,falsa,37,4.9186299089920534e-05
3787,copo,36,4.7856939655057815e-05
3788,horno,36,4.7856939655057815e-05
3789,grado,36,4.7856939655057815e-05
3790,río,36,4.7856939655057815e-05
3791,alarma,36,4.7856939655057815e-05
3792,cruza,36,4.7856939655057815e-05
3793,ojo,35,4.6527580220195095e-05
3794,género,35,4.6527580220195095e-05
3795,paul,35,4.6527580220195095e-05
3796,solas,35,4.6527580220195095e-05
3797,engañar,35,4.6527580220195095e-05
3798,sano,35,4.6527580220195095e-05
3799,solos,35,4.6527580220195095e-05
3800,ves,34,4.519822078533238e-05
3801,york,34,4.519822078533238e-05
3802,empatía,34,4.519822078533238e-05
3803,actores,34,4.519822078533238e-05
3804,agitada,34,4.519822078533238e-05
3805,gran,34,4.519822078533238e-05
3806,gloria,33,4.386886135046966e-05
3807,cual,33,4.386886135046966e-05
3808,buen,33,4.386886135046966e-05
3809,habló,33,4.386886135046966e-05
3810,derecha,33,4.386886135046966e-05
3811,—de,33,4.386886135046966e-05
3812,honor,32,4.253950191560694e-05
3813,correctas,32,4.253950191560694e-05
3814,peor,32,4.253950191560694e-05
3815,lío,32,4.253950191560694e-05
3816,cena,31,4.121014248074423e-05
3817,tomé,31,4.121014248074423e-05
3818,rayo,31,4.121014248074423e-05
3819,raya,31,4.121014248074423e-05
3820,—la,31,4.121014248074423e-05
3821,—como,31,4.121014248074423e-05
3822,amo,30,3.988078304588151e-05
3823,té,30,3.988078304588151e-05
3824,alas,29,3.855142361101879e-05
3825,tajo,29,3.855142361101879e-05
3826,—que,29,3.855142361101879e-05
3827,di,29,3.855142361101879e-05
3828,ley,29,3.855142361101879e-05
3829,ida,28,3.722206417615608e-05
3830,sacos,28,3.722206417615608e-05
3831,leía,28,3.722206417615608e-05
3832,san,28,3.722206417615608e-05
3833,melón,28,3.722206417615608e-05
3834,xx,27,3.589270474129336e-05
3835,movía,27,3.589270474129336e-05
3836,pedirlos,27,3.589270474129336e-05
3837,sur,26,3.4563345306430647e-05
3838,allí,25,3.323398587156793e-05
3839,más—,24,3.190462643670521e-05
3840,oí,23,3.0575267001842495e-05
3841,malo,23,3.0575267001842495e-05
3842,secos,23,3.0575267001842495e-05
3843,puesta,18,2.3928469827528907e-05
3844,p,17,2.259911039266619e-05
3845,bar,15,1.9940391522940756e-05
3846,adolescentes,14,1.861103208807804e-05
3847,g,13,1.7281672653215323e-05
3848,—,12,1.5952313218352604e-05
3849,cuestas,10,1.329359434862717e-05
3850,aires,6,7.976156609176302e-06
3851,quitar,3,3.988078304588151e-06
