rank,token,count,relative_frequency
1,.,64853,0.06107582658092903
2,",",50447,0.047508861942055516
3,que,17309,0.016300887889369814
4,la,16055,0.015119923453916018
5,de,14666,0.013811821698855952
6,el,9476,0.008924098078437134
7,##s,8132,0.007658375429912492
8,en,7382,0.006952056987655437
9,un,6674,0.006285292378164778
10,se,6581,0.0061977088913249025
11,los,6504,0.006125193531253179
12,[UNK],6280,0.005914239756499072
13,a,6163,0.005804054079506971
14,una,5492,0.0051721345131676595
15,había,5129,0.004830276387115245
16,##ba,4844,0.004561875379057564
17,##a,4595,0.004327377656228222
18,no,4414,0.0041569194721635195
19,##n,4378,0.004123016186935181
20,su,4378,0.004123016186935181
21,con,4313,0.004061801921939569
22,para,4293,0.0040429667634793815
23,por,4204,0.003959150308331544
24,las,4149,0.003907353622566027
25,##do,4097,0.0038583822105695375
26,y,3905,0.0036775646893517314
27,##ó,3806,0.0035843306549738
28,estaba,3682,0.003467552672520634
29,del,3655,0.00344212520859938
30,:,3481,0.0032782593299957434
31,##on,3115,0.0029335759301743008
32,lo,3098,0.0029175660454831406
33,cuando,2989,0.0028149144318751155
34,como,2902,0.002732981492573297
35,era,2797,0.0026340969106573094
36,más,2491,0.0023459189862164312
37,todo,2332,0.0021961794764579355
38,pero,2264,0.0021321399376932957
39,al,2113,0.0019899344913188754
40,porque,2093,0.0019710993328586873
41,##r,2090,0.0019682740590896593
42,##w,2079,0.0019579147219365555
43,##o,2074,0.0019532059323215086
44,le,2056,0.0019362542897073394
45,hasta,2048,0.001928720226323264
46,tenía,2037,0.0019183608891701605
47,##ban,2035,0.0019164773733241418
48,##mente,2019,0.0019014092465559913
49,después,1999,0.0018825740880958031
50,fue,1954,0.00184019498156038
51,casa,1936,0.0018232433389462105
52,##ado,1930,0.001817592791408154
53,bolsillos,1918,0.0018062916963320413
54,##ta,1899,0.0017883982957948624
55,sus,1805,0.0016998730510319783
56,##da,1770,0.0016669115237266492
57,también,1745,0.0016433675756514139
58,Pero,1678,0.0015802697948097838
59,sobre,1625,0.0015303566248902852
60,si,1608,0.0015143467401991253
61,##se,1511,0.001422996221667213
62,es,1505,0.0014173456741291566
63,##k,1500,0.0014126368845141094
64,ese,1491,0.0014041610632070248
65,desde,1484,0.001397568757745959
66,Cuando,1475,0.0013890929364388743
67,mi,1457,0.001372141293824705
68,##ita,1445,0.0013608401987485921
69,eso,1443,0.0013589566829025732
70,esa,1436,0.0013523643774415075
71,J,1436,0.0013523643774415075
72,me,1409,0.0013269369135202535
73,nunca,1390,0.0013090435129830748
74,dijo,1388,0.0013071599971370559
75,día,1388,0.0013071599971370559
76,vez,1364,0.00128455780698483
77,noche,1329,0.001251596279679501
78,todos,1317,0.0012402951846033881
79,La,1305,0.001228994089527275
80,familia,1287,0.001212042446913106
81,?,1282,0.0012073336572980588
82,ella,1278,0.0012035666256060213
83,sin,1254,0.0011809644354537955
84,nos,1229,0.0011574204873785604
85,dos,1217,0.0011461193923024474
86,##ía,1217,0.0011461193923024474
87,##án,1207,0.0011367018130723533
88,##mos,1206,0.001135760055149344
89,nada,1194,0.001124458960073231
90,##la,1186,0.001116924896689156
91,##aba,1158,0.0010905556748448924
92,nadie,1156,0.0010886721589988737
93,##le,1140,0.0010736040322307232
94,Alejandro,1138,0.0010717205163847043
95,siempre,1129,0.0010632446950776197
96,W,1106,0.0010415842628484033
97,poco,1095,0.0010312249256952998
98,Leopol,1083,0.001019923830619187
99,volvió,1080,0.0010170985568501588
100,solo,1078,0.00101521504100414
101,antes,1077,0.0010142732830811306
102,mientras,1076,0.0010133315251581211
103,##es,1063,0.0010010886721589988
104,##ord,1057,0.0009954381246209424
105,cada,1041,0.000980369997852792
106,),1029,0.0009690689027766791
107,años,1010,0.0009511755022395004
108,Ber,1010,0.0009511755022395004
109,algo,1008,0.0009492919863934815
110,tan,1006,0.0009474084705474627
111,hermano,1002,0.0009436414388554251
112,##d,999,0.0009408161650863968
113,Después,994,0.0009361073754713498
114,qué,992,0.0009342238596253311
115,Emi,985,0.0009276315541642652
116,##lia,985,0.0009276315541642652
117,ver,978,0.0009210392487031993
118,donde,975,0.0009182139749341711
119,##te,970,0.0009135051853191241
120,¿,969,0.0009125634273961147
121,En,962,0.0009059711219350489
122,podía,958,0.0009022040902430112
123,hombre,947,0.0008918447530899077
124,Mat,939,0.0008843106897058325
125,##ías,939,0.0008843106897058325
126,##ef,938,0.000883368931782823
127,##iel,938,0.000883368931782823
128,cabeza,931,0.0008767766263217573
129,primera,930,0.0008758348683987478
130,eran,923,0.000869242562937682
131,hacer,910,0.0008569997099385598
132,gente,907,0.0008541744361695315
133,menos,906,0.0008532326782465221
134,!,902,0.0008494656465544844
135,él,895,0.0008428733410934187
136,ahora,895,0.0008428733410934187
137,esta,880,0.0008287469722482775
138,Adrian,880,0.0008287469722482775
139,mismo,879,0.0008278052143252681
140,estaban,872,0.0008212129088642023
141,Mad,872,0.0008212129088642023
142,##ell,872,0.0008212129088642023
143,empezó,870,0.0008193293930181835
144,bien,865,0.0008146206034031364
145,##ar,858,0.0008080282979420706
146,ojos,852,0.0008023777504040142
147,El,845,0.0007957854449429483
148,pasar,842,0.0007929601711739201
149,¡,842,0.0007929601711739201
150,habían,834,0.0007854261077898449
151,##ando,833,0.0007844843498668354
152,aunque,824,0.0007760085285597508
153,ya,820,0.0007722414968677131
154,veces,816,0.0007684744651756755
155,sentía,810,0.000762823917637619
156,mañana,809,0.0007618821597146097
157,vida,808,0.0007609404017916003
158,entre,806,0.0007590568859455815
159,entonces,797,0.0007505810646384968
160,haciendo,794,0.0007477557908694686
161,durante,793,0.0007468140329464592
162,puerta,792,0.0007458722750234497
163,nuestra,787,0.0007411634854084027
164,##ín,785,0.000739279969562384
165,##to,780,0.0007345711799473369
166,##era,765,0.0007204448111021958
167,cuerpo,749,0.0007053766843340453
168,entender,739,0.0006959591051039513
169,Hal,736,0.0006931338313349231
170,##cro,736,0.0006931338313349231
171,ahí,722,0.0006799492204127913
172,##l,722,0.0006799492204127913
173,venía,722,0.0006799492204127913
174,Tomás,718,0.0006761821887207538
175,tenían,715,0.0006733569149517254
176,otro,710,0.0006686481253366784
177,alguien,708,0.0006667646094906597
178,todas,707,0.0006658228515676502
179,solamente,706,0.0006648810936446408
180,tarde,704,0.000662997577798622
181,mucho,703,0.0006620558198756126
182,les,702,0.0006611140619526032
183,Los,702,0.0006611140619526032
184,tra,702,0.0006611140619526032
185,tiempo,697,0.0006564052723375561
186,está,687,0.0006469876931074621
187,silencio,685,0.0006451041772614433
188,marido,681,0.0006413371455694057
189,##e,680,0.0006403953876463963
190,##lo,675,0.0006356865980313493
191,nosotros,673,0.0006338030821853304
192,pasaba,670,0.0006309778084163022
193,tener,669,0.0006300360504932928
194,momento,667,0.000628152534647274
195,contra,666,0.0006272107767242646
196,sirvi,666,0.0006272107767242646
197,muy,665,0.0006262690188012552
198,cosas,664,0.0006253272608782457
199,mirada,662,0.000623443745032227
200,mirando,661,0.0006225019871092175
201,llegó,660,0.0006215602291862082
202,esposa,659,0.0006206184712631987
203,padres,659,0.0006206184712631987
204,##z,657,0.00061873495541718
205,##nos,651,0.0006130844078791234
206,cama,650,0.0006121426499561141
207,personas,647,0.0006093173761870859
208,mirar,646,0.0006083756182640764
209,Hasta,646,0.0006083756182640764
210,##ada,642,0.0006046085865720388
211,estar,641,0.0006036668286490294
212,vieja,641,0.0006036668286490294
213,Sil,641,0.0006036668286490294
214,##via,641,0.0006036668286490294
215,otra,639,0.0006017833128030106
216,##ja,638,0.0006008415548800012
217,Benjam,638,0.0006008415548800012
218,quedó,635,0.000598016281110973
219,sub,634,0.0005970745231879636
220,(,633,0.0005961327652649541
221,##aban,628,0.0005914239756499071
222,Hum,628,0.0005914239756499071
223,##bert,628,0.0005914239756499071
224,##c,627,0.0005904822177268977
225,uno,621,0.0005848316701888413
226,son,621,0.0005848316701888413
227,sangre,618,0.000582006396419813
228,##ia,616,0.0005801228805737943
229,##ni,616,0.0005801228805737943
230,##das,613,0.0005772976068047661
231,nena,613,0.0005772976068047661
232,cos,612,0.0005763558488817566
233,ellos,612,0.0005763558488817566
234,##ca,608,0.0005725888171897191
235,parecía,601,0.0005659965117286532
236,patio,601,0.0005659965117286532
237,mujer,600,0.0005650547538056437
238,siguiente,599,0.0005641129958826344
239,mano,599,0.0005641129958826344
240,habitación,599,0.0005641129958826344
241,Ella,596,0.0005612877221136062
242,No,590,0.0005556371745755498
243,luz,587,0.0005528119008065214
244,enseguida,587,0.0005528119008065214
245,##ción,584,0.0005499866270374932
246,instante,580,0.0005462195953454557
247,mundo,578,0.0005443360794994368
248,fueron,577,0.0005433943215764274
249,pensar,575,0.0005415108057304086
250,quiso,573,0.0005396272898843898
251,realidad,571,0.000537743774038371
252,tanto,570,0.0005368020161153616
253,##ica,569,0.0005358602581923521
254,cuenta,564,0.0005311514685773051
255,tiene,564,0.0005311514685773051
256,preguntar,563,0.0005302097106542957
257,##enta,562,0.0005292679527312864
258,yo,559,0.0005264426789622581
259,algún,559,0.0005264426789622581
260,llevar,554,0.000521733889347211
261,##eta,554,0.000521733889347211
262,##ró,553,0.0005207921314242017
263,atraves,553,0.0005207921314242017
264,espejo,553,0.0005207921314242017
265,cuatro,551,0.0005189086155781828
266,mis,551,0.0005189086155781828
267,ser,550,0.0005179668576551735
268,termina,549,0.0005170250997321641
269,col,549,0.0005170250997321641
270,bosque,548,0.0005160833418091546
271,Alicia,547,0.0005151415838861453
272,;,546,0.0005141998259631358
273,tía,546,0.0005141998259631358
274,madre,545,0.0005132580680401264
275,Una,540,0.0005085492784250794
276,salía,532,0.0005010152150410042
277,padre,526,0.0004953646675029478
278,terminó,520,0.0004897141199648912
279,muerto,519,0.0004887723620418819
280,##ría,518,0.00048783060411887246
281,##ma,518,0.00048783060411887246
282,hubo,517,0.00048688884619586305
283,idiotas,512,0.000482180056580816
284,invierno,511,0.0004812382986578066
285,mujeres,509,0.0004793547828117878
286,tuvo,508,0.0004784130248887784
287,Ma,508,0.0004784130248887784
288,##zzi,508,0.0004784130248887784
289,perro,506,0.00047652950904275955
290,preguntó,504,0.00047464599319674077
291,perdido,504,0.00047464599319674077
292,##an,502,0.00047276247735072194
293,daba,500,0.00047087896150470315
294,pasó,500,0.00047087896150470315
295,lado,494,0.0004652284139666467
296,días,494,0.0004652284139666467
297,casi,494,0.0004652284139666467
298,sabía,494,0.0004652284139666467
299,##ial,494,0.0004652284139666467
300,##dió,493,0.0004642866560436373
301,siquiera,492,0.00046334489812062786
302,medio,488,0.00045957786642859025
303,seguía,487,0.0004586361085055809
304,forma,486,0.00045769435058257146
305,ropa,483,0.0004548690768135432
306,pudo,483,0.0004548690768135432
307,saber,482,0.00045392731889053384
308,Así,482,0.00045392731889053384
309,vio,480,0.000452043803044515
310,fotógrafo,478,0.0004501602871984962
311,así,476,0.0004482767713524774
312,cosa,475,0.00044733501342946797
313,Por,474,0.00044639325550645855
314,##eron,472,0.00044450973966043977
315,última,472,0.00044450973966043977
316,par,472,0.00044450973966043977
317,delicada,470,0.00044262622381442094
318,lentamente,470,0.00044262622381442094
319,##vía,469,0.0004416844658914115
320,hora,466,0.0004388591921223833
321,##í,466,0.0004388591921223833
322,##ito,465,0.0004379174341993739
323,ni,464,0.00043697567627636454
324,pronto,462,0.0004350921604303457
325,habitaciones,460,0.00043320864458432686
326,tap,460,0.00043320864458432686
327,todavía,459,0.0004322668866613175
328,Y,456,0.00042944161289228924
329,##tó,456,0.00042944161289228924
330,calle,453,0.00042661633912326104
331,segundo,453,0.00042661633912326104
332,hombres,452,0.0004256745812002516
333,atención,450,0.00042379106535423284
334,imbécil,448,0.000421907549508214
335,manos,445,0.0004190822757391858
336,finalmente,445,0.0004190822757391858
337,##va,443,0.00041719875989316697
338,parece,441,0.0004153152440471482
339,o,440,0.00041437348612413877
340,##ón,438,0.00041248997027811994
341,frente,438,0.00041248997027811994
342,##gó,437,0.0004115482123551105
343,re,437,0.0004115482123551105
344,Entonces,436,0.00041060645443210115
345,fuerte,435,0.00040966469650909173
346,unas,434,0.0004087229385860823
347,toda,433,0.0004077811806630729
348,pobre,433,0.0004077811806630729
349,car,433,0.0004077811806630729
350,decir,432,0.00040683942274006353
351,poder,432,0.00040683942274006353
352,embargo,430,0.0004049559068940447
353,volvieron,430,0.0004049559068940447
354,Pró,430,0.0004049559068940447
355,##pero,430,0.0004049559068940447
356,agua,429,0.0004040141489710353
357,Durante,427,0.0004021306331250165
358,cualquier,426,0.0004011888752020071
359,ab,425,0.00040024711727899766
360,capa,425,0.00040024711727899766
361,can,425,0.00040024711727899766
362,cómo,423,0.0003983636014329789
363,fla,422,0.00039742184350996946
364,##ra,422,0.00039742184350996946
365,ideas,420,0.0003955383276639506
366,árboles,419,0.0003945965697409412
367,hace,419,0.0003945965697409412
368,ciudad,419,0.0003945965697409412
369,piso,416,0.000391771295971913
370,manera,415,0.0003908295380489036
371,pensamiento,415,0.0003908295380489036
372,##los,415,0.0003908295380489036
373,##ro,413,0.0003889460222028848
374,mal,412,0.0003880042642798754
375,tapa,411,0.00038706250635686597
376,##tita,411,0.00038706250635686597
377,##co,409,0.0003851789905108472
378,podían,408,0.00038423723258783777
379,iba,407,0.00038329547466482835
380,idea,407,0.00038329547466482835
381,##dar,407,0.00038329547466482835
382,completamente,406,0.00038235371674181893
383,empezaron,403,0.00037952844297279073
384,llegaba,402,0.0003785866850497813
385,siete,402,0.0003785866850497813
386,podemos,401,0.0003776449271267719
387,tampoco,400,0.00037670316920376253
388,fuera,399,0.0003757614112807531
389,sino,399,0.0003757614112807531
390,aquella,399,0.0003757614112807531
391,tocar,397,0.0003738778954347343
392,##osa,397,0.0003738778954347343
393,linterna,397,0.0003738778954347343
394,nuestras,395,0.0003719943795887155
395,##les,392,0.00036916910581968724
396,levantó,392,0.00036916910581968724
397,algunos,391,0.0003682273478966779
398,Un,390,0.00036728558997366846
399,pasado,389,0.00036634383205065904
400,##as,389,0.00036634383205065904
401,adentro,387,0.0003644603162046402
402,##amos,386,0.00036351855828163084
403,alguna,386,0.00036351855828163084
404,hacía,386,0.00036351855828163084
405,an,384,0.000361635042435612
406,Todos,383,0.0003606932845126026
407,capitán,383,0.0003606932845126026
408,desan,382,0.0003597515265895932
409,empa,381,0.0003588097686665838
410,ante,381,0.0003588097686665838
411,pensando,380,0.0003578680107435744
412,lejos,380,0.0003578680107435744
413,sido,380,0.0003578680107435744
414,##ga,380,0.0003578680107435744
415,dormir,380,0.0003578680107435744
416,médico,379,0.00035692625282056497
417,puso,377,0.0003550427369745462
418,llegar,376,0.00035410097905153677
419,entró,376,0.00035410097905153677
420,X,375,0.00035315922112852735
421,cuarto,375,0.00035315922112852735
422,funcionario,375,0.00035315922112852735
423,##dido,374,0.00035221746320551793
424,cielo,373,0.0003512757052825085
425,##sa,372,0.00035033394735949915
426,llevaron,372,0.00035033394735949915
427,explicación,371,0.00034939218943648973
428,##cito,371,0.00034939218943648973
429,ningún,371,0.00034939218943648973
430,pis,371,0.00034939218943648973
431,música,370,0.0003484504315134803
432,tún,370,0.0003484504315134803
433,cambia,369,0.0003475086735904709
434,mayor,369,0.0003475086735904709
435,hablaba,369,0.0003475086735904709
436,este,368,0.00034656691566746153
437,dio,368,0.00034656691566746153
438,Chur,367,0.0003456251577444521
439,##chill,367,0.0003456251577444521
440,naturaleza,366,0.0003446833998214427
441,##ados,365,0.0003437416418984333
442,hijo,364,0.00034279988397542386
443,encontrar,363,0.0003418581260524145
444,siguió,363,0.0003418581260524145
445,visitar,363,0.0003418581260524145
446,##ton,363,0.0003418581260524145
447,patin,363,0.0003418581260524145
448,cobre,363,0.0003418581260524145
449,aparece,362,0.0003409163681294051
450,buscar,362,0.0003409163681294051
451,bolsillo,361,0.00033997461020639566
452,asom,361,0.00033997461020639566
453,natural,360,0.00033903285228338624
454,pedir,360,0.00033903285228338624
455,tomar,360,0.00033903285228338624
456,viento,360,0.00033903285228338624
457,almoh,359,0.0003380910943603769
458,trans,359,0.0003380910943603769
459,##tible,358,0.00033714933643736746
460,pos,358,0.00033714933643736746
461,misma,357,0.00033620757851435804
462,quería,357,0.00033620757851435804
463,alegría,356,0.0003352658205913486
464,historia,356,0.0003352658205913486
465,Mientras,356,0.0003352658205913486
466,amor,355,0.0003343240626683392
467,pensaba,354,0.00033338230474532984
468,atrás,354,0.00033338230474532984
469,decidido,353,0.0003324405468223204
470,Cel,353,0.0003324405468223204
471,mejor,352,0.000331498788899311
472,##dura,352,0.000331498788899311
473,bajo,351,0.0003305570309763016
474,volver,349,0.0003286735151302828
475,##tas,349,0.0003286735151302828
476,##os,349,0.0003286735151302828
477,##de,348,0.0003277317572072734
478,sintió,348,0.0003277317572072734
479,enferma,346,0.00032584824136125455
480,raro,344,0.00032396472551523577
481,nombre,344,0.00032396472551523577
482,apenas,343,0.00032302296759222635
483,gesto,343,0.00032302296759222635
484,fin,342,0.00032208120966921693
485,hay,342,0.00032208120966921693
486,ruido,341,0.0003211394517462075
487,incluso,341,0.0003211394517462075
488,número,341,0.0003211394517462075
489,corriendo,340,0.00032019769382319815
490,junto,339,0.00031925593590018873
491,accidente,338,0.0003183141779771793
492,Aunque,337,0.0003173724200541699
493,##li,337,0.0003173724200541699
494,##tes,336,0.00031643066213116053
495,pie,336,0.00031643066213116053
496,sí,335,0.0003154889042081511
497,aparecen,335,0.0003154889042081511
498,miedo,335,0.0003154889042081511
499,##i,334,0.0003145471462851417
500,caminar,333,0.0003136053883621323
501,sol,333,0.0003136053883621323
502,caliente,332,0.00031266363043912286
503,cartera,332,0.00031266363043912286
504,cartas,332,0.00031266363043912286
505,enci,331,0.0003117218725161135
506,tratando,329,0.00030983835667009466
507,adolescente,328,0.00030889659874708524
508,amigo,328,0.00030889659874708524
509,sacu,327,0.0003079548408240759
510,punto,327,0.0003079548408240759
511,trabajo,326,0.00030701308290106646
512,hecho,326,0.00030701308290106646
513,además,326,0.00030701308290106646
514,animal,326,0.00030701308290106646
515,Eran,325,0.00030607132497805704
516,##ble,325,0.00030607132497805704
517,despertó,325,0.00030607132497805704
518,arrancar,325,0.00030607132497805704
519,##je,324,0.0003051295670550476
520,diferentes,324,0.0003051295670550476
521,##eda,324,0.0003051295670550476
522,final,323,0.0003041878091320382
523,cierto,322,0.00030324605120902884
524,##aron,322,0.00030324605120902884
525,primer,322,0.00030324605120902884
526,cara,321,0.0003023042932860194
527,lugar,317,0.0002985372615939818
528,Ne,317,0.0002985372615939818
529,##taba,317,0.0002985372615939818
530,llo,316,0.0002975955036709724
531,cigarrillo,316,0.0002975955036709724
532,estamos,315,0.00029665374574796297
533,circo,315,0.00029665374574796297
534,nieve,314,0.00029571198782495355
535,quizá,313,0.0002947702299019442
536,príncipe,313,0.0002947702299019442
537,haber,311,0.00029288671405592535
538,##á,311,0.00029288671405592535
539,Rub,311,0.00029288671405592535
540,despropor,310,0.00029194495613291593
541,directamente,310,0.00029194495613291593
542,horror,310,0.00029194495613291593
543,dice,310,0.00029194495613291593
544,podría,309,0.0002910031982099065
545,enm,309,0.0002910031982099065
546,Porque,309,0.0002910031982099065
547,Era,308,0.00029006144028689715
548,primeros,307,0.00028911968236388773
549,hablar,307,0.00028911968236388773
550,pianista,306,0.0002881779244408783
551,problemas,306,0.0002881779244408783
552,quién,304,0.00028629440859485953
553,pasaron,304,0.00028629440859485953
554,Sin,303,0.0002853526506718501
555,ciencia,303,0.0002853526506718501
556,agarrar,303,0.0002853526506718501
557,É,302,0.0002844108927488407
558,puede,302,0.0002844108927488407
559,carb,302,0.0002844108927488407
560,##oni,302,0.0002844108927488407
561,mamá,301,0.0002834691348258313
562,arco,301,0.0002834691348258313
563,##ír,301,0.0002834691348258313
564,##is,301,0.0002834691348258313
565,parte,300,0.00028252737690282186
566,pasando,300,0.00028252737690282186
567,justo,300,0.00028252737690282186
568,color,299,0.0002815856189798125
569,Ahí,299,0.0002815856189798125
570,##si,298,0.0002806438610568031
571,tres,297,0.00027970210313379366
572,esos,297,0.00027970210313379366
573,pudiera,297,0.00027970210313379366
574,minutos,297,0.00027970210313379366
575,boca,297,0.00027970210313379366
576,Siglo,297,0.00027970210313379366
577,apoyada,297,0.00027970210313379366
578,dentro,297,0.00027970210313379366
579,conocía,296,0.00027876034521078424
580,aman,296,0.00027876034521078424
581,nuestro,295,0.0002778185872877749
582,decirle,295,0.0002778185872877749
583,vieron,294,0.00027687682936476546
584,avanza,294,0.00027687682936476546
585,##pa,294,0.00027687682936476546
586,verdad,293,0.00027593507144175604
587,##na,293,0.00027593507144175604
588,Brasil,293,0.00027593507144175604
589,estuviera,293,0.00027593507144175604
590,corazón,293,0.00027593507144175604
591,va,293,0.00027593507144175604
592,brazo,292,0.0002749933135187466
593,Se,291,0.0002740515555957372
594,Al,291,0.0002740515555957372
595,pasillo,289,0.0002721680397497184
596,torta,289,0.0002721680397497184
597,ventana,289,0.0002721680397497184
598,at,289,0.0002721680397497184
599,Como,288,0.000271226281826709
600,extraña,288,0.000271226281826709
601,##ad,288,0.000271226281826709
602,colores,287,0.0002702845239036996
603,pelo,287,0.0002702845239036996
604,##tado,287,0.0002702845239036996
605,animales,287,0.0002702845239036996
606,ataúd,286,0.00026934276598069017
607,persona,286,0.00026934276598069017
608,cerca,286,0.00026934276598069017
609,relleno,285,0.0002684010080576808
610,##ista,285,0.0002684010080576808
611,habrá,284,0.0002674592501346714
612,cuestión,284,0.0002674592501346714
613,cuchillo,284,0.0002674592501346714
614,llena,284,0.0002674592501346714
615,pesar,284,0.0002674592501346714
616,morir,283,0.00026651749221166197
617,A,283,0.00026651749221166197
618,##ue,283,0.00026651749221166197
619,##é,283,0.00026651749221166197
620,##eri,283,0.00026651749221166197
621,##tados,282,0.00026557573428865255
622,##cido,282,0.00026557573428865255
623,espacio,282,0.00026557573428865255
624,##té,282,0.00026557573428865255
625,preparado,281,0.0002646339763656432
626,##zo,281,0.0002646339763656432
627,##estra,281,0.0002646339763656432
628,auto,280,0.00026369221844263377
629,arreglar,279,0.00026275046051962435
630,miró,278,0.00026180870259661493
631,otros,278,0.00026180870259661493
632,Con,278,0.00026180870259661493
633,##jo,277,0.0002608669446736055
634,educación,277,0.0002608669446736055
635,respondió,276,0.00025992518675059615
636,representan,276,0.00025992518675059615
637,descom,276,0.00025992518675059615
638,##cían,276,0.00025992518675059615
639,mor,275,0.00025898342882758673
640,unos,275,0.00025898342882758673
641,Luna,275,0.00025898342882758673
642,pareció,274,0.0002580416709045773
643,blanco,274,0.0002580416709045773
644,tarea,274,0.0002580416709045773
645,escuela,274,0.0002580416709045773
646,pren,274,0.0002580416709045773
647,caballo,274,0.0002580416709045773
648,primero,274,0.0002580416709045773
649,Lo,273,0.0002570999129815679
650,recordar,273,0.0002570999129815679
651,salir,272,0.00025615815505855853
652,##car,272,0.00025615815505855853
653,##amente,272,0.00025615815505855853
654,escucha,271,0.0002552163971355491
655,tuvieron,271,0.0002552163971355491
656,espectáculo,271,0.0002552163971355491
657,Muerte,271,0.0002552163971355491
658,sea,270,0.0002542746392125397
659,tomó,270,0.0002542746392125397
660,pueblo,270,0.0002542746392125397
661,##ante,270,0.0002542746392125397
662,músicos,269,0.0002533328812895303
663,bolso,269,0.0002533328812895303
664,hotel,269,0.0002533328812895303
665,iban,268,0.00025239112336652086
666,quedar,267,0.0002514493654435115
667,recuerdo,267,0.0002514493654435115
668,dormía,267,0.0002514493654435115
669,arena,267,0.0002514493654435115
670,tierra,266,0.0002505076075205021
671,larga,266,0.0002505076075205021
672,dejaron,265,0.00024956584959749266
673,##diendo,265,0.00024956584959749266
674,médicos,265,0.00024956584959749266
675,Había,265,0.00024956584959749266
676,papá,265,0.00024956584959749266
677,aban,265,0.00024956584959749266
678,Para,264,0.00024862409167448324
679,única,264,0.00024862409167448324
680,##y,263,0.0002476823337514739
681,vivir,263,0.0002476823337514739
682,##ara,263,0.0002476823337514739
683,hacia,263,0.0002476823337514739
684,aplauso,262,0.00024674057582846446
685,guardar,262,0.00024674057582846446
686,visto,262,0.00024674057582846446
687,seguro,262,0.00024674057582846446
688,##raba,262,0.00024674057582846446
689,##ho,262,0.00024674057582846446
690,paisaje,261,0.00024579881790545504
691,fueran,261,0.00024579881790545504
692,##log,261,0.00024579881790545504
693,gritó,260,0.0002448570599824456
694,punta,260,0.0002448570599824456
695,vista,260,0.0002448570599824456
696,decora,260,0.0002448570599824456
697,trabajos,260,0.0002448570599824456
698,##ida,259,0.00024391530205943623
699,imposible,259,0.00024391530205943623
700,escru,259,0.00024391530205943623
701,##tini,259,0.00024391530205943623
702,último,259,0.00024391530205943623
703,escapa,259,0.00024391530205943623
704,tranquilidad,259,0.00024391530205943623
705,señorita,259,0.00024391530205943623
706,##cer,258,0.00024297354413642681
707,entusias,258,0.00024297354413642681
708,##ambul,258,0.00024297354413642681
709,cuerpos,258,0.00024297354413642681
710,quizás,258,0.00024297354413642681
711,posibilidad,257,0.00024203178621341742
712,masa,257,0.00024203178621341742
713,peste,257,0.00024203178621341742
714,esperando,256,0.000241090028290408
715,fondo,256,0.000241090028290408
716,conocimiento,256,0.000241090028290408
717,muchas,256,0.000241090028290408
718,cuanto,256,0.000241090028290408
719,segunda,255,0.0002401482703673986
720,cualquiera,255,0.0002401482703673986
721,##vil,254,0.0002392065124443892
722,sonrisa,253,0.00023826475452137978
723,suerte,253,0.00023826475452137978
724,misterio,253,0.00023826475452137978
725,##zó,253,0.00023826475452137978
726,llegara,253,0.00023826475452137978
727,entero,252,0.00023732299659837039
728,darse,252,0.00023732299659837039
729,fácil,252,0.00023732299659837039
730,estado,252,0.00023732299659837039
731,ir,251,0.00023638123867536097
732,aire,251,0.00023638123867536097
733,Ferr,251,0.00023638123867536097
734,##acio,251,0.00023638123867536097
735,##rica,251,0.00023638123867536097
736,resto,250,0.00023543948075235158
737,##ación,249,0.00023449772282934216
738,corrió,249,0.00023449772282934216
739,querían,248,0.00023355596490633277
740,muchos,248,0.00023355596490633277
741,barrio,248,0.00023355596490633277
742,##endo,248,0.00023355596490633277
743,rostro,248,0.00023355596490633277
744,sal,247,0.00023261420698332335
745,anterior,247,0.00023261420698332335
746,Es,247,0.00023261420698332335
747,ca,247,0.00023261420698332335
748,pusieron,247,0.00023261420698332335
749,derrumb,247,0.00023261420698332335
750,desgracia,247,0.00023261420698332335
751,distintos,246,0.00023167244906031393
752,hun,246,0.00023167244906031393
753,inmenso,246,0.00023167244906031393
754,igual,245,0.00023073069113730454
755,muerte,245,0.00023073069113730454
756,equilibrio,245,0.00023073069113730454
757,dejado,244,0.00022978893321429512
758,extraño,244,0.00022978893321429512
759,##ude,244,0.00022978893321429512
760,##cho,244,0.00022978893321429512
761,béisbol,244,0.00022978893321429512
762,almorzar,244,0.00022978893321429512
763,probar,243,0.00022884717529128573
764,leer,243,0.00022884717529128573
765,##dó,243,0.00022884717529128573
766,##ño,242,0.0002279054173682763
767,luego,242,0.0002279054173682763
768,fuerza,242,0.0002279054173682763
769,tipo,241,0.00022696365944526692
770,camina,241,0.00022696365944526692
771,deli,241,0.00022696365944526692
772,bo,240,0.0002260219015222575
773,puedo,238,0.0002241383856762387
774,intimidad,238,0.0002241383856762387
775,reclam,238,0.0002241383856762387
776,recibir,238,0.0002241383856762387
777,cambio,237,0.00022319662775322928
778,notar,237,0.00022319662775322928
779,conv,237,0.00022319662775322928
780,##ulsiones,237,0.00022319662775322928
781,decidieron,236,0.00022225486983021989
782,##tía,236,0.00022225486983021989
783,supuesto,236,0.00022225486983021989
784,mar,236,0.00022225486983021989
785,sujeta,236,0.00022225486983021989
786,debajo,236,0.00022225486983021989
787,jardín,236,0.00022225486983021989
788,acostumbr,236,0.00022225486983021989
789,##iones,236,0.00022225486983021989
790,magia,235,0.00022131311190721047
791,éxito,235,0.00022131311190721047
792,ade,235,0.00022131311190721047
793,apoyó,235,0.00022131311190721047
794,nu,234,0.00022037135398420108
795,llamaba,234,0.00022037135398420108
796,detuvo,234,0.00022037135398420108
797,hu,234,0.00022037135398420108
798,visitante,234,0.00022037135398420108
799,máscara,234,0.00022037135398420108
800,des,234,0.00022037135398420108
801,caer,233,0.00021942959606119166
802,evidencia,233,0.00021942959606119166
803,enorme,233,0.00021942959606119166
804,compró,232,0.00021848783813818227
805,entra,232,0.00021848783813818227
806,sabe,232,0.00021848783813818227
807,bate,231,0.00021754608021517285
808,tremen,231,0.00021754608021517285
809,quedaba,231,0.00021754608021517285
810,##óp,230,0.00021660432229216343
811,dirección,230,0.00021660432229216343
812,longitud,230,0.00021660432229216343
813,reple,230,0.00021660432229216343
814,invitados,230,0.00021660432229216343
815,##nado,230,0.00021660432229216343
816,través,229,0.00021566256436915404
817,fracaso,229,0.00021566256436915404
818,##idad,229,0.00021566256436915404
819,plumas,229,0.00021566256436915404
820,tembl,229,0.00021566256436915404
821,callado,229,0.00021566256436915404
822,altura,228,0.00021472080644614462
823,entrada,228,0.00021472080644614462
824,apla,228,0.00021472080644614462
825,desesperación,227,0.00021377904852313523
826,##go,227,0.00021377904852313523
827,##melo,227,0.00021377904852313523
828,época,227,0.00021377904852313523
829,perdió,227,0.00021377904852313523
830,usted,227,0.00021377904852313523
831,gobierno,227,0.00021377904852313523
832,##ea,226,0.0002128372906001258
833,película,226,0.0002128372906001258
834,privacidad,226,0.0002128372906001258
835,##arse,226,0.0002128372906001258
836,escala,225,0.00021189553267711642
837,##dos,225,0.00021189553267711642
838,##ch,225,0.00021189553267711642
839,quinta,225,0.00021189553267711642
840,llamó,224,0.000210953774754107
841,acerca,224,0.000210953774754107
842,estas,224,0.000210953774754107
843,media,224,0.000210953774754107
844,clase,224,0.000210953774754107
845,castillo,224,0.000210953774754107
846,alcanza,223,0.0002100120168310976
847,principio,223,0.0002100120168310976
848,plata,223,0.0002100120168310976
849,hermana,223,0.0002100120168310976
850,##ísimo,222,0.0002090702589080882
851,dedos,222,0.0002090702589080882
852,Este,221,0.00020812850098507878
853,ocultar,221,0.00020812850098507878
854,hicieron,220,0.00020718674306206939
855,##quil,220,0.00020718674306206939
856,##nu,220,0.00020718674306206939
857,##adas,220,0.00020718674306206939
858,veía,220,0.00020718674306206939
859,hizo,219,0.00020624498513905997
860,hoy,219,0.00020624498513905997
861,sola,219,0.00020624498513905997
862,reflejo,219,0.00020624498513905997
863,catorce,219,0.00020624498513905997
864,sentar,218,0.00020530322721605058
865,estos,218,0.00020530322721605058
866,##sos,218,0.00020530322721605058
867,llamado,218,0.00020530322721605058
868,ac,218,0.00020530322721605058
869,pregunta,217,0.00020436146929304116
870,paso,217,0.00020436146929304116
871,Recién,217,0.00020436146929304116
872,almohada,217,0.00020436146929304116
873,ocho,217,0.00020436146929304116
874,##ísima,216,0.00020341971137003177
875,levan,216,0.00020341971137003177
876,##able,216,0.00020341971137003177
877,corta,216,0.00020341971137003177
878,dieci,216,0.00020341971137003177
879,dijeron,216,0.00020341971137003177
880,corte,215,0.00020247795344702235
881,llora,215,0.00020247795344702235
882,fracas,214,0.00020153619552401293
883,modo,214,0.00020153619552401293
884,playa,214,0.00020153619552401293
885,##ast,214,0.00020153619552401293
886,##iste,212,0.00019965267967799412
887,terrible,212,0.00019965267967799412
888,viol,211,0.00019871092175498473
889,teléfono,211,0.00019871092175498473
890,contenido,211,0.00019871092175498473
891,dejó,211,0.00019871092175498473
892,siguieron,211,0.00019871092175498473
893,sale,211,0.00019871092175498473
894,bastante,210,0.0001977691638319753
895,café,210,0.0001977691638319753
896,carácter,210,0.0001977691638319753
897,allá,210,0.0001977691638319753
898,difícil,210,0.0001977691638319753
899,oscura,210,0.0001977691638319753
900,paral,210,0.0001977691638319753
901,##ítica,210,0.0001977691638319753
902,lana,209,0.00019682740590896592
903,bolsi,209,0.00019682740590896592
904,##lló,209,0.00019682740590896592
905,comenzaron,209,0.00019682740590896592
906,sil,209,0.00019682740590896592
907,mascota,209,0.00019682740590896592
908,impuestos,209,0.00019682740590896592
909,##cionado,208,0.0001958856479859565
910,gracioso,208,0.0001958856479859565
911,chicos,208,0.0001958856479859565
912,pantalones,208,0.0001958856479859565
913,pies,207,0.0001949438900629471
914,pasara,207,0.0001949438900629471
915,pozo,207,0.0001949438900629471
916,empecé,206,0.0001940021321399377
917,bailar,206,0.0001940021321399377
918,##dose,205,0.00019306037421692828
919,cementerio,205,0.00019306037421692828
920,vuelta,205,0.00019306037421692828
921,hormigas,205,0.00019306037421692828
922,##jadas,204,0.00019211861629391889
923,pan,204,0.00019211861629391889
924,##ám,204,0.00019211861629391889
925,familiar,204,0.00019211861629391889
926,##ona,204,0.00019211861629391889
927,chica,203,0.00019117685837090947
928,mí,203,0.00019117685837090947
929,Desde,203,0.00019117685837090947
930,esfuerzo,203,0.00019117685837090947
931,mesa,203,0.00019117685837090947
932,antrop,203,0.00019117685837090947
933,##oc,203,0.00019117685837090947
934,##én,203,0.00019117685837090947
935,##tricos,203,0.00019117685837090947
936,##pos,202,0.00019023510044790008
937,agu,202,0.00019023510044790008
938,desol,202,0.00019023510044790008
939,empu,202,0.00019023510044790008
940,pidió,201,0.00018929334252489066
941,##cha,201,0.00018929334252489066
942,pasos,201,0.00018929334252489066
943,##cri,201,0.00018929334252489066
944,##tos,201,0.00018929334252489066
945,##chi,201,0.00018929334252489066
946,varios,201,0.00018929334252489066
947,noticias,201,0.00018929334252489066
948,desnudo,200,0.00018835158460188127
949,cadáver,200,0.00018835158460188127
950,aur,200,0.00018835158460188127
951,reloj,200,0.00018835158460188127
952,##no,200,0.00018835158460188127
953,aspecto,200,0.00018835158460188127
954,horas,199,0.00018740982667887185
955,salud,199,0.00018740982667887185
956,super,199,0.00018740982667887185
957,##sti,199,0.00018740982667887185
958,secreto,199,0.00018740982667887185
959,discurso,198,0.00018646806875586243
960,Nunca,198,0.00018646806875586243
961,espada,198,0.00018646806875586243
962,apar,198,0.00018646806875586243
963,decidió,198,0.00018646806875586243
964,esto,197,0.00018552631083285304
965,sur,197,0.00018552631083285304
966,##éndose,197,0.00018552631083285304
967,jugar,197,0.00018552631083285304
968,salió,197,0.00018552631083285304
969,repatriación,197,0.00018552631083285304
970,silla,197,0.00018552631083285304
971,pregun,196,0.00018458455290984362
972,##tá,196,0.00018458455290984362
973,##deci,196,0.00018458455290984362
974,dejar,196,0.00018458455290984362
975,tre,196,0.00018458455290984362
976,espalda,196,0.00018458455290984362
977,cata,196,0.00018458455290984362
978,lad,196,0.00018458455290984362
979,infin,195,0.00018364279498683423
980,quedaron,195,0.00018364279498683423
981,entendió,195,0.00018364279498683423
982,cinco,195,0.00018364279498683423
983,mantenía,195,0.00018364279498683423
984,disfraz,195,0.00018364279498683423
985,desta,195,0.00018364279498683423
986,##sta,194,0.0001827010370638248
987,nota,194,0.0001827010370638248
988,fuga,194,0.0001827010370638248
989,libro,194,0.0001827010370638248
990,llevó,194,0.0001827010370638248
991,tristeza,194,0.0001827010370638248
992,claro,194,0.0001827010370638248
993,Llor,194,0.0001827010370638248
994,hiciera,193,0.00018175927914081542
995,ayuda,193,0.00018175927914081542
996,desen,193,0.00018175927914081542
997,##fun,193,0.00018175927914081542
998,belleza,193,0.00018175927914081542
999,##trico,193,0.00018175927914081542
1000,Ci,193,0.00018175927914081542
1001,##pol,193,0.00018175927914081542
1002,##lett,193,0.00018175927914081542
1003,detrás,193,0.00018175927914081542
1004,escar,193,0.00018175927914081542
1005,##lata,193,0.00018175927914081542
1006,abuela,193,0.00018175927914081542
1007,##cionada,192,0.000180817521217806
1008,esperar,192,0.000180817521217806
1009,##rada,191,0.0001798757632947966
1010,digo,191,0.0001798757632947966
1011,saqué,191,0.0001798757632947966
1012,##ana,191,0.0001798757632947966
1013,per,191,0.0001798757632947966
1014,llorar,191,0.0001798757632947966
1015,pá,191,0.0001798757632947966
1016,alucin,191,0.0001798757632947966
1017,##aciones,191,0.0001798757632947966
1018,pagar,191,0.0001798757632947966
1019,despertar,191,0.0001798757632947966
1020,adi,191,0.0001798757632947966
1021,privilegios,191,0.0001798757632947966
1022,##er,190,0.0001789340053717872
1023,mayoría,190,0.0001789340053717872
1024,tal,190,0.0001789340053717872
1025,sería,190,0.0001789340053717872
1026,enten,190,0.0001789340053717872
1027,pecho,190,0.0001789340053717872
1028,##gaba,190,0.0001789340053717872
1029,concentrado,190,0.0001789340053717872
1030,mara,189,0.00017799224744877778
1031,literatura,189,0.00017799224744877778
1032,medida,189,0.00017799224744877778
1033,afuera,189,0.00017799224744877778
1034,dónde,189,0.00017799224744877778
1035,inex,189,0.00017799224744877778
1036,usar,189,0.00017799224744877778
1037,comunicación,189,0.00017799224744877778
1038,##dad,189,0.00017799224744877778
1039,murió,189,0.00017799224744877778
1040,cans,189,0.00017799224744877778
1041,menores,189,0.00017799224744877778
1042,pidieron,189,0.00017799224744877778
1043,##clo,189,0.00017799224744877778
1044,##pedia,189,0.00017799224744877778
1045,##viendo,188,0.00017705048952576839
1046,hacían,188,0.00017705048952576839
1047,Igual,188,0.00017705048952576839
1048,##rar,188,0.00017705048952576839
1049,Las,187,0.00017610873160275897
1050,abuelo,187,0.00017610873160275897
1051,acercó,187,0.00017610873160275897
1052,hojas,187,0.00017610873160275897
1053,hi,187,0.00017610873160275897
1054,funda,186,0.00017516697367974958
1055,##damos,186,0.00017516697367974958
1056,temprano,186,0.00017516697367974958
1057,sos,186,0.00017516697367974958
1058,##dida,186,0.00017516697367974958
1059,largo,185,0.00017422521575674016
1060,proporcional,185,0.00017422521575674016
1061,maravilloso,185,0.00017422521575674016
1062,gritos,185,0.00017422521575674016
1063,##ps,185,0.00017422521575674016
1064,##ic,185,0.00017422521575674016
1065,##ólogos,185,0.00017422521575674016
1066,hijos,185,0.00017422521575674016
1067,sirviente,185,0.00017422521575674016
1068,ponía,184,0.00017328345783373077
1069,somos,184,0.00017328345783373077
1070,explicar,184,0.00017328345783373077
1071,escenario,184,0.00017328345783373077
1072,guarda,184,0.00017328345783373077
1073,lin,184,0.00017328345783373077
1074,ambulancia,184,0.00017328345783373077
1075,extranjero,184,0.00017328345783373077
1076,flor,184,0.00017328345783373077
1077,clandest,184,0.00017328345783373077
1078,##ino,184,0.00017328345783373077
1079,hubiera,183,0.00017234169991072135
1080,nuevo,183,0.00017234169991072135
1081,científica,183,0.00017234169991072135
1082,menor,183,0.00017234169991072135
1083,invitó,183,0.00017234169991072135
1084,envol,182,0.00017139994198771193
1085,sentimiento,182,0.00017139994198771193
1086,calor,182,0.00017139994198771193
1087,despierta,182,0.00017139994198771193
1088,gritar,182,0.00017139994198771193
1089,rato,182,0.00017139994198771193
1090,Nac,182,0.00017139994198771193
1091,dar,181,0.00017045818406470254
1092,te,181,0.00017045818406470254
1093,acari,181,0.00017045818406470254
1094,vesti,181,0.00017045818406470254
1095,##hel,181,0.00017045818406470254
1096,enloque,180,0.00016951642614169312
1097,cincuenta,180,0.00016951642614169312
1098,Eve,180,0.00016951642614169312
1099,##tualmente,180,0.00016951642614169312
1100,fascinante,180,0.00016951642614169312
1101,suele,180,0.00016951642614169312
1102,ta,180,0.00016951642614169312
1103,onda,180,0.00016951642614169312
1104,convencido,179,0.00016857466821868373
1105,##lidad,179,0.00016857466821868373
1106,tanta,179,0.00016857466821868373
1107,fuego,179,0.00016857466821868373
1108,Ahora,179,0.00016857466821868373
1109,mantuvieron,179,0.00016857466821868373
1110,desliz,179,0.00016857466821868373
1111,compasión,179,0.00016857466821868373
1112,normal,178,0.0001676329102956743
1113,De,178,0.0001676329102956743
1114,año,178,0.0001676329102956743
1115,##cía,178,0.0001676329102956743
1116,Intenté,178,0.0001676329102956743
1117,deja,178,0.0001676329102956743
1118,realmente,177,0.00016669115237266492
1119,María,177,0.00016669115237266492
1120,colegio,177,0.00016669115237266492
1121,##idos,177,0.00016669115237266492
1122,despi,176,0.0001657493944496555
1123,pegado,176,0.0001657493944496555
1124,intentaba,176,0.0001657493944496555
1125,habría,175,0.0001648076365266461
1126,elección,175,0.0001648076365266461
1127,están,175,0.0001648076365266461
1128,Cree,175,0.0001648076365266461
1129,nervios,175,0.0001648076365266461
1130,desv,175,0.0001648076365266461
1131,meter,175,0.0001648076365266461
1132,admira,175,0.0001648076365266461
1133,haya,174,0.0001638658786036367
1134,protegido,174,0.0001638658786036367
1135,llamar,174,0.0001638658786036367
1136,perspectivas,174,0.0001638658786036367
1137,##ont,174,0.0001638658786036367
1138,diez,174,0.0001638658786036367
1139,descui,174,0.0001638658786036367
1140,matrimonio,174,0.0001638658786036367
1141,redo,174,0.0001638658786036367
1142,##rí,173,0.00016292412068062728
1143,desesperado,173,0.00016292412068062728
1144,camino,173,0.00016292412068062728
1145,mue,173,0.00016292412068062728
1146,enfrentar,173,0.00016292412068062728
1147,vender,173,0.00016292412068062728
1148,posible,172,0.00016198236275761788
1149,Esta,172,0.00016198236275761788
1150,estuvieron,172,0.00016198236275761788
1151,refu,172,0.00016198236275761788
1152,##tarla,172,0.00016198236275761788
1153,odio,172,0.00016198236275761788
1154,desgar,172,0.00016198236275761788
1155,reli,172,0.00016198236275761788
1156,ago,172,0.00016198236275761788
1157,##mi,172,0.00016198236275761788
1158,er,172,0.00016198236275761788
1159,##gui,172,0.00016198236275761788
1160,lista,172,0.00016198236275761788
1161,##pone,172,0.00016198236275761788
1162,pasa,172,0.00016198236275761788
1163,sacar,172,0.00016198236275761788
1164,##cia,171,0.00016104060483460847
1165,tranquila,171,0.00016104060483460847
1166,##VII,171,0.00016104060483460847
1167,independencia,171,0.00016104060483460847
1168,ocurren,171,0.00016104060483460847
1169,encima,171,0.00016104060483460847
1170,noches,171,0.00016104060483460847
1171,movimientos,171,0.00016104060483460847
1172,##bra,171,0.00016104060483460847
1173,Tenemos,171,0.00016104060483460847
1174,atre,171,0.00016104060483460847
1175,nec,171,0.00016104060483460847
1176,##lógicas,171,0.00016104060483460847
1177,cierra,171,0.00016104060483460847
1178,tur,170,0.00016009884691159908
1179,Llegar,170,0.00016009884691159908
1180,zapa,170,0.00016009884691159908
1181,##tillas,170,0.00016009884691159908
1182,conocían,170,0.00016009884691159908
1183,sonri,169,0.00015915708898858966
1184,tela,169,0.00015915708898858966
1185,quien,169,0.00015915708898858966
1186,##dan,169,0.00015915708898858966
1187,suelo,169,0.00015915708898858966
1188,esfuerzos,169,0.00015915708898858966
1189,definitiva,169,0.00015915708898858966
1190,##me,169,0.00015915708898858966
1191,convertido,169,0.00015915708898858966
1192,pare,169,0.00015915708898858966
1193,##tela,169,0.00015915708898858966
1194,tri,168,0.00015821533106558027
1195,linda,168,0.00015821533106558027
1196,Me,168,0.00015821533106558027
1197,desa,168,0.00015821533106558027
1198,caute,168,0.00015821533106558027
1199,mancha,168,0.00015821533106558027
1200,nueva,167,0.00015727357314257085
1201,costumbre,167,0.00015727357314257085
1202,tendrá,167,0.00015727357314257085
1203,##pirar,167,0.00015727357314257085
1204,abajo,167,0.00015727357314257085
1205,nene,167,0.00015727357314257085
1206,celebrar,167,0.00015727357314257085
1207,carga,166,0.00015633181521956143
1208,##ábamos,166,0.00015633181521956143
1209,capacidad,166,0.00015633181521956143
1210,##rio,166,0.00015633181521956143
1211,pica,166,0.00015633181521956143
1212,miraba,166,0.00015633181521956143
1213,inter,166,0.00015633181521956143
1214,crema,166,0.00015633181521956143
1215,verde,166,0.00015633181521956143
1216,llega,166,0.00015633181521956143
1217,imaginar,165,0.00015539005729655204
1218,comprar,165,0.00015539005729655204
1219,felicidad,165,0.00015539005729655204
1220,manzana,165,0.00015539005729655204
1221,recorrido,165,0.00015539005729655204
1222,##día,165,0.00015539005729655204
1223,Si,165,0.00015539005729655204
1224,cayó,165,0.00015539005729655204
1225,##lom,165,0.00015539005729655204
1226,inventó,165,0.00015539005729655204
1227,viera,164,0.00015444829937354262
1228,saco,164,0.00015444829937354262
1229,##gaban,164,0.00015444829937354262
1230,buscamos,164,0.00015444829937354262
1231,Leván,164,0.00015444829937354262
1232,##telo,164,0.00015444829937354262
1233,despe,164,0.00015444829937354262
1234,##ían,164,0.00015444829937354262
1235,foto,164,0.00015444829937354262
1236,espan,164,0.00015444829937354262
1237,estupenda,163,0.00015350654145053323
1238,meti,163,0.00015350654145053323
1239,lleno,163,0.00015350654145053323
1240,empezar,163,0.00015350654145053323
1241,voz,163,0.00015350654145053323
1242,exacta,163,0.00015350654145053323
1243,##ven,163,0.00015350654145053323
1244,deberíamos,163,0.00015350654145053323
1245,##plica,163,0.00015350654145053323
1246,hiper,163,0.00015350654145053323
1247,propia,163,0.00015350654145053323
1248,entrar,163,0.00015350654145053323
1249,##quito,163,0.00015350654145053323
1250,trabajar,162,0.0001525647835275238
1251,avenida,162,0.0001525647835275238
1252,pegó,162,0.0001525647835275238
1253,detes,162,0.0001525647835275238
1254,creció,162,0.0001525647835275238
1255,desesperada,162,0.0001525647835275238
1256,Su,161,0.00015162302560451442
1257,apre,161,0.00015162302560451442
1258,anteriores,161,0.00015162302560451442
1259,abrir,161,0.00015162302560451442
1260,pudieran,161,0.00015162302560451442
1261,escuchar,161,0.00015162302560451442
1262,hospital,161,0.00015162302560451442
1263,llegaban,160,0.000150681267681505
1264,much,160,0.000150681267681505
1265,##X,160,0.000150681267681505
1266,crítico,160,0.000150681267681505
1267,##gu,160,0.000150681267681505
1268,desear,160,0.000150681267681505
1269,cayeron,160,0.000150681267681505
1270,##ron,160,0.000150681267681505
1271,ar,160,0.000150681267681505
1272,visita,160,0.000150681267681505
1273,zona,160,0.000150681267681505
1274,precis,160,0.000150681267681505
1275,frecuente,159,0.00014973950975849558
1276,país,159,0.00014973950975849558
1277,canción,159,0.00014973950975849558
1278,poner,159,0.00014973950975849558
1279,vueltas,159,0.00014973950975849558
1280,naranja,159,0.00014973950975849558
1281,durmiendo,159,0.00014973950975849558
1282,mejores,158,0.0001487977518354862
1283,existe,158,0.0001487977518354862
1284,general,158,0.0001487977518354862
1285,alf,158,0.0001487977518354862
1286,##ile,158,0.0001487977518354862
1287,##tero,158,0.0001487977518354862
1288,esperaba,158,0.0001487977518354862
1289,piensa,158,0.0001487977518354862
1290,enteras,158,0.0001487977518354862
1291,llevaba,158,0.0001487977518354862
1292,hermosos,158,0.0001487977518354862
1293,quisiera,158,0.0001487977518354862
1294,ve,158,0.0001487977518354862
1295,ves,157,0.00014785599391247678
1296,Algunos,157,0.00014785599391247678
1297,importancia,157,0.00014785599391247678
1298,Casi,157,0.00014785599391247678
1299,parás,157,0.00014785599391247678
1300,nueve,157,0.00014785599391247678
1301,debían,157,0.00014785599391247678
1302,encontró,157,0.00014785599391247678
1303,comunes,157,0.00014785599391247678
1304,basura,157,0.00014785599391247678
1305,amenaza,157,0.00014785599391247678
1306,mentira,157,0.00014785599391247678
1307,correspondía,157,0.00014785599391247678
1308,##nes,156,0.00014691423598946738
1309,tengo,156,0.00014691423598946738
1310,esas,156,0.00014691423598946738
1311,importa,156,0.00014691423598946738
1312,decisión,156,0.00014691423598946738
1313,izquierda,156,0.00014691423598946738
1314,escapó,156,0.00014691423598946738
1315,chispa,156,0.00014691423598946738
1316,##yera,155,0.00014597247806645797
1317,hubiese,155,0.00014597247806645797
1318,lluvia,155,0.00014597247806645797
1319,##fle,155,0.00014597247806645797
1320,conseguido,154,0.00014503072014344858
1321,##inista,154,0.00014503072014344858
1322,figura,154,0.00014503072014344858
1323,pánico,154,0.00014503072014344858
1324,mitad,154,0.00014503072014344858
1325,##undo,154,0.00014503072014344858
1326,bal,154,0.00014503072014344858
1327,##dosa,154,0.00014503072014344858
1328,cumpleaños,154,0.00014503072014344858
1329,descubri,154,0.00014503072014344858
1330,funeral,154,0.00014503072014344858
1331,pusiera,153,0.00014408896222043916
1332,conversaciones,153,0.00014408896222043916
1333,maravilla,153,0.00014408896222043916
1334,anima,153,0.00014408896222043916
1335,##mul,153,0.00014408896222043916
1336,Brigada,153,0.00014408896222043916
1337,funer,152,0.00014314720429742977
1338,##aria,152,0.00014314720429742977
1339,internos,152,0.00014314720429742977
1340,trascen,152,0.00014314720429742977
1341,ambiente,152,0.00014314720429742977
1342,acompañado,152,0.00014314720429742977
1343,grandes,152,0.00014314720429742977
1344,repas,152,0.00014314720429742977
1345,##tió,152,0.00014314720429742977
1346,herman,152,0.00014314720429742977
1347,medianoche,152,0.00014314720429742977
1348,palabra,151,0.00014220544637442035
1349,funcionan,151,0.00014220544637442035
1350,##eció,151,0.00014220544637442035
1351,completo,151,0.00014220544637442035
1352,parientes,151,0.00014220544637442035
1353,terraza,151,0.00014220544637442035
1354,Nadie,151,0.00014220544637442035
1355,valla,151,0.00014220544637442035
1356,preparó,150,0.00014126368845141093
1357,llevarse,150,0.00014126368845141093
1358,volvía,150,0.00014126368845141093
1359,##or,150,0.00014126368845141093
1360,cer,150,0.00014126368845141093
1361,cor,150,0.00014126368845141093
1362,Hist,150,0.00014126368845141093
1363,##que,150,0.00014126368845141093
1364,trasero,150,0.00014126368845141093
1365,##iza,150,0.00014126368845141093
1366,huir,150,0.00014126368845141093
1367,presencia,150,0.00014126368845141093
1368,oscuros,150,0.00014126368845141093
1369,paga,150,0.00014126368845141093
1370,risa,149,0.00014032193052840154
1371,Todo,149,0.00014032193052840154
1372,grito,149,0.00014032193052840154
1373,horrible,149,0.00014032193052840154
1374,tercio,149,0.00014032193052840154
1375,funciona,149,0.00014032193052840154
1376,##ció,149,0.00014032193052840154
1377,arruinar,149,0.00014032193052840154
1378,interes,149,0.00014032193052840154
1379,agar,148,0.00013938017260539212
1380,magnífica,148,0.00013938017260539212
1381,cumplir,148,0.00013938017260539212
1382,##itos,148,0.00013938017260539212
1383,lej,148,0.00013938017260539212
1384,probable,148,0.00013938017260539212
1385,prácticamente,148,0.00013938017260539212
1386,siendo,148,0.00013938017260539212
1387,emocional,148,0.00013938017260539212
1388,confi,148,0.00013938017260539212
1389,marca,148,0.00013938017260539212
1390,Usted,148,0.00013938017260539212
1391,##tines,148,0.00013938017260539212
1392,entierro,147,0.00013843841468238273
1393,Tar,147,0.00013843841468238273
1394,Muchas,147,0.00013843841468238273
1395,necesidad,147,0.00013843841468238273
1396,desarrollo,147,0.00013843841468238273
1397,pé,147,0.00013843841468238273
1398,cami,147,0.00013843841468238273
1399,##llas,147,0.00013843841468238273
1400,distancia,147,0.00013843841468238273
1401,olor,147,0.00013843841468238273
1402,fantasma,147,0.00013843841468238273
1403,disgust,147,0.00013843841468238273
1404,soldados,146,0.0001374966567593733
1405,ol,146,0.0001374966567593733
1406,cargar,145,0.00013655489883636392
1407,pública,145,0.00013655489883636392
1408,hip,145,0.00013655489883636392
1409,##dí,145,0.00013655489883636392
1410,angustia,145,0.00013655489883636392
1411,tomaron,145,0.00013655489883636392
1412,salvaje,145,0.00013655489883636392
1413,desconcer,145,0.00013655489883636392
1414,##tar,145,0.00013655489883636392
1415,cru,144,0.0001356131409133545
1416,tras,144,0.0001356131409133545
1417,aislados,144,0.0001356131409133545
1418,quienes,144,0.0001356131409133545
1419,##gar,144,0.0001356131409133545
1420,imper,144,0.0001356131409133545
1421,##cep,144,0.0001356131409133545
1422,repi,144,0.0001356131409133545
1423,sorpresa,144,0.0001356131409133545
1424,pone,144,0.0001356131409133545
1425,huevos,144,0.0001356131409133545
1426,sobrino,144,0.0001356131409133545
1427,esposo,143,0.00013467138299034508
1428,consiguió,143,0.00013467138299034508
1429,##ib,143,0.00013467138299034508
1430,quedara,143,0.00013467138299034508
1431,ilumin,143,0.00013467138299034508
1432,masculina,143,0.00013467138299034508
1433,dejando,143,0.00013467138299034508
1434,cre,143,0.00013467138299034508
1435,mismos,143,0.00013467138299034508
1436,consciencia,143,0.00013467138299034508
1437,vuelve,143,0.00013467138299034508
1438,fren,143,0.00013467138299034508
1439,tendría,143,0.00013467138299034508
1440,escapado,143,0.00013467138299034508
1441,campana,143,0.00013467138299034508
1442,acuerdo,142,0.0001337296250673357
1443,calma,142,0.0001337296250673357
1444,renovar,142,0.0001337296250673357
1445,acceder,142,0.0001337296250673357
1446,rec,142,0.0001337296250673357
1447,limpiar,142,0.0001337296250673357
1448,dura,142,0.0001337296250673357
1449,Ya,142,0.0001337296250673357
1450,máscaras,142,0.0001337296250673357
1451,##erro,142,0.0001337296250673357
1452,colgado,141,0.00013278786714432628
1453,T,141,0.00013278786714432628
1454,##ovs,141,0.00013278786714432628
1455,##mp,141,0.00013278786714432628
1456,hostil,141,0.00013278786714432628
1457,preferido,141,0.00013278786714432628
1458,cla,141,0.00013278786714432628
1459,##vados,141,0.00013278786714432628
1460,comer,141,0.00013278786714432628
1461,lis,141,0.00013278786714432628
1462,novia,141,0.00013278786714432628
1463,cruza,141,0.00013278786714432628
1464,buena,140,0.00013184610922131688
1465,pude,140,0.00013184610922131688
1466,##titas,140,0.00013184610922131688
1467,resistir,140,0.00013184610922131688
1468,herramientas,140,0.00013184610922131688
1469,manchas,140,0.00013184610922131688
1470,rechazo,140,0.00013184610922131688
1471,doce,140,0.00013184610922131688
1472,##ríe,140,0.00013184610922131688
1473,Qué,139,0.00013090435129830747
1474,Metro,139,0.00013090435129830747
1475,frasco,139,0.00013090435129830747
1476,escon,139,0.00013090435129830747
1477,fuente,139,0.00013090435129830747
1478,Am,139,0.00013090435129830747
1479,##íl,139,0.00013090435129830747
1480,conser,139,0.00013090435129830747
1481,sopl,139,0.00013090435129830747
1482,inm,139,0.00013090435129830747
1483,regimiento,139,0.00013090435129830747
1484,encantaba,139,0.00013090435129830747
1485,ocupado,139,0.00013090435129830747
1486,char,139,0.00013090435129830747
1487,Roja,139,0.00013090435129830747
1488,ninguna,139,0.00013090435129830747
1489,##ines,139,0.00013090435129830747
1490,polvo,139,0.00013090435129830747
1491,quitar,138,0.00012996259337529808
1492,detu,138,0.00012996259337529808
1493,##viera,138,0.00012996259337529808
1494,cuesta,138,0.00012996259337529808
1495,horizonte,138,0.00012996259337529808
1496,Apenas,138,0.00012996259337529808
1497,nuestros,138,0.00012996259337529808
1498,siglo,138,0.00012996259337529808
1499,pri,138,0.00012996259337529808
1500,vientre,138,0.00012996259337529808
1501,aprovechar,138,0.00012996259337529808
1502,mató,138,0.00012996259337529808
1503,futuro,138,0.00012996259337529808
1504,preten,138,0.00012996259337529808
1505,##diente,138,0.00012996259337529808
1506,velar,137,0.00012902083545228866
1507,pudieron,137,0.00012902083545228866
1508,dibujo,137,0.00012902083545228866
1509,recién,137,0.00012902083545228866
1510,discusión,137,0.00012902083545228866
1511,alegre,137,0.00012902083545228866
1512,evitar,137,0.00012902083545228866
1513,curiosidad,137,0.00012902083545228866
1514,depresión,137,0.00012902083545228866
1515,##icular,136,0.00012807907752927927
1516,cuántos,136,0.00012807907752927927
1517,caballeros,136,0.00012807907752927927
1518,##cas,136,0.00012807907752927927
1519,##vo,136,0.00012807907752927927
1520,##gaz,136,0.00012807907752927927
1521,Esa,136,0.00012807907752927927
1522,verti,136,0.00012807907752927927
1523,##gin,136,0.00012807907752927927
1524,Tenía,136,0.00012807907752927927
1525,inv,136,0.00012807907752927927
1526,##enci,136,0.00012807907752927927
1527,lugares,136,0.00012807907752927927
1528,##lagos,136,0.00012807907752927927
1529,llegando,136,0.00012807907752927927
1530,invitado,136,0.00012807907752927927
1531,##udi,136,0.00012807907752927927
1532,perrito,136,0.00012807907752927927
1533,implica,135,0.00012713731960626985
1534,recor,135,0.00012713731960626985
1535,Ese,135,0.00012713731960626985
1536,procesos,135,0.00012713731960626985
1537,exactamente,135,0.00012713731960626985
1538,neuro,135,0.00012713731960626985
1539,##fi,135,0.00012713731960626985
1540,##sio,135,0.00012713731960626985
1541,##lógicos,135,0.00012713731960626985
1542,advertí,135,0.00012713731960626985
1543,cuero,135,0.00012713731960626985
1544,pertenecía,135,0.00012713731960626985
1545,cortina,135,0.00012713731960626985
1546,tira,135,0.00012713731960626985
1547,acabó,134,0.00012619556168326043
1548,Quizá,134,0.00012619556168326043
1549,aprender,134,0.00012619556168326043
1550,bolsas,134,0.00012619556168326043
1551,ti,134,0.00012619556168326043
1552,nacieron,134,0.00012619556168326043
1553,espacios,134,0.00012619556168326043
1554,ansi,134,0.00012619556168326043
1555,pil,134,0.00012619556168326043
1556,querer,134,0.00012619556168326043
1557,canta,134,0.00012619556168326043
1558,pena,134,0.00012619556168326043
1559,##bata,134,0.00012619556168326043
1560,co,133,0.00012525380376025104
1561,Acaso,133,0.00012525380376025104
1562,presente,133,0.00012525380376025104
1563,##I,133,0.00012525380376025104
1564,constitu,133,0.00012525380376025104
1565,##tiva,133,0.00012525380376025104
1566,intra,133,0.00012525380376025104
1567,Pasé,133,0.00012525380376025104
1568,palo,133,0.00012525380376025104
1569,caball,133,0.00012525380376025104
1570,##zas,133,0.00012525380376025104
1571,lindo,133,0.00012525380376025104
1572,acompañan,133,0.00012525380376025104
1573,Cha,133,0.00012525380376025104
1574,cuernos,133,0.00012525380376025104
1575,efecto,132,0.00012431204583724162
1576,tumba,132,0.00012431204583724162
1577,habrán,132,0.00012431204583724162
1578,orador,132,0.00012431204583724162
1579,eli,132,0.00012431204583724162
1580,tardes,132,0.00012431204583724162
1581,Ni,132,0.00012431204583724162
1582,##dill,132,0.00012431204583724162
1583,sentó,132,0.00012431204583724162
1584,ladrillos,132,0.00012431204583724162
1585,completa,132,0.00012431204583724162
1586,camin,131,0.00012337028791423223
1587,suena,131,0.00012337028791423223
1588,vaya,131,0.00012337028791423223
1589,##res,131,0.00012337028791423223
1590,resguar,131,0.00012337028791423223
1591,pocas,131,0.00012337028791423223
1592,roto,131,0.00012337028791423223
1593,siesta,131,0.00012337028791423223
1594,amigos,131,0.00012337028791423223
1595,terminar,131,0.00012337028791423223
1596,distinto,131,0.00012337028791423223
1597,ventan,130,0.0001224285299912228
1598,estuviese,130,0.0001224285299912228
1599,cerrar,130,0.0001224285299912228
1600,##vi,130,0.0001224285299912228
1601,##zn,130,0.0001224285299912228
1602,gravedad,130,0.0001224285299912228
1603,##las,130,0.0001224285299912228
1604,moverse,130,0.0001224285299912228
1605,O,130,0.0001224285299912228
1606,quedaban,130,0.0001224285299912228
1607,apur,130,0.0001224285299912228
1608,suficientes,130,0.0001224285299912228
1609,asistencia,130,0.0001224285299912228
1610,##gantes,129,0.00012148677206821341
1611,traje,129,0.00012148677206821341
1612,razón,129,0.00012148677206821341
1613,ataque,129,0.00012148677206821341
1614,perci,129,0.00012148677206821341
1615,Explic,129,0.00012148677206821341
1616,partículas,129,0.00012148677206821341
1617,tiró,129,0.00012148677206821341
1618,parar,129,0.00012148677206821341
1619,Roque,129,0.00012148677206821341
1620,bla,129,0.00012148677206821341
1621,##zer,129,0.00012148677206821341
1622,demás,128,0.000120545014145204
1623,llaves,128,0.000120545014145204
1624,golpe,128,0.000120545014145204
1625,ejército,128,0.000120545014145204
1626,vidrio,128,0.000120545014145204
1627,espera,128,0.000120545014145204
1628,##taron,128,0.000120545014145204
1629,metal,128,0.000120545014145204
1630,multitud,128,0.000120545014145204
1631,cuándo,128,0.000120545014145204
1632,dándole,128,0.000120545014145204
1633,recibía,128,0.000120545014145204
1634,molestar,128,0.000120545014145204
1635,Además,127,0.0001196032562221946
1636,abri,127,0.0001196032562221946
1637,sigue,127,0.0001196032562221946
1638,metió,127,0.0001196032562221946
1639,permite,127,0.0001196032562221946
1640,cintura,127,0.0001196032562221946
1641,ellas,127,0.0001196032562221946
1642,operando,127,0.0001196032562221946
1643,larg,127,0.0001196032562221946
1644,acercar,127,0.0001196032562221946
1645,terminado,127,0.0001196032562221946
1646,##jer,127,0.0001196032562221946
1647,tomaba,127,0.0001196032562221946
1648,##dela,127,0.0001196032562221946
1649,##bros,127,0.0001196032562221946
1650,convincente,127,0.0001196032562221946
1651,previ,127,0.0001196032562221946
1652,obe,127,0.0001196032562221946
1653,cabec,126,0.00011866149829918519
1654,volar,126,0.00011866149829918519
1655,##tima,126,0.00011866149829918519
1656,##dían,126,0.00011866149829918519
1657,libertad,126,0.00011866149829918519
1658,criticar,126,0.00011866149829918519
1659,charla,126,0.00011866149829918519
1660,descubrir,126,0.00011866149829918519
1661,Pasó,126,0.00011866149829918519
1662,pelota,126,0.00011866149829918519
1663,sueño,126,0.00011866149829918519
1664,tono,126,0.00011866149829918519
1665,isla,126,0.00011866149829918519
1666,policía,126,0.00011866149829918519
1667,dieron,125,0.00011771974037617579
1668,decían,125,0.00011771974037617579
1669,imagen,125,0.00011771974037617579
1670,##tí,125,0.00011771974037617579
1671,aquel,125,0.00011771974037617579
1672,orden,125,0.00011771974037617579
1673,mañanas,125,0.00011771974037617579
1674,zapatos,125,0.00011771974037617579
1675,fundamental,125,0.00011771974037617579
1676,mala,125,0.00011771974037617579
1677,respirar,125,0.00011771974037617579
1678,monumento,125,0.00011771974037617579
1679,##tina,125,0.00011771974037617579
1680,podido,124,0.00011677798245316638
1681,increíble,124,0.00011677798245316638
1682,chico,124,0.00011677798245316638
1683,cál,124,0.00011677798245316638
1684,anal,124,0.00011677798245316638
1685,seguir,124,0.00011677798245316638
1686,##mar,124,0.00011677798245316638
1687,##edas,124,0.00011677798245316638
1688,fresco,124,0.00011677798245316638
1689,barba,124,0.00011677798245316638
1690,tío,124,0.00011677798245316638
1691,emoción,124,0.00011677798245316638
1692,hil,123,0.00011583622453015697
1693,creer,123,0.00011583622453015697
1694,árbol,123,0.00011583622453015697
1695,rastro,123,0.00011583622453015697
1696,buscando,123,0.00011583622453015697
1697,vivía,123,0.00011583622453015697
1698,puntas,123,0.00011583622453015697
1699,batalla,123,0.00011583622453015697
1700,mé,123,0.00011583622453015697
1701,##dano,123,0.00011583622453015697
1702,llover,123,0.00011583622453015697
1703,botella,123,0.00011583622453015697
1704,orto,123,0.00011583622453015697
1705,##pé,123,0.00011583622453015697
1706,##dicos,123,0.00011583622453015697
1707,##ubic,123,0.00011583622453015697
1708,Pue,122,0.00011489446660714756
1709,##red,122,0.00011489446660714756
1710,juzgar,122,0.00011489446660714756
1711,pelu,122,0.00011489446660714756
1712,escribía,122,0.00011489446660714756
1713,tiempos,122,0.00011489446660714756
1714,##ador,122,0.00011489446660714756
1715,aga,122,0.00011489446660714756
1716,enferme,122,0.00011489446660714756
1717,##ros,122,0.00011489446660714756
1718,apoder,122,0.00011489446660714756
1719,espíritu,122,0.00011489446660714756
1720,varias,122,0.00011489446660714756
1721,descendencia,122,0.00011489446660714756
1722,buscó,122,0.00011489446660714756
1723,vecinos,122,0.00011489446660714756
1724,sonido,121,0.00011395270868413816
1725,sonre,121,0.00011395270868413816
1726,dinero,121,0.00011395270868413816
1727,hor,121,0.00011395270868413816
1728,Cuanto,121,0.00011395270868413816
1729,palabras,121,0.00011395270868413816
1730,problema,121,0.00011395270868413816
1731,Fue,121,0.00011395270868413816
1732,atar,121,0.00011395270868413816
1733,##jó,121,0.00011395270868413816
1734,Eso,121,0.00011395270868413816
1735,Fle,121,0.00011395270868413816
1736,##xi,121,0.00011395270868413816
1737,presta,121,0.00011395270868413816
1738,negros,121,0.00011395270868413816
1739,aguantar,121,0.00011395270868413816
1740,felices,121,0.00011395270868413816
1741,viva,121,0.00011395270868413816
1742,campan,120,0.00011301095076112875
1743,monedas,120,0.00011301095076112875
1744,oscuridad,120,0.00011301095076112875
1745,importante,120,0.00011301095076112875
1746,mente,120,0.00011301095076112875
1747,hermoso,120,0.00011301095076112875
1748,seguridad,120,0.00011301095076112875
1749,alivio,120,0.00011301095076112875
1750,Isaac,120,0.00011301095076112875
1751,inversa,120,0.00011301095076112875
1752,gotas,120,0.00011301095076112875
1753,apag,120,0.00011301095076112875
1754,desagradable,120,0.00011301095076112875
1755,sangu,120,0.00011301095076112875
1756,pere,119,0.00011206919283811935
1757,##cen,119,0.00011206919283811935
1758,tienen,119,0.00011206919283811935
1759,patas,119,0.00011206919283811935
1760,Estaba,119,0.00011206919283811935
1761,B,119,0.00011206919283811935
1762,##61,119,0.00011206919283811935
1763,##2,119,0.00011206919283811935
1764,observó,119,0.00011206919283811935
1765,llevaría,119,0.00011206919283811935
1766,##cli,119,0.00011206919283811935
1767,##smo,119,0.00011206919283811935
1768,envenen,119,0.00011206919283811935
1769,tenido,119,0.00011206919283811935
1770,ciertos,119,0.00011206919283811935
1771,##versa,118,0.00011112743491510994
1772,cámara,118,0.00011112743491510994
1773,pre,118,0.00011112743491510994
1774,##mon,118,0.00011112743491510994
1775,##iciones,118,0.00011112743491510994
1776,preguntarle,118,0.00011112743491510994
1777,sober,118,0.00011112743491510994
1778,impu,118,0.00011112743491510994
1779,##ne,118,0.00011112743491510994
1780,entr,118,0.00011112743491510994
1781,ataca,118,0.00011112743491510994
1782,##miento,118,0.00011112743491510994
1783,carta,118,0.00011112743491510994
1784,fotos,118,0.00011112743491510994
1785,pantallas,118,0.00011112743491510994
1786,piernas,117,0.00011018567699210054
1787,viejo,117,0.00011018567699210054
1788,lados,117,0.00011018567699210054
1789,femenina,117,0.00011018567699210054
1790,endure,117,0.00011018567699210054
1791,##ciendo,117,0.00011018567699210054
1792,ten,117,0.00011018567699210054
1793,movido,117,0.00011018567699210054
1794,común,117,0.00011018567699210054
1795,as,117,0.00011018567699210054
1796,Quién,117,0.00011018567699210054
1797,cuadro,117,0.00011018567699210054
1798,encarcel,117,0.00011018567699210054
1799,estoy,116,0.00010924391906909113
1800,cae,116,0.00010924391906909113
1801,preocupaba,116,0.00010924391906909113
1802,fas,116,0.00010924391906909113
1803,##tuoso,116,0.00010924391906909113
1804,##piración,116,0.00010924391906909113
1805,fort,116,0.00010924391906909113
1806,##ifica,116,0.00010924391906909113
1807,coraje,116,0.00010924391906909113
1808,intercambio,116,0.00010924391906909113
1809,haci,116,0.00010924391906909113
1810,caminando,115,0.00010830216114608172
1811,ro,115,0.00010830216114608172
1812,ejecutar,115,0.00010830216114608172
1813,vi,115,0.00010830216114608172
1814,rompe,115,0.00010830216114608172
1815,acordaron,115,0.00010830216114608172
1816,camisa,115,0.00010830216114608172
1817,muchísimo,115,0.00010830216114608172
1818,observando,115,0.00010830216114608172
1819,cola,115,0.00010830216114608172
1820,saluda,115,0.00010830216114608172
1821,tortura,115,0.00010830216114608172
1822,enciende,115,0.00010830216114608172
1823,fuese,114,0.00010736040322307231
1824,nariz,114,0.00010736040322307231
1825,usarlo,114,0.00010736040322307231
1826,set,114,0.00010736040322307231
1827,##eci,114,0.00010736040322307231
1828,##entas,114,0.00010736040322307231
1829,cantar,114,0.00010736040322307231
1830,lu,114,0.00010736040322307231
1831,##stro,114,0.00010736040322307231
1832,##dría,114,0.00010736040322307231
1833,blanca,114,0.00010736040322307231
1834,indiscu,114,0.00010736040322307231
1835,comida,114,0.00010736040322307231
1836,bestias,114,0.00010736040322307231
1837,Lu,114,0.00010736040322307231
1838,##gon,114,0.00010736040322307231
1839,solidaridad,114,0.00010736040322307231
1840,conste,114,0.00010736040322307231
1841,clar,113,0.0001064186453000629
1842,violín,113,0.0001064186453000629
1843,montón,113,0.0001064186453000629
1844,conform,113,0.0001064186453000629
1845,cuestion,113,0.0001064186453000629
1846,##illa,113,0.0001064186453000629
1847,introducido,113,0.0001064186453000629
1848,rodea,113,0.0001064186453000629
1849,jornadas,113,0.0001064186453000629
1850,gallina,113,0.0001064186453000629
1851,Descon,113,0.0001064186453000629
1852,alqui,113,0.0001064186453000629
1853,##trán,113,0.0001064186453000629
1854,cab,113,0.0001064186453000629
1855,##iz,113,0.0001064186453000629
1856,##baj,113,0.0001064186453000629
1857,propias,112,0.0001054768873770535
1858,cerebro,112,0.0001054768873770535
1859,mejora,112,0.0001054768873770535
1860,esc,112,0.0001054768873770535
1861,##ép,112,0.0001054768873770535
1862,##tico,112,0.0001054768873770535
1863,pilo,112,0.0001054768873770535
1864,##teado,112,0.0001054768873770535
1865,llan,112,0.0001054768873770535
1866,##vió,112,0.0001054768873770535
1867,vulgar,112,0.0001054768873770535
1868,numeros,112,0.0001054768873770535
1869,extraordinario,112,0.0001054768873770535
1870,desapareció,112,0.0001054768873770535
1871,contento,111,0.0001045351294540441
1872,##gado,111,0.0001045351294540441
1873,composición,111,0.0001045351294540441
1874,sobra,111,0.0001045351294540441
1875,dispara,111,0.0001045351294540441
1876,pantalón,111,0.0001045351294540441
1877,esqui,111,0.0001045351294540441
1878,ornam,111,0.0001045351294540441
1879,##entales,111,0.0001045351294540441
1880,fines,111,0.0001045351294540441
1881,razones,111,0.0001045351294540441
1882,enamor,111,0.0001045351294540441
1883,##emos,111,0.0001045351294540441
1884,taza,111,0.0001045351294540441
1885,sacarle,111,0.0001045351294540441
1886,##ev,111,0.0001045351294540441
1887,pedazos,111,0.0001045351294540441
1888,acá,111,0.0001045351294540441
1889,amarilla,111,0.0001045351294540441
1890,##ándome,111,0.0001045351294540441
1891,rean,111,0.0001045351294540441
1892,##ima,111,0.0001045351294540441
1893,Az,111,0.0001045351294540441
1894,##orado,111,0.0001045351294540441
1895,rese,111,0.0001045351294540441
1896,##timi,111,0.0001045351294540441
1897,##ento,111,0.0001045351294540441
1898,Desgraci,111,0.0001045351294540441
1899,coartada,111,0.0001045351294540441
1900,##gana,111,0.0001045351294540441
1901,candidato,111,0.0001045351294540441
1902,Recor,111,0.0001045351294540441
1903,##rieron,111,0.0001045351294540441
1904,sentido,110,0.00010359337153103469
1905,Cámara,110,0.00010359337153103469
1906,estu,110,0.00010359337153103469
1907,##pef,110,0.00010359337153103469
1908,##acción,110,0.00010359337153103469
1909,moda,110,0.00010359337153103469
1910,Cur,110,0.00010359337153103469
1911,##iosa,110,0.00010359337153103469
1912,##gel,110,0.00010359337153103469
1913,##ical,110,0.00010359337153103469
1914,Hacía,110,0.00010359337153103469
1915,atardecer,110,0.00010359337153103469
1916,componentes,110,0.00010359337153103469
1917,Le,110,0.00010359337153103469
1918,##chel,110,0.00010359337153103469
1919,casas,110,0.00010359337153103469
1920,domésticos,110,0.00010359337153103469
1921,reca,110,0.00010359337153103469
1922,##ídas,110,0.00010359337153103469
1923,##idi,110,0.00010359337153103469
1924,negro,110,0.00010359337153103469
1925,sentarse,109,0.00010265161360802529
1926,compe,109,0.00010265161360802529
1927,##net,109,0.00010265161360802529
1928,##rados,109,0.00010265161360802529
1929,Yo,109,0.00010265161360802529
1930,tarda,109,0.00010265161360802529
1931,abur,109,0.00010265161360802529
1932,##rid,109,0.00010265161360802529
1933,gota,109,0.00010265161360802529
1934,fascin,109,0.00010265161360802529
1935,intro,109,0.00010265161360802529
1936,##pec,109,0.00010265161360802529
1937,atravesar,109,0.00010265161360802529
1938,refleja,109,0.00010265161360802529
1939,hoja,109,0.00010265161360802529
1940,Des,109,0.00010265161360802529
1941,freno,109,0.00010265161360802529
1942,comí,109,0.00010265161360802529
1943,vino,109,0.00010265161360802529
1944,Manuel,109,0.00010265161360802529
1945,aca,109,0.00010265161360802529
1946,##para,109,0.00010265161360802529
1947,pensé,108,0.00010170985568501588
1948,desigualdad,108,0.00010170985568501588
1949,Bal,108,0.00010170985568501588
1950,##van,108,0.00010170985568501588
1951,pienso,108,0.00010170985568501588
1952,##ut,108,0.00010170985568501588
1953,metros,108,0.00010170985568501588
1954,eru,108,0.00010170985568501588
1955,##dito,108,0.00010170985568501588
1956,psiquiá,108,0.00010170985568501588
1957,Poco,108,0.00010170985568501588
1958,##zaba,108,0.00010170985568501588
1959,arras,108,0.00010170985568501588
1960,##pan,108,0.00010170985568501588
1961,Colón,107,0.00010076809776200647
1962,arte,107,0.00010076809776200647
1963,Mi,107,0.00010076809776200647
1964,leído,107,0.00010076809776200647
1965,Deportes,107,0.00010076809776200647
1966,##ed,107,0.00010076809776200647
1967,##ules,107,0.00010076809776200647
1968,desaparecieron,107,0.00010076809776200647
1969,cuello,107,0.00010076809776200647
1970,pega,107,0.00010076809776200647
1971,sótano,107,0.00010076809776200647
1972,##zados,107,0.00010076809776200647
1973,espor,107,0.00010076809776200647
1974,##dicas,107,0.00010076809776200647
1975,escrito,107,0.00010076809776200647
1976,laboratorio,107,0.00010076809776200647
1977,bauti,107,0.00010076809776200647
1978,##zar,107,0.00010076809776200647
1979,tren,106,9.982633983899706e-05
1980,##zaron,106,9.982633983899706e-05
1981,prendas,106,9.982633983899706e-05
1982,pasé,106,9.982633983899706e-05
1983,intentando,106,9.982633983899706e-05
1984,ido,106,9.982633983899706e-05
1985,presi,106,9.982633983899706e-05
1986,##tiera,106,9.982633983899706e-05
1987,pierna,106,9.982633983899706e-05
1988,sorpres,106,9.982633983899706e-05
1989,##ivamente,106,9.982633983899706e-05
1990,alimenta,106,9.982633983899706e-05
1991,sufrido,106,9.982633983899706e-05
1992,descubrieron,106,9.982633983899706e-05
1993,dom,106,9.982633983899706e-05
1994,##adores,106,9.982633983899706e-05
1995,llave,106,9.982633983899706e-05
1996,observa,106,9.982633983899706e-05
1997,Í,105,9.888458191598766e-05
1998,##bamos,105,9.888458191598766e-05
1999,público,105,9.888458191598766e-05
2000,antece,105,9.888458191598766e-05
2001,##sor,105,9.888458191598766e-05
2002,##ver,105,9.888458191598766e-05
2003,construir,105,9.888458191598766e-05
2004,##iler,105,9.888458191598766e-05
2005,encantado,105,9.888458191598766e-05
2006,Princip,105,9.888458191598766e-05
2007,##siete,105,9.888458191598766e-05
2008,costa,105,9.888458191598766e-05
2009,##grá,105,9.888458191598766e-05
2010,idéntica,105,9.888458191598766e-05
2011,corrupción,105,9.888458191598766e-05
2012,alimentar,105,9.888458191598766e-05
2013,pom,105,9.888458191598766e-05
2014,exi,105,9.888458191598766e-05
2015,tristes,104,9.794282399297825e-05
2016,descanso,104,9.794282399297825e-05
2017,diagnos,104,9.794282399297825e-05
2018,##ticar,104,9.794282399297825e-05
2019,suponía,104,9.794282399297825e-05
2020,##vidas,104,9.794282399297825e-05
2021,perdi,104,9.794282399297825e-05
2022,embar,104,9.794282399297825e-05
2023,##rilla,104,9.794282399297825e-05
2024,home,104,9.794282399297825e-05
2025,##ata,104,9.794282399297825e-05
2026,##arla,104,9.794282399297825e-05
2027,quince,104,9.794282399297825e-05
2028,enseñar,104,9.794282399297825e-05
2029,##vé,104,9.794282399297825e-05
2030,##una,104,9.794282399297825e-05
2031,encubri,104,9.794282399297825e-05
2032,incomple,104,9.794282399297825e-05
2033,Camino,103,9.700106606996885e-05
2034,##jas,103,9.700106606996885e-05
2035,grande,103,9.700106606996885e-05
2036,viviente,103,9.700106606996885e-05
2037,apesta,103,9.700106606996885e-05
2038,Gri,103,9.700106606996885e-05
2039,cristiano,103,9.700106606996885e-05
2040,intermin,103,9.700106606996885e-05
2041,arruin,103,9.700106606996885e-05
2042,produc,103,9.700106606996885e-05
2043,visitas,103,9.700106606996885e-05
2044,##vido,103,9.700106606996885e-05
2045,##tigu,103,9.700106606996885e-05
2046,##cita,103,9.700106606996885e-05
2047,##ras,103,9.700106606996885e-05
2048,##peras,103,9.700106606996885e-05
2049,aparecer,103,9.700106606996885e-05
2050,queriendo,103,9.700106606996885e-05
2051,manifestación,103,9.700106606996885e-05
2052,reír,102,9.605930814695944e-05
2053,##stone,102,9.605930814695944e-05
2054,Cada,102,9.605930814695944e-05
2055,arriba,102,9.605930814695944e-05
2056,sospechas,102,9.605930814695944e-05
2057,decoración,102,9.605930814695944e-05
2058,cuales,102,9.605930814695944e-05
2059,débil,102,9.605930814695944e-05
2060,secundaria,102,9.605930814695944e-05
2061,estam,102,9.605930814695944e-05
2062,enco,102,9.605930814695944e-05
2063,##gió,102,9.605930814695944e-05
2064,elementos,102,9.605930814695944e-05
2065,Aman,102,9.605930814695944e-05
2066,##ecer,102,9.605930814695944e-05
2067,escuchamos,102,9.605930814695944e-05
2068,romp,102,9.605930814695944e-05
2069,extin,102,9.605930814695944e-05
2070,trató,102,9.605930814695944e-05
2071,borra,102,9.605930814695944e-05
2072,##chera,102,9.605930814695944e-05
2073,##izado,102,9.605930814695944e-05
2074,respira,102,9.605930814695944e-05
2075,##torios,102,9.605930814695944e-05
2076,enterrar,102,9.605930814695944e-05
2077,inmun,102,9.605930814695944e-05
2078,##dic,102,9.605930814695944e-05
2079,##eja,101,9.511755022395004e-05
2080,congelado,101,9.511755022395004e-05
2081,ofici,101,9.511755022395004e-05
2082,##nist,101,9.511755022395004e-05
2083,suprema,101,9.511755022395004e-05
2084,afortunada,101,9.511755022395004e-05
2085,entenderlo,101,9.511755022395004e-05
2086,dejé,101,9.511755022395004e-05
2087,dolor,101,9.511755022395004e-05
2088,montaña,101,9.511755022395004e-05
2089,cuarentena,101,9.511755022395004e-05
2090,aislado,101,9.511755022395004e-05
2091,conocieron,101,9.511755022395004e-05
2092,percep,100,9.417579230094063e-05
2093,##lán,100,9.417579230094063e-05
2094,mira,100,9.417579230094063e-05
2095,hago,100,9.417579230094063e-05
2096,visual,100,9.417579230094063e-05
2097,suplic,100,9.417579230094063e-05
2098,aniqui,100,9.417579230094063e-05
2099,##lados,100,9.417579230094063e-05
2100,men,100,9.417579230094063e-05
2101,menciona,100,9.417579230094063e-05
2102,historie,100,9.417579230094063e-05
2103,Tuvo,100,9.417579230094063e-05
2104,negra,100,9.417579230094063e-05
2105,asquer,100,9.417579230094063e-05
2106,encontraron,100,9.417579230094063e-05
2107,##lantes,99,9.323403437793122e-05
2108,triunfo,99,9.323403437793122e-05
2109,guerra,99,9.323403437793122e-05
2110,falla,99,9.323403437793122e-05
2111,##manes,99,9.323403437793122e-05
2112,interior,99,9.323403437793122e-05
2113,##orth,99,9.323403437793122e-05
2114,dieciocho,99,9.323403437793122e-05
2115,pul,99,9.323403437793122e-05
2116,##tud,99,9.323403437793122e-05
2117,##presa,99,9.323403437793122e-05
2118,tomamos,99,9.323403437793122e-05
2119,bac,99,9.323403437793122e-05
2120,##ge,99,9.323403437793122e-05
2121,destruc,99,9.323403437793122e-05
2122,##tor,99,9.323403437793122e-05
2123,##zado,99,9.323403437793122e-05
2124,pantalla,99,9.323403437793122e-05
2125,llevada,99,9.323403437793122e-05
2126,humill,99,9.323403437793122e-05
2127,aplas,98,9.229227645492181e-05
2128,recuerde,98,9.229227645492181e-05
2129,risas,98,9.229227645492181e-05
2130,hambri,98,9.229227645492181e-05
2131,##entamente,98,9.229227645492181e-05
2132,Guadalupe,98,9.229227645492181e-05
2133,dem,98,9.229227645492181e-05
2134,##ac,98,9.229227645492181e-05
2135,biblioteca,98,9.229227645492181e-05
2136,aceler,98,9.229227645492181e-05
2137,vinieron,98,9.229227645492181e-05
2138,franco,98,9.229227645492181e-05
2139,azul,98,9.229227645492181e-05
2140,##real,98,9.229227645492181e-05
2141,araña,98,9.229227645492181e-05
2142,levanta,98,9.229227645492181e-05
2143,paciencia,97,9.13505185319124e-05
2144,compromiso,97,9.13505185319124e-05
2145,descubierto,97,9.13505185319124e-05
2146,pide,97,9.13505185319124e-05
2147,implement,97,9.13505185319124e-05
2148,lleva,97,9.13505185319124e-05
2149,estatuas,97,9.13505185319124e-05
2150,alum,97,9.13505185319124e-05
2151,existido,97,9.13505185319124e-05
2152,metí,97,9.13505185319124e-05
2153,amenazado,97,9.13505185319124e-05
2154,##oody,97,9.13505185319124e-05
2155,tatu,97,9.13505185319124e-05
2156,##aría,97,9.13505185319124e-05
2157,rodean,97,9.13505185319124e-05
2158,dil,97,9.13505185319124e-05
2159,##uci,97,9.13505185319124e-05
2160,luces,97,9.13505185319124e-05
2161,mejoras,97,9.13505185319124e-05
2162,corbata,97,9.13505185319124e-05
2163,mandado,97,9.13505185319124e-05
2164,preocupa,97,9.13505185319124e-05
2165,estás,96,9.0408760608903e-05
2166,tendríamos,96,9.0408760608903e-05
2167,Rebecca,96,9.0408760608903e-05
2168,sobrevi,96,9.0408760608903e-05
2169,ángulos,96,9.0408760608903e-05
2170,dedicadas,96,9.0408760608903e-05
2171,relaj,96,9.0408760608903e-05
2172,Sentí,96,9.0408760608903e-05
2173,casti,96,9.0408760608903e-05
2174,##lli,96,9.0408760608903e-05
2175,reflex,96,9.0408760608903e-05
2176,##ivos,96,9.0408760608903e-05
2177,escapar,96,9.0408760608903e-05
2178,sentimientos,96,9.0408760608903e-05
2179,espectro,96,9.0408760608903e-05
2180,sobresal,96,9.0408760608903e-05
2181,##tada,96,9.0408760608903e-05
2182,cocina,96,9.0408760608903e-05
2183,llor,96,9.0408760608903e-05
2184,primeras,96,9.0408760608903e-05
2185,##zadas,96,9.0408760608903e-05
2186,feo,96,9.0408760608903e-05
2187,sín,96,9.0408760608903e-05
2188,##pe,96,9.0408760608903e-05
2189,recupera,96,9.0408760608903e-05
2190,conclusión,96,9.0408760608903e-05
2191,bajar,96,9.0408760608903e-05
2192,invitar,96,9.0408760608903e-05
2193,preocupación,96,9.0408760608903e-05
2194,proceso,95,8.94670026858936e-05
2195,seis,95,8.94670026858936e-05
2196,fér,95,8.94670026858936e-05
2197,##et,95,8.94670026858936e-05
2198,ilusión,95,8.94670026858936e-05
2199,##uti,95,8.94670026858936e-05
2200,rama,95,8.94670026858936e-05
2201,rápidamente,95,8.94670026858936e-05
2202,representar,95,8.94670026858936e-05
2203,##menta,95,8.94670026858936e-05
2204,profundidades,95,8.94670026858936e-05
2205,sustituir,95,8.94670026858936e-05
2206,pesa,95,8.94670026858936e-05
2207,1960,95,8.94670026858936e-05
2208,honra,95,8.94670026858936e-05
2209,Agarra,95,8.94670026858936e-05
2210,##ali,95,8.94670026858936e-05
2211,Preo,95,8.94670026858936e-05
2212,##cup,95,8.94670026858936e-05
2213,reconoci,95,8.94670026858936e-05
2214,soledad,95,8.94670026858936e-05
2215,intentado,95,8.94670026858936e-05
2216,descansar,95,8.94670026858936e-05
2217,trabajaba,95,8.94670026858936e-05
2218,muriera,95,8.94670026858936e-05
2219,encargó,95,8.94670026858936e-05
2220,demostrar,94,8.852524476288419e-05
2221,equivoca,94,8.852524476288419e-05
2222,dev,94,8.852524476288419e-05
2223,##alu,94,8.852524476288419e-05
2224,verbo,94,8.852524476288419e-05
2225,desprecio,94,8.852524476288419e-05
2226,escritos,94,8.852524476288419e-05
2227,característica,94,8.852524476288419e-05
2228,moral,94,8.852524476288419e-05
2229,obligaciones,94,8.852524476288419e-05
2230,impedido,94,8.852524476288419e-05
2231,Ar,94,8.852524476288419e-05
2232,##ran,94,8.852524476288419e-05
2233,##quemos,94,8.852524476288419e-05
2234,Apocalipsis,94,8.852524476288419e-05
2235,filosó,94,8.852524476288419e-05
2236,##fica,94,8.852524476288419e-05
2237,Quizás,94,8.852524476288419e-05
2238,sentados,94,8.852524476288419e-05
2239,servi,94,8.852524476288419e-05
2240,##dumbre,94,8.852524476288419e-05
2241,histórico,94,8.852524476288419e-05
2242,gustó,94,8.852524476288419e-05
2243,##brado,94,8.852524476288419e-05
2244,complic,94,8.852524476288419e-05
2245,##aran,94,8.852524476288419e-05
2246,sombrero,94,8.852524476288419e-05
2247,intención,94,8.852524476288419e-05
2248,suficiente,93,8.758348683987479e-05
2249,despleg,93,8.758348683987479e-05
2250,depu,93,8.758348683987479e-05
2251,Pase,93,8.758348683987479e-05
2252,seriamente,93,8.758348683987479e-05
2253,Beet,93,8.758348683987479e-05
2254,##hoven,93,8.758348683987479e-05
2255,entres,93,8.758348683987479e-05
2256,##uelo,93,8.758348683987479e-05
2257,Estan,93,8.758348683987479e-05
2258,deshacerse,93,8.758348683987479e-05
2259,adaptación,93,8.758348683987479e-05
2260,señor,93,8.758348683987479e-05
2261,infl,93,8.758348683987479e-05
2262,##apón,93,8.758348683987479e-05
2263,sumado,93,8.758348683987479e-05
2264,inclin,93,8.758348683987479e-05
2265,Perdón,93,8.758348683987479e-05
2266,provocan,93,8.758348683987479e-05
2267,insignificante,93,8.758348683987479e-05
2268,duro,93,8.758348683987479e-05
2269,Ta,93,8.758348683987479e-05
2270,sana,93,8.758348683987479e-05
2271,##dados,93,8.758348683987479e-05
2272,##gol,93,8.758348683987479e-05
2273,##lado,93,8.758348683987479e-05
2274,Len,93,8.758348683987479e-05
2275,##tamente,93,8.758348683987479e-05
2276,Afuera,93,8.758348683987479e-05
2277,veneno,93,8.758348683987479e-05
2278,interesada,93,8.758348683987479e-05
2279,complicado,93,8.758348683987479e-05
2280,supuestamente,93,8.758348683987479e-05
2281,##anás,93,8.758348683987479e-05
2282,cansan,93,8.758348683987479e-05
2283,##cio,93,8.758348683987479e-05
2284,invitada,93,8.758348683987479e-05
2285,delante,93,8.758348683987479e-05
2286,rodeada,93,8.758348683987479e-05
2287,interac,93,8.758348683987479e-05
2288,##tuar,93,8.758348683987479e-05
2289,##quia,93,8.758348683987479e-05
2290,aprobado,93,8.758348683987479e-05
2291,conoció,93,8.758348683987479e-05
2292,##fia,93,8.758348683987479e-05
2293,escondi,93,8.758348683987479e-05
2294,cinematográfica,92,8.664172891686538e-05
2295,tiro,92,8.664172891686538e-05
2296,conveniente,92,8.664172891686538e-05
2297,##ti,92,8.664172891686538e-05
2298,##quin,92,8.664172891686538e-05
2299,verdadero,92,8.664172891686538e-05
2300,##gada,92,8.664172891686538e-05
2301,plástico,92,8.664172891686538e-05
2302,encer,92,8.664172891686538e-05
2303,##ramos,92,8.664172891686538e-05
2304,Suél,92,8.664172891686538e-05
2305,##tenme,92,8.664172891686538e-05
2306,infectados,92,8.664172891686538e-05
2307,puñ,92,8.664172891686538e-05
2308,##al,92,8.664172891686538e-05
2309,llamaban,92,8.664172891686538e-05
2310,Hablar,92,8.664172891686538e-05
2311,##udí,92,8.664172891686538e-05
2312,diciendo,92,8.664172891686538e-05
2313,despedida,92,8.664172891686538e-05
2314,crecer,92,8.664172891686538e-05
2315,paradero,92,8.664172891686538e-05
2316,promete,92,8.664172891686538e-05
2317,inconsciente,92,8.664172891686538e-05
2318,siguiera,91,8.569997099385597e-05
2319,transición,91,8.569997099385597e-05
2320,anulación,91,8.569997099385597e-05
2321,impi,91,8.569997099385597e-05
2322,ano,91,8.569997099385597e-05
2323,##tadores,91,8.569997099385597e-05
2324,comprobar,91,8.569997099385597e-05
2325,único,91,8.569997099385597e-05
2326,escena,91,8.569997099385597e-05
2327,contemporánea,91,8.569997099385597e-05
2328,##en,91,8.569997099385597e-05
2329,brillante,91,8.569997099385597e-05
2330,comput,91,8.569997099385597e-05
2331,##acionales,91,8.569997099385597e-05
2332,oficios,91,8.569997099385597e-05
2333,practica,91,8.569997099385597e-05
2334,cal,91,8.569997099385597e-05
2335,##dera,91,8.569997099385597e-05
2336,controlar,91,8.569997099385597e-05
2337,##versi,91,8.569997099385597e-05
2338,fan,91,8.569997099385597e-05
2339,##ático,91,8.569997099385597e-05
2340,sem,91,8.569997099385597e-05
2341,##tica,91,8.569997099385597e-05
2342,aceptarlo,91,8.569997099385597e-05
2343,ingeniero,91,8.569997099385597e-05
2344,montar,91,8.569997099385597e-05
2345,registrar,91,8.569997099385597e-05
2346,traspas,91,8.569997099385597e-05
2347,pel,91,8.569997099385597e-05
2348,presión,91,8.569997099385597e-05
2349,junta,91,8.569997099385597e-05
2350,##blar,91,8.569997099385597e-05
2351,diplomática,91,8.569997099385597e-05
2352,mascotas,91,8.569997099385597e-05
2353,agujero,91,8.569997099385597e-05
2354,##quesa,91,8.569997099385597e-05
2355,Aden,91,8.569997099385597e-05
2356,##tro,91,8.569997099385597e-05
2357,arrepi,91,8.569997099385597e-05
2358,##ente,91,8.569997099385597e-05
2359,aust,91,8.569997099385597e-05
2360,rue,90,8.475821307084656e-05
2361,confec,90,8.475821307084656e-05
2362,suspen,90,8.475821307084656e-05
2363,tocó,90,8.475821307084656e-05
2364,Carmen,90,8.475821307084656e-05
2365,inverna,90,8.475821307084656e-05
2366,Christian,90,8.475821307084656e-05
2367,Dinamarca,90,8.475821307084656e-05
2368,supervivencia,90,8.475821307084656e-05
2369,relevante,90,8.475821307084656e-05
2370,enormes,90,8.475821307084656e-05
2371,absoluto,90,8.475821307084656e-05
2372,deshacer,90,8.475821307084656e-05
2373,##rida,90,8.475821307084656e-05
2374,tormenta,90,8.475821307084656e-05
2375,intento,90,8.475821307084656e-05
2376,cuidado,90,8.475821307084656e-05
2377,sacó,90,8.475821307084656e-05
2378,sun,90,8.475821307084656e-05
2379,##tuosa,90,8.475821307084656e-05
2380,circul,90,8.475821307084656e-05
2381,examinaron,90,8.475821307084656e-05
2382,fea,90,8.475821307084656e-05
2383,##ld,90,8.475821307084656e-05
2384,##ade,90,8.475821307084656e-05
2385,sini,90,8.475821307084656e-05
2386,destruir,90,8.475821307084656e-05
2387,envuelto,90,8.475821307084656e-05
2388,traficantes,90,8.475821307084656e-05
2389,edificio,90,8.475821307084656e-05
2390,total,90,8.475821307084656e-05
2391,comprueba,90,8.475821307084656e-05
2392,##ló,89,8.381645514783716e-05
2393,ingen,89,8.381645514783716e-05
2394,##uidad,89,8.381645514783716e-05
2395,ocurre,89,8.381645514783716e-05
2396,Solo,89,8.381645514783716e-05
2397,máximas,89,8.381645514783716e-05
2398,Afortunadamente,89,8.381645514783716e-05
2399,respuesta,89,8.381645514783716e-05
2400,docencia,89,8.381645514783716e-05
2401,promocionar,89,8.381645514783716e-05
2402,flores,89,8.381645514783716e-05
2403,enfermedad,89,8.381645514783716e-05
2404,novedades,89,8.381645514783716e-05
2405,cubierto,89,8.381645514783716e-05
2406,consumi,89,8.381645514783716e-05
2407,rev,89,8.381645514783716e-05
2408,##entada,89,8.381645514783716e-05
2409,acor,89,8.381645514783716e-05
2410,##ral,89,8.381645514783716e-05
2411,á,89,8.381645514783716e-05
2412,##gil,89,8.381645514783716e-05
2413,Lou,89,8.381645514783716e-05
2414,##des,89,8.381645514783716e-05
2415,descon,89,8.381645514783716e-05
2416,##trol,89,8.381645514783716e-05
2417,saludar,89,8.381645514783716e-05
2418,borde,89,8.381645514783716e-05
2419,avanzar,89,8.381645514783716e-05
2420,disfru,89,8.381645514783716e-05
2421,compa,89,8.381645514783716e-05
2422,##cto,89,8.381645514783716e-05
2423,tinieblas,89,8.381645514783716e-05
2424,respon,89,8.381645514783716e-05
2425,continua,89,8.381645514783716e-05
2426,adora,89,8.381645514783716e-05
2427,##énico,89,8.381645514783716e-05
2428,blanque,89,8.381645514783716e-05
2429,comporta,88,8.287469722482775e-05
2430,-,88,8.287469722482775e-05
2431,Abri,88,8.287469722482775e-05
2432,##gate,88,8.287469722482775e-05
2433,irrump,88,8.287469722482775e-05
2434,acer,88,8.287469722482775e-05
2435,parecidos,88,8.287469722482775e-05
2436,recomiendo,88,8.287469722482775e-05
2437,movimiento,88,8.287469722482775e-05
2438,muertas,88,8.287469722482775e-05
2439,salvo,88,8.287469722482775e-05
2440,Volvamos,88,8.287469722482775e-05
2441,apoyado,88,8.287469722482775e-05
2442,desesper,88,8.287469722482775e-05
2443,##anza,88,8.287469722482775e-05
2444,##dieron,88,8.287469722482775e-05
2445,contenta,88,8.287469722482775e-05
2446,entendía,88,8.287469722482775e-05
2447,pinta,88,8.287469722482775e-05
2448,parecer,88,8.287469722482775e-05
2449,desc,88,8.287469722482775e-05
2450,##rió,88,8.287469722482775e-05
2451,culpa,88,8.287469722482775e-05
2452,inventar,88,8.287469722482775e-05
2453,diplomático,88,8.287469722482775e-05
2454,remedio,88,8.287469722482775e-05
2455,anda,88,8.287469722482775e-05
2456,organizar,88,8.287469722482775e-05
2457,entienden,88,8.287469722482775e-05
2458,funcionarios,88,8.287469722482775e-05
2459,retener,87,8.193293930181835e-05
2460,disu,87,8.193293930181835e-05
2461,##el,87,8.193293930181835e-05
2462,geomé,87,8.193293930181835e-05
2463,##trica,87,8.193293930181835e-05
2464,pleg,87,8.193293930181835e-05
2465,porte,87,8.193293930181835e-05
2466,crítica,87,8.193293930181835e-05
2467,surgimiento,87,8.193293930181835e-05
2468,atrapada,87,8.193293930181835e-05
2469,ani,87,8.193293930181835e-05
2470,historias,87,8.193293930181835e-05
2471,fantasmas,87,8.193293930181835e-05
2472,Fui,87,8.193293930181835e-05
2473,Dos,87,8.193293930181835e-05
2474,tel,87,8.193293930181835e-05
2475,##por,87,8.193293930181835e-05
2476,necesitamos,87,8.193293930181835e-05
2477,continuo,87,8.193293930181835e-05
2478,cura,87,8.193293930181835e-05
2479,##deras,87,8.193293930181835e-05
2480,repetición,87,8.193293930181835e-05
2481,infiel,87,8.193293930181835e-05
2482,imaginaba,87,8.193293930181835e-05
2483,##leo,87,8.193293930181835e-05
2484,sucio,87,8.193293930181835e-05
2485,chi,87,8.193293930181835e-05
2486,##ria,87,8.193293930181835e-05
2487,manta,87,8.193293930181835e-05
2488,retor,87,8.193293930181835e-05
2489,ocupaba,87,8.193293930181835e-05
2490,cristales,87,8.193293930181835e-05
2491,espantoso,87,8.193293930181835e-05
2492,velo,87,8.193293930181835e-05
2493,##paron,87,8.193293930181835e-05
2494,convencer,87,8.193293930181835e-05
2495,mentir,87,8.193293930181835e-05
2496,haciéndose,87,8.193293930181835e-05
2497,entiende,87,8.193293930181835e-05
2498,pregunto,86,8.099118137880894e-05
2499,ejemp,86,8.099118137880894e-05
2500,##ficar,86,8.099118137880894e-05
2501,despa,86,8.099118137880894e-05
2502,autores,86,8.099118137880894e-05
2503,existen,86,8.099118137880894e-05
2504,##he,86,8.099118137880894e-05
2505,procura,86,8.099118137880894e-05
2506,supo,86,8.099118137880894e-05
2507,tus,86,8.099118137880894e-05
2508,chu,86,8.099118137880894e-05
2509,##pá,86,8.099118137880894e-05
2510,##dole,86,8.099118137880894e-05
2511,##cción,86,8.099118137880894e-05
2512,secundario,86,8.099118137880894e-05
2513,guardia,86,8.099118137880894e-05
2514,nocturno,86,8.099118137880894e-05
2515,Estados,86,8.099118137880894e-05
2516,ponernos,86,8.099118137880894e-05
2517,básicamente,86,8.099118137880894e-05
2518,planeta,86,8.099118137880894e-05
2519,deseaba,86,8.099118137880894e-05
2520,bar,86,8.099118137880894e-05
2521,cambios,86,8.099118137880894e-05
2522,operación,86,8.099118137880894e-05
2523,respectivas,86,8.099118137880894e-05
2524,dicho,86,8.099118137880894e-05
2525,televisor,86,8.099118137880894e-05
2526,banda,85,8.004942345579954e-05
2527,##avier,85,8.004942345579954e-05
2528,monto,85,8.004942345579954e-05
2529,regular,85,8.004942345579954e-05
2530,gas,85,8.004942345579954e-05
2531,ordenó,85,8.004942345579954e-05
2532,baja,85,8.004942345579954e-05
2533,violencia,85,8.004942345579954e-05
2534,cafetería,85,8.004942345579954e-05
2535,haberlo,85,8.004942345579954e-05
2536,pit,85,8.004942345579954e-05
2537,pesadillas,85,8.004942345579954e-05
2538,jamás,85,8.004942345579954e-05
2539,calcula,85,8.004942345579954e-05
2540,Nes,85,8.004942345579954e-05
2541,##qui,85,8.004942345579954e-05
2542,baño,85,8.004942345579954e-05
2543,##ns,85,8.004942345579954e-05
2544,provisiones,85,8.004942345579954e-05
2545,desp,85,8.004942345579954e-05
2546,quema,85,8.004942345579954e-05
2547,##mé,85,8.004942345579954e-05
2548,fran,85,8.004942345579954e-05
2549,##quez,85,8.004942345579954e-05
2550,lleguemos,85,8.004942345579954e-05
2551,Estaban,85,8.004942345579954e-05
2552,preguntaba,85,8.004942345579954e-05
2553,ruedas,85,8.004942345579954e-05
2554,próximo,85,8.004942345579954e-05
2555,escondidas,85,8.004942345579954e-05
2556,baila,85,8.004942345579954e-05
2557,##jos,85,8.004942345579954e-05
2558,manteniendo,85,8.004942345579954e-05
2559,primas,85,8.004942345579954e-05
2560,expresión,85,8.004942345579954e-05
2561,pondría,84,7.910766553279013e-05
2562,existencia,84,7.910766553279013e-05
2563,Invi,84,7.910766553279013e-05
2564,##erno,84,7.910766553279013e-05
2565,##bri,84,7.910766553279013e-05
2566,##garme,84,7.910766553279013e-05
2567,manifestar,84,7.910766553279013e-05
2568,permitía,84,7.910766553279013e-05
2569,artículos,84,7.910766553279013e-05
2570,gigantes,84,7.910766553279013e-05
2571,parecen,84,7.910766553279013e-05
2572,indispensables,84,7.910766553279013e-05
2573,torpe,84,7.910766553279013e-05
2574,controla,84,7.910766553279013e-05
2575,lógica,84,7.910766553279013e-05
2576,relación,84,7.910766553279013e-05
2577,refiero,84,7.910766553279013e-05
2578,experiencias,84,7.910766553279013e-05
2579,Llevaba,84,7.910766553279013e-05
2580,##rado,84,7.910766553279013e-05
2581,Guerra,84,7.910766553279013e-05
2582,encanta,84,7.910766553279013e-05
2583,satélite,84,7.910766553279013e-05
2584,separa,84,7.910766553279013e-05
2585,damos,84,7.910766553279013e-05
2586,terapeuta,84,7.910766553279013e-05
2587,obsesión,84,7.910766553279013e-05
2588,Señora,84,7.910766553279013e-05
2589,sonar,84,7.910766553279013e-05
2590,vagab,84,7.910766553279013e-05
2591,exager,84,7.910766553279013e-05
2592,furioso,84,7.910766553279013e-05
2593,##ire,84,7.910766553279013e-05
2594,simpatía,84,7.910766553279013e-05
2595,interés,84,7.910766553279013e-05
2596,estimul,84,7.910766553279013e-05
2597,gustos,84,7.910766553279013e-05
2598,poster,84,7.910766553279013e-05
2599,señaló,84,7.910766553279013e-05
2600,volvería,84,7.910766553279013e-05
2601,Comp,84,7.910766553279013e-05
2602,acumulado,84,7.910766553279013e-05
2603,ocupar,84,7.910766553279013e-05
2604,##cie,84,7.910766553279013e-05
2605,##ciden,84,7.910766553279013e-05
2606,feliz,83,7.816590760978072e-05
2607,verlo,83,7.816590760978072e-05
2608,pasajero,83,7.816590760978072e-05
2609,historiadores,83,7.816590760978072e-05
2610,asocia,83,7.816590760978072e-05
2611,mon,83,7.816590760978072e-05
2612,##izada,83,7.816590760978072e-05
2613,sig,83,7.816590760978072e-05
2614,##ilos,83,7.816590760978072e-05
2615,oficina,83,7.816590760978072e-05
2616,sargento,83,7.816590760978072e-05
2617,cañ,83,7.816590760978072e-05
2618,filo,83,7.816590760978072e-05
2619,##ña,83,7.816590760978072e-05
2620,arbitraria,83,7.816590760978072e-05
2621,domingos,83,7.816590760978072e-05
2622,repos,83,7.816590760978072e-05
2623,##eras,83,7.816590760978072e-05
2624,obses,83,7.816590760978072e-05
2625,##ion,83,7.816590760978072e-05
2626,juntos,83,7.816590760978072e-05
2627,convencida,83,7.816590760978072e-05
2628,recibiendo,83,7.816590760978072e-05
2629,Tr,83,7.816590760978072e-05
2630,rebo,83,7.816590760978072e-05
2631,aterrador,83,7.816590760978072e-05
2632,rincón,83,7.816590760978072e-05
2633,víctimas,83,7.816590760978072e-05
2634,##bl,83,7.816590760978072e-05
2635,provoca,83,7.816590760978072e-05
2636,sa,83,7.816590760978072e-05
2637,##dismo,83,7.816590760978072e-05
2638,intui,83,7.816590760978072e-05
2639,permanencia,83,7.816590760978072e-05
2640,sostener,83,7.816590760978072e-05
2641,Volvió,83,7.816590760978072e-05
2642,il,83,7.816590760978072e-05
2643,##usi,83,7.816590760978072e-05
2644,Llega,83,7.816590760978072e-05
2645,bis,83,7.816590760978072e-05
2646,##ag,83,7.816590760978072e-05
2647,anim,82,7.722414968677131e-05
2648,haría,82,7.722414968677131e-05
2649,melodía,82,7.722414968677131e-05
2650,rot,82,7.722414968677131e-05
2651,##undamente,82,7.722414968677131e-05
2652,trágico,82,7.722414968677131e-05
2653,compañeros,82,7.722414968677131e-05
2654,contienda,82,7.722414968677131e-05
2655,depende,82,7.722414968677131e-05
2656,estrecho,82,7.722414968677131e-05
2657,conocemos,82,7.722414968677131e-05
2658,sentirse,82,7.722414968677131e-05
2659,márgenes,82,7.722414968677131e-05
2660,##jamos,82,7.722414968677131e-05
2661,##toria,82,7.722414968677131e-05
2662,tema,82,7.722414968677131e-05
2663,preocupado,82,7.722414968677131e-05
2664,apun,82,7.722414968677131e-05
2665,dinam,82,7.722414968677131e-05
2666,##itar,82,7.722414968677131e-05
2667,automáticamente,82,7.722414968677131e-05
2668,os,82,7.722414968677131e-05
2669,##adía,82,7.722414968677131e-05
2670,vali,82,7.722414968677131e-05
2671,lograron,82,7.722414968677131e-05
2672,demol,82,7.722414968677131e-05
2673,##edor,82,7.722414968677131e-05
2674,animar,82,7.722414968677131e-05
2675,recuperó,82,7.722414968677131e-05
2676,vea,82,7.722414968677131e-05
2677,progresivamente,82,7.722414968677131e-05
2678,Hay,82,7.722414968677131e-05
2679,asi,82,7.722414968677131e-05
2680,reunió,82,7.722414968677131e-05
2681,puntual,82,7.722414968677131e-05
2682,traficante,82,7.722414968677131e-05
2683,trataron,82,7.722414968677131e-05
2684,danza,82,7.722414968677131e-05
2685,cristal,82,7.722414968677131e-05
2686,Retroce,82,7.722414968677131e-05
2687,deprimi,82,7.722414968677131e-05
2688,internet,82,7.722414968677131e-05
2689,mencionan,82,7.722414968677131e-05
2690,hacerle,81,7.62823917637619e-05
2691,avisar,81,7.62823917637619e-05
2692,ceremonia,81,7.62823917637619e-05
2693,suspendido,81,7.62823917637619e-05
2694,med,81,7.62823917637619e-05
2695,tantos,81,7.62823917637619e-05
2696,quedan,81,7.62823917637619e-05
2697,nuevos,81,7.62823917637619e-05
2698,regal,81,7.62823917637619e-05
2699,inquiet,81,7.62823917637619e-05
2700,dependencia,81,7.62823917637619e-05
2701,dispositivos,81,7.62823917637619e-05
2702,británica,81,7.62823917637619e-05
2703,opresión,81,7.62823917637619e-05
2704,llevado,81,7.62823917637619e-05
2705,remota,81,7.62823917637619e-05
2706,percepción,81,7.62823917637619e-05
2707,adquirir,81,7.62823917637619e-05
2708,alar,81,7.62823917637619e-05
2709,vómi,81,7.62823917637619e-05
2710,orient,81,7.62823917637619e-05
2711,increíbles,81,7.62823917637619e-05
2712,man,81,7.62823917637619e-05
2713,Necesitamos,81,7.62823917637619e-05
2714,contamos,81,7.62823917637619e-05
2715,oportunidades,81,7.62823917637619e-05
2716,semejante,81,7.62823917637619e-05
2717,trom,81,7.62823917637619e-05
2718,##pada,81,7.62823917637619e-05
2719,abrieron,81,7.62823917637619e-05
2720,campanas,81,7.62823917637619e-05
2721,agotado,81,7.62823917637619e-05
2722,llenar,81,7.62823917637619e-05
2723,sá,81,7.62823917637619e-05
2724,##quen,81,7.62823917637619e-05
2725,ejemplares,81,7.62823917637619e-05
2726,abandonado,81,7.62823917637619e-05
2727,memor,81,7.62823917637619e-05
2728,##izar,81,7.62823917637619e-05
2729,obra,81,7.62823917637619e-05
2730,realizaba,81,7.62823917637619e-05
2731,dobla,81,7.62823917637619e-05
2732,perfección,80,7.53406338407525e-05
2733,ayudarlo,80,7.53406338407525e-05
2734,escaleras,80,7.53406338407525e-05
2735,experiment,80,7.53406338407525e-05
2736,ros,80,7.53406338407525e-05
2737,derrotados,80,7.53406338407525e-05
2738,comienza,80,7.53406338407525e-05
2739,gros,80,7.53406338407525e-05
2740,trasladar,80,7.53406338407525e-05
2741,consciente,80,7.53406338407525e-05
2742,creemos,80,7.53406338407525e-05
2743,intentaré,80,7.53406338407525e-05
2744,columnas,80,7.53406338407525e-05
2745,cercanos,80,7.53406338407525e-05
2746,odiaba,80,7.53406338407525e-05
2747,Mor,80,7.53406338407525e-05
2748,arbustos,80,7.53406338407525e-05
2749,Divi,80,7.53406338407525e-05
2750,describir,80,7.53406338407525e-05
2751,adolescentes,80,7.53406338407525e-05
2752,##ieron,80,7.53406338407525e-05
2753,aceptó,80,7.53406338407525e-05
2754,##arme,80,7.53406338407525e-05
2755,Bilbao,80,7.53406338407525e-05
2756,rueda,80,7.53406338407525e-05
2757,desastre,80,7.53406338407525e-05
2758,relajarse,80,7.53406338407525e-05
2759,sirvientes,80,7.53406338407525e-05
2760,alta,80,7.53406338407525e-05
2761,impresión,80,7.53406338407525e-05
2762,##esti,80,7.53406338407525e-05
2763,##rs,80,7.53406338407525e-05
2764,Ola,80,7.53406338407525e-05
2765,##var,80,7.53406338407525e-05
2766,mentiras,80,7.53406338407525e-05
2767,qui,80,7.53406338407525e-05
2768,##bos,80,7.53406338407525e-05
2769,Deja,80,7.53406338407525e-05
2770,salta,80,7.53406338407525e-05
2771,limos,80,7.53406338407525e-05
2772,policías,80,7.53406338407525e-05
2773,adelantado,80,7.53406338407525e-05
2774,pierden,80,7.53406338407525e-05
2775,ojo,79,7.43988759177431e-05
2776,técnica,79,7.43988759177431e-05
2777,diver,79,7.43988759177431e-05
2778,viaja,79,7.43988759177431e-05
2779,sabían,79,7.43988759177431e-05
2780,aventura,79,7.43988759177431e-05
2781,imponen,79,7.43988759177431e-05
2782,intenciones,79,7.43988759177431e-05
2783,principal,79,7.43988759177431e-05
2784,elo,79,7.43988759177431e-05
2785,##cu,79,7.43988759177431e-05
2786,##encia,79,7.43988759177431e-05
2787,momentos,79,7.43988759177431e-05
2788,estará,79,7.43988759177431e-05
2789,conquista,79,7.43988759177431e-05
2790,##jeras,79,7.43988759177431e-05
2791,posee,79,7.43988759177431e-05
2792,##dor,79,7.43988759177431e-05
2793,registros,79,7.43988759177431e-05
2794,independiente,79,7.43988759177431e-05
2795,aparezca,79,7.43988759177431e-05
2796,muestra,79,7.43988759177431e-05
2797,arrastr,79,7.43988759177431e-05
2798,tocaba,79,7.43988759177431e-05
2799,gem,79,7.43988759177431e-05
2800,redon,79,7.43988759177431e-05
2801,precisa,79,7.43988759177431e-05
2802,traía,79,7.43988759177431e-05
2803,atracción,79,7.43988759177431e-05
2804,##unto,79,7.43988759177431e-05
2805,dig,79,7.43988759177431e-05
2806,##estión,79,7.43988759177431e-05
2807,sintiendo,79,7.43988759177431e-05
2808,éramos,79,7.43988759177431e-05
2809,materna,79,7.43988759177431e-05
2810,duda,79,7.43988759177431e-05
2811,fol,79,7.43988759177431e-05
2812,##laje,79,7.43988759177431e-05
2813,lámparas,79,7.43988759177431e-05
2814,aba,79,7.43988759177431e-05
2815,##lan,79,7.43988759177431e-05
2816,dominar,79,7.43988759177431e-05
2817,celebración,79,7.43988759177431e-05
2818,esper,79,7.43988759177431e-05
2819,captar,79,7.43988759177431e-05
2820,justificar,79,7.43988759177431e-05
2821,Uruguay,79,7.43988759177431e-05
2822,urgentes,79,7.43988759177431e-05
2823,espaci,79,7.43988759177431e-05
2824,acepta,79,7.43988759177431e-05
2825,velada,79,7.43988759177431e-05
2826,Parece,79,7.43988759177431e-05
2827,trajes,79,7.43988759177431e-05
2828,perder,79,7.43988759177431e-05
2829,##ería,79,7.43988759177431e-05
2830,##pado,79,7.43988759177431e-05
2831,casada,78,7.345711799473369e-05
2832,convenció,78,7.345711799473369e-05
2833,cuer,78,7.345711799473369e-05
2834,##vos,78,7.345711799473369e-05
2835,contaban,78,7.345711799473369e-05
2836,antigua,78,7.345711799473369e-05
2837,supi,78,7.345711799473369e-05
2838,simplemente,78,7.345711799473369e-05
2839,comparar,78,7.345711799473369e-05
2840,político,78,7.345711799473369e-05
2841,presentes,78,7.345711799473369e-05
2842,aventuras,78,7.345711799473369e-05
2843,visibles,78,7.345711799473369e-05
2844,asegurar,78,7.345711799473369e-05
2845,adolescencia,78,7.345711799473369e-05
2846,confirmar,78,7.345711799473369e-05
2847,buce,78,7.345711799473369e-05
2848,palacio,78,7.345711799473369e-05
2849,cont,78,7.345711799473369e-05
2850,##u,78,7.345711799473369e-05
2851,##ecía,78,7.345711799473369e-05
2852,energía,78,7.345711799473369e-05
2853,estudiantil,78,7.345711799473369e-05
2854,##hin,78,7.345711799473369e-05
2855,Agar,78,7.345711799473369e-05
2856,##ré,78,7.345711799473369e-05
2857,resbal,78,7.345711799473369e-05
2858,mir,78,7.345711799473369e-05
2859,##ándonos,78,7.345711799473369e-05
2860,maravillas,78,7.345711799473369e-05
2861,mes,78,7.345711799473369e-05
2862,depri,78,7.345711799473369e-05
2863,sabor,78,7.345711799473369e-05
2864,##ear,78,7.345711799473369e-05
2865,tos,78,7.345711799473369e-05
2866,##tadas,78,7.345711799473369e-05
2867,absoluta,78,7.345711799473369e-05
2868,esperanza,78,7.345711799473369e-05
2869,##puso,78,7.345711799473369e-05
2870,pens,78,7.345711799473369e-05
2871,##ati,78,7.345711799473369e-05
2872,jue,78,7.345711799473369e-05
2873,viuda,78,7.345711799473369e-05
2874,urgencia,78,7.345711799473369e-05
2875,salen,78,7.345711799473369e-05
2876,molesta,78,7.345711799473369e-05
2877,pensaron,78,7.345711799473369e-05
2878,suicidarse,78,7.345711799473369e-05
2879,acabar,78,7.345711799473369e-05
2880,agradecido,77,7.251536007172429e-05
2881,insin,77,7.251536007172429e-05
2882,##úa,77,7.251536007172429e-05
2883,##ñ,77,7.251536007172429e-05
2884,##irme,77,7.251536007172429e-05
2885,gara,77,7.251536007172429e-05
2886,##bato,77,7.251536007172429e-05
2887,imágenes,77,7.251536007172429e-05
2888,seas,77,7.251536007172429e-05
2889,Universidad,77,7.251536007172429e-05
2890,Nos,77,7.251536007172429e-05
2891,definir,77,7.251536007172429e-05
2892,encarga,77,7.251536007172429e-05
2893,sumer,77,7.251536007172429e-05
2894,##gir,77,7.251536007172429e-05
2895,observar,77,7.251536007172429e-05
2896,marea,77,7.251536007172429e-05
2897,bola,77,7.251536007172429e-05
2898,vaci,77,7.251536007172429e-05
2899,manuales,77,7.251536007172429e-05
2900,salí,77,7.251536007172429e-05
2901,continuó,77,7.251536007172429e-05
2902,arro,77,7.251536007172429e-05
2903,partió,77,7.251536007172429e-05
2904,agarra,77,7.251536007172429e-05
2905,estudiar,77,7.251536007172429e-05
2906,mecanismo,77,7.251536007172429e-05
2907,haberla,77,7.251536007172429e-05
2908,cargada,77,7.251536007172429e-05
2909,##petas,77,7.251536007172429e-05
2910,contagi,77,7.251536007172429e-05
2911,hombros,77,7.251536007172429e-05
2912,amar,77,7.251536007172429e-05
2913,##cum,77,7.251536007172429e-05
2914,##bas,77,7.251536007172429e-05
2915,callar,77,7.251536007172429e-05
2916,revelación,77,7.251536007172429e-05
2917,pó,77,7.251536007172429e-05
2918,decirse,77,7.251536007172429e-05
2919,esconder,77,7.251536007172429e-05
2920,vacaciones,77,7.251536007172429e-05
2921,cariño,77,7.251536007172429e-05
2922,vestido,77,7.251536007172429e-05
2923,agente,77,7.251536007172429e-05
2924,despacio,77,7.251536007172429e-05
2925,clara,77,7.251536007172429e-05
2926,Eng,77,7.251536007172429e-05
2927,verse,77,7.251536007172429e-05
2928,querido,77,7.251536007172429e-05
2929,tejido,76,7.157360214871488e-05
2930,libr,76,7.157360214871488e-05
2931,posición,76,7.157360214871488e-05
2932,perdida,76,7.157360214871488e-05
2933,##v,76,7.157360214871488e-05
2934,##uelto,76,7.157360214871488e-05
2935,soportar,76,7.157360214871488e-05
2936,suficientemente,76,7.157360214871488e-05
2937,advierte,76,7.157360214871488e-05
2938,Comun,76,7.157360214871488e-05
2939,ensay,76,7.157360214871488e-05
2940,humanidad,76,7.157360214871488e-05
2941,rebel,76,7.157360214871488e-05
2942,necesarias,76,7.157360214871488e-05
2943,sensación,76,7.157360214871488e-05
2944,juventud,76,7.157360214871488e-05
2945,oficiales,76,7.157360214871488e-05
2946,intestino,76,7.157360214871488e-05
2947,##mí,76,7.157360214871488e-05
2948,##mo,76,7.157360214871488e-05
2949,afecta,76,7.157360214871488e-05
2950,madera,76,7.157360214871488e-05
2951,domingo,76,7.157360214871488e-05
2952,esp,76,7.157360214871488e-05
2953,fatal,76,7.157360214871488e-05
2954,pertenecían,76,7.157360214871488e-05
2955,garganta,76,7.157360214871488e-05
2956,tiran,76,7.157360214871488e-05
2957,arrastrar,76,7.157360214871488e-05
2958,revo,76,7.157360214871488e-05
2959,inmensa,76,7.157360214871488e-05
2960,ruinas,76,7.157360214871488e-05
2961,com,76,7.157360214871488e-05
2962,##iti,76,7.157360214871488e-05
2963,infec,76,7.157360214871488e-05
2964,##tarse,76,7.157360214871488e-05
2965,##pelo,76,7.157360214871488e-05
2966,mur,76,7.157360214871488e-05
2967,contexto,76,7.157360214871488e-05
2968,informó,76,7.157360214871488e-05
2969,##fus,76,7.157360214871488e-05
2970,robar,76,7.157360214871488e-05
2971,daño,76,7.157360214871488e-05
2972,peligro,76,7.157360214871488e-05
2973,medias,76,7.157360214871488e-05
2974,##ji,75,7.063184422570547e-05
2975,personaje,75,7.063184422570547e-05
2976,hume,75,7.063184422570547e-05
2977,hacen,75,7.063184422570547e-05
2978,inteligentes,75,7.063184422570547e-05
2979,quita,75,7.063184422570547e-05
2980,##jita,75,7.063184422570547e-05
2981,Cier,75,7.063184422570547e-05
2982,estalló,75,7.063184422570547e-05
2983,descubrimiento,75,7.063184422570547e-05
2984,explica,75,7.063184422570547e-05
2985,prestado,75,7.063184422570547e-05
2986,molde,75,7.063184422570547e-05
2987,comienzo,75,7.063184422570547e-05
2988,resumi,75,7.063184422570547e-05
2989,ll,75,7.063184422570547e-05
2990,##eme,75,7.063184422570547e-05
2991,opuesto,75,7.063184422570547e-05
2992,viniera,75,7.063184422570547e-05
2993,encontrado,75,7.063184422570547e-05
2994,Vivimos,75,7.063184422570547e-05
2995,tecnología,75,7.063184422570547e-05
2996,justamente,75,7.063184422570547e-05
2997,queda,75,7.063184422570547e-05
2998,pate,75,7.063184422570547e-05
2999,daría,75,7.063184422570547e-05
3000,intentó,75,7.063184422570547e-05
3001,bañ,75,7.063184422570547e-05
3002,panorama,75,7.063184422570547e-05
3003,cuarenta,75,7.063184422570547e-05
3004,equilibrado,75,7.063184422570547e-05
3005,Est,75,7.063184422570547e-05
3006,##ir,75,7.063184422570547e-05
3007,tac,75,7.063184422570547e-05
3008,noticia,75,7.063184422570547e-05
3009,ponerle,75,7.063184422570547e-05
3010,nietos,75,7.063184422570547e-05
3011,sent,75,7.063184422570547e-05
3012,##adi,75,7.063184422570547e-05
3013,exclam,75,7.063184422570547e-05
3014,tercera,75,7.063184422570547e-05
3015,##anas,75,7.063184422570547e-05
3016,##tra,75,7.063184422570547e-05
3017,dormido,75,7.063184422570547e-05
3018,atrope,75,7.063184422570547e-05
3019,##lla,75,7.063184422570547e-05
3020,competencia,74,6.969008630269606e-05
3021,cambiar,74,6.969008630269606e-05
3022,Arriba,74,6.969008630269606e-05
3023,escuchado,74,6.969008630269606e-05
3024,biológico,74,6.969008630269606e-05
3025,intentan,74,6.969008630269606e-05
3026,lápiz,74,6.969008630269606e-05
3027,serán,74,6.969008630269606e-05
3028,bomba,74,6.969008630269606e-05
3029,someter,74,6.969008630269606e-05
3030,compr,74,6.969008630269606e-05
3031,##bo,74,6.969008630269606e-05
3032,vacías,74,6.969008630269606e-05
3033,monstruos,74,6.969008630269606e-05
3034,auge,74,6.969008630269606e-05
3035,discos,74,6.969008630269606e-05
3036,quedamos,74,6.969008630269606e-05
3037,##viles,74,6.969008630269606e-05
3038,caballos,74,6.969008630269606e-05
3039,##grados,74,6.969008630269606e-05
3040,morib,74,6.969008630269606e-05
3041,rodeados,74,6.969008630269606e-05
3042,cotidi,74,6.969008630269606e-05
3043,##anos,74,6.969008630269606e-05
3044,Llegamos,74,6.969008630269606e-05
3045,fal,74,6.969008630269606e-05
3046,genera,74,6.969008630269606e-05
3047,penetr,74,6.969008630269606e-05
3048,tentación,74,6.969008630269606e-05
3049,transformó,74,6.969008630269606e-05
3050,import,74,6.969008630269606e-05
3051,negociar,74,6.969008630269606e-05
3052,sudor,74,6.969008630269606e-05
3053,idéntico,74,6.969008630269606e-05
3054,reaccionar,74,6.969008630269606e-05
3055,##grada,74,6.969008630269606e-05
3056,damas,74,6.969008630269606e-05
3057,acto,74,6.969008630269606e-05
3058,enferm,74,6.969008630269606e-05
3059,prolongada,74,6.969008630269606e-05
3060,medidas,74,6.969008630269606e-05
3061,formaban,74,6.969008630269606e-05
3062,contratado,74,6.969008630269606e-05
3063,excusa,74,6.969008630269606e-05
3064,inspector,74,6.969008630269606e-05
3065,mandar,74,6.969008630269606e-05
3066,cerrada,74,6.969008630269606e-05
3067,As,74,6.969008630269606e-05
3068,##oma,74,6.969008630269606e-05
3069,decide,74,6.969008630269606e-05
3070,pen,74,6.969008630269606e-05
3071,##um,74,6.969008630269606e-05
3072,dejarlo,73,6.874832837968666e-05
3073,acostarse,73,6.874832837968666e-05
3074,Palermo,73,6.874832837968666e-05
3075,##íamos,73,6.874832837968666e-05
3076,inta,73,6.874832837968666e-05
3077,##cta,73,6.874832837968666e-05
3078,proyecciones,73,6.874832837968666e-05
3079,empiezan,73,6.874832837968666e-05
3080,empiezo,73,6.874832837968666e-05
3081,olvide,73,6.874832837968666e-05
3082,ocultos,73,6.874832837968666e-05
3083,volverse,73,6.874832837968666e-05
3084,entrado,73,6.874832837968666e-05
3085,The,73,6.874832837968666e-05
3086,##resa,73,6.874832837968666e-05
3087,eliminar,73,6.874832837968666e-05
3088,invención,73,6.874832837968666e-05
3089,##cate,73,6.874832837968666e-05
3090,comenzar,73,6.874832837968666e-05
3091,administrar,73,6.874832837968666e-05
3092,analizar,73,6.874832837968666e-05
3093,tern,73,6.874832837968666e-05
3094,##ura,73,6.874832837968666e-05
3095,filos,73,6.874832837968666e-05
3096,##pie,73,6.874832837968666e-05
3097,cuantas,73,6.874832837968666e-05
3098,costado,73,6.874832837968666e-05
3099,sú,73,6.874832837968666e-05
3100,ejemplo,73,6.874832837968666e-05
3101,libre,73,6.874832837968666e-05
3102,veredicto,73,6.874832837968666e-05
3103,banco,73,6.874832837968666e-05
3104,Agár,73,6.874832837968666e-05
3105,##renlo,73,6.874832837968666e-05
3106,murieron,73,6.874832837968666e-05
3107,provocado,73,6.874832837968666e-05
3108,poderosa,73,6.874832837968666e-05
3109,flo,73,6.874832837968666e-05
3110,venga,73,6.874832837968666e-05
3111,caca,73,6.874832837968666e-05
3112,explicó,73,6.874832837968666e-05
3113,aceptaron,73,6.874832837968666e-05
3114,marco,73,6.874832837968666e-05
3115,topo,73,6.874832837968666e-05
3116,esconderse,73,6.874832837968666e-05
3117,calefacción,73,6.874832837968666e-05
3118,reconoce,73,6.874832837968666e-05
3119,vidas,72,6.780657045667725e-05
3120,cultural,72,6.780657045667725e-05
3121,Cab,72,6.780657045667725e-05
3122,##ildo,72,6.780657045667725e-05
3123,Cuánto,72,6.780657045667725e-05
3124,tengan,72,6.780657045667725e-05
3125,Per,72,6.780657045667725e-05
3126,deten,72,6.780657045667725e-05
3127,propósito,72,6.780657045667725e-05
3128,actitud,72,6.780657045667725e-05
3129,prestar,72,6.780657045667725e-05
3130,contenidos,72,6.780657045667725e-05
3131,##bel,72,6.780657045667725e-05
3132,convierte,72,6.780657045667725e-05
3133,aquello,72,6.780657045667725e-05
3134,importar,72,6.780657045667725e-05
3135,principalmente,72,6.780657045667725e-05
3136,contribuy,72,6.780657045667725e-05
3137,##cí,72,6.780657045667725e-05
3138,fruta,72,6.780657045667725e-05
3139,consul,72,6.780657045667725e-05
3140,calmar,72,6.780657045667725e-05
3141,chan,72,6.780657045667725e-05
3142,##gas,72,6.780657045667725e-05
3143,llevarlos,72,6.780657045667725e-05
3144,##tizar,72,6.780657045667725e-05
3145,negar,72,6.780657045667725e-05
3146,sistema,72,6.780657045667725e-05
3147,olas,72,6.780657045667725e-05
3148,liberar,72,6.780657045667725e-05
3149,recibió,72,6.780657045667725e-05
3150,asustada,72,6.780657045667725e-05
3151,morada,72,6.780657045667725e-05
3152,alfombra,72,6.780657045667725e-05
3153,salieron,72,6.780657045667725e-05
3154,ayudara,72,6.780657045667725e-05
3155,cari,72,6.780657045667725e-05
3156,lágrimas,72,6.780657045667725e-05
3157,buenos,72,6.780657045667725e-05
3158,suda,72,6.780657045667725e-05
3159,cárcel,72,6.780657045667725e-05
3160,record,72,6.780657045667725e-05
3161,lago,72,6.780657045667725e-05
3162,ben,72,6.780657045667725e-05
3163,##gala,72,6.780657045667725e-05
3164,tradicional,72,6.780657045667725e-05
3165,planear,72,6.780657045667725e-05
3166,espi,72,6.780657045667725e-05
3167,cubierta,72,6.780657045667725e-05
3168,ponerse,71,6.686481253366785e-05
3169,##mer,71,6.686481253366785e-05
3170,contrató,71,6.686481253366785e-05
3171,Bi,71,6.686481253366785e-05
3172,##ze,71,6.686481253366785e-05
3173,##t,71,6.686481253366785e-05
3174,molestia,71,6.686481253366785e-05
3175,convierta,71,6.686481253366785e-05
3176,tantas,71,6.686481253366785e-05
3177,encuentro,71,6.686481253366785e-05
3178,alrededor,71,6.686481253366785e-05
3179,estuve,71,6.686481253366785e-05
3180,Seguramente,71,6.686481253366785e-05
3181,##inston,71,6.686481253366785e-05
3182,curioso,71,6.686481253366785e-05
3183,comodidad,71,6.686481253366785e-05
3184,##gró,71,6.686481253366785e-05
3185,investigación,71,6.686481253366785e-05
3186,mediante,71,6.686481253366785e-05
3187,otoño,71,6.686481253366785e-05
3188,cansado,71,6.686481253366785e-05
3189,##pir,71,6.686481253366785e-05
3190,olvida,71,6.686481253366785e-05
3191,violenta,71,6.686481253366785e-05
3192,películas,71,6.686481253366785e-05
3193,Intenta,71,6.686481253366785e-05
3194,afueras,71,6.686481253366785e-05
3195,distante,71,6.686481253366785e-05
3196,yendo,71,6.686481253366785e-05
3197,patada,71,6.686481253366785e-05
3198,guardado,71,6.686481253366785e-05
3199,separar,71,6.686481253366785e-05
3200,criatura,71,6.686481253366785e-05
3201,Dice,71,6.686481253366785e-05
3202,rico,71,6.686481253366785e-05
3203,dando,71,6.686481253366785e-05
3204,##pica,71,6.686481253366785e-05
3205,sinceridad,71,6.686481253366785e-05
3206,lecho,71,6.686481253366785e-05
3207,prohibido,71,6.686481253366785e-05
3208,golpear,71,6.686481253366785e-05
3209,hablaban,71,6.686481253366785e-05
3210,cortinas,71,6.686481253366785e-05
3211,Cuántos,71,6.686481253366785e-05
3212,supermercado,71,6.686481253366785e-05
3213,acompaña,71,6.686481253366785e-05
3214,alquiler,71,6.686481253366785e-05
3215,enti,71,6.686481253366785e-05
3216,##erra,71,6.686481253366785e-05
3217,maniobra,70,6.592305461065844e-05
3218,parado,70,6.592305461065844e-05
3219,verdaderos,70,6.592305461065844e-05
3220,martes,70,6.592305461065844e-05
3221,desvan,70,6.592305461065844e-05
3222,##ecido,70,6.592305461065844e-05
3223,tor,70,6.592305461065844e-05
3224,valiosos,70,6.592305461065844e-05
3225,##uen,70,6.592305461065844e-05
3226,escaso,70,6.592305461065844e-05
3227,preciosos,70,6.592305461065844e-05
3228,privilegio,70,6.592305461065844e-05
3229,dimin,70,6.592305461065844e-05
3230,##utas,70,6.592305461065844e-05
3231,viajar,70,6.592305461065844e-05
3232,superficial,70,6.592305461065844e-05
3233,dicen,70,6.592305461065844e-05
3234,evalu,70,6.592305461065844e-05
3235,argumentos,70,6.592305461065844e-05
3236,octubre,70,6.592305461065844e-05
3237,traba,70,6.592305461065844e-05
3238,enemigo,70,6.592305461065844e-05
3239,rescate,70,6.592305461065844e-05
3240,resultaba,70,6.592305461065844e-05
3241,pedazo,70,6.592305461065844e-05
3242,deton,70,6.592305461065844e-05
3243,Estamos,70,6.592305461065844e-05
3244,##gamos,70,6.592305461065844e-05
3245,clásico,70,6.592305461065844e-05
3246,escucho,70,6.592305461065844e-05
3247,atractivo,70,6.592305461065844e-05
3248,bor,70,6.592305461065844e-05
3249,##eal,70,6.592305461065844e-05
3250,optimista,70,6.592305461065844e-05
3251,rápido,70,6.592305461065844e-05
3252,poste,70,6.592305461065844e-05
3253,radi,70,6.592305461065844e-05
3254,acos,70,6.592305461065844e-05
3255,tenerlo,70,6.592305461065844e-05
3256,estarían,70,6.592305461065844e-05
3257,comedia,70,6.592305461065844e-05
3258,pequeña,70,6.592305461065844e-05
3259,volumen,70,6.592305461065844e-05
3260,registraron,70,6.592305461065844e-05
3261,ricos,70,6.592305461065844e-05
3262,Lástima,70,6.592305461065844e-05
3263,cabecera,70,6.592305461065844e-05
3264,monos,70,6.592305461065844e-05
3265,trasera,70,6.592305461065844e-05
3266,anillos,70,6.592305461065844e-05
3267,acu,70,6.592305461065844e-05
3268,##esta,70,6.592305461065844e-05
3269,según,69,6.498129668764904e-05
3270,saliera,69,6.498129668764904e-05
3271,esposas,69,6.498129668764904e-05
3272,baj,69,6.498129668764904e-05
3273,Mozart,69,6.498129668764904e-05
3274,poemas,69,6.498129668764904e-05
3275,ena,69,6.498129668764904e-05
3276,##guas,69,6.498129668764904e-05
3277,aquellos,69,6.498129668764904e-05
3278,##deza,69,6.498129668764904e-05
3279,Charlotte,69,6.498129668764904e-05
3280,banquete,69,6.498129668764904e-05
3281,aborda,69,6.498129668764904e-05
3282,escribo,69,6.498129668764904e-05
3283,hacemos,69,6.498129668764904e-05
3284,argument,69,6.498129668764904e-05
3285,surge,69,6.498129668764904e-05
3286,cesar,69,6.498129668764904e-05
3287,rumor,69,6.498129668764904e-05
3288,Sus,69,6.498129668764904e-05
3289,cumpl,69,6.498129668764904e-05
3290,confiado,69,6.498129668764904e-05
3291,corría,69,6.498129668764904e-05
3292,Empe,69,6.498129668764904e-05
3293,##cé,69,6.498129668764904e-05
3294,combatientes,69,6.498129668764904e-05
3295,revólver,69,6.498129668764904e-05
3296,musicales,69,6.498129668764904e-05
3297,nervioso,69,6.498129668764904e-05
3298,alguno,69,6.498129668764904e-05
3299,explotar,69,6.498129668764904e-05
3300,consiguieron,69,6.498129668764904e-05
3301,repetir,69,6.498129668764904e-05
3302,ayudaría,69,6.498129668764904e-05
3303,sexto,69,6.498129668764904e-05
3304,##rie,69,6.498129668764904e-05
3305,diagnóstico,69,6.498129668764904e-05
3306,reservas,69,6.498129668764904e-05
3307,daban,69,6.498129668764904e-05
3308,tigre,69,6.498129668764904e-05
3309,mantenerse,69,6.498129668764904e-05
3310,cerró,69,6.498129668764904e-05
3311,planta,69,6.498129668764904e-05
3312,chistes,69,6.498129668764904e-05
3313,patrul,69,6.498129668764904e-05
3314,##ler,69,6.498129668764904e-05
3315,golpea,69,6.498129668764904e-05
3316,verla,68,6.403953876463963e-05
3317,quedaría,68,6.403953876463963e-05
3318,gua,68,6.403953876463963e-05
3319,británico,68,6.403953876463963e-05
3320,incluía,68,6.403953876463963e-05
3321,gracias,68,6.403953876463963e-05
3322,reemplaz,68,6.403953876463963e-05
3323,acostumbrado,68,6.403953876463963e-05
3324,##dal,68,6.403953876463963e-05
3325,inútiles,68,6.403953876463963e-05
3326,símbolos,68,6.403953876463963e-05
3327,nido,68,6.403953876463963e-05
3328,abra,68,6.403953876463963e-05
3329,Parecía,68,6.403953876463963e-05
3330,horribles,68,6.403953876463963e-05
3331,Señor,68,6.403953876463963e-05
3332,alist,68,6.403953876463963e-05
3333,formación,68,6.403953876463963e-05
3334,generan,68,6.403953876463963e-05
3335,sólo,68,6.403953876463963e-05
3336,alejarse,68,6.403953876463963e-05
3337,sistemas,68,6.403953876463963e-05
3338,falta,68,6.403953876463963e-05
3339,adelante,68,6.403953876463963e-05
3340,malditos,68,6.403953876463963e-05
3341,recuperarse,68,6.403953876463963e-05
3342,embarazada,68,6.403953876463963e-05
3343,enfrente,68,6.403953876463963e-05
3344,pesado,68,6.403953876463963e-05
3345,podrían,68,6.403953876463963e-05
3346,bu,68,6.403953876463963e-05
3347,##fon,68,6.403953876463963e-05
3348,dedicó,68,6.403953876463963e-05
3349,ubicado,68,6.403953876463963e-05
3350,pensamientos,68,6.403953876463963e-05
3351,relá,68,6.403953876463963e-05
3352,##mpa,68,6.403953876463963e-05
3353,versión,68,6.403953876463963e-05
3354,atento,68,6.403953876463963e-05
3355,frontera,68,6.403953876463963e-05
3356,pedía,68,6.403953876463963e-05
3357,contados,68,6.403953876463963e-05
3358,vacío,68,6.403953876463963e-05
3359,hábitos,68,6.403953876463963e-05
3360,búsqueda,68,6.403953876463963e-05
3361,miran,68,6.403953876463963e-05
3362,corre,68,6.403953876463963e-05
3363,argentino,67,6.309778084163021e-05
3364,hacernos,67,6.309778084163021e-05
3365,rie,67,6.309778084163021e-05
3366,parecían,67,6.309778084163021e-05
3367,guiar,67,6.309778084163021e-05
3368,recuper,67,6.309778084163021e-05
3369,impide,67,6.309778084163021e-05
3370,perdiendo,67,6.309778084163021e-05
3371,esperamos,67,6.309778084163021e-05
3372,totalmente,67,6.309778084163021e-05
3373,campe,67,6.309778084163021e-05
3374,directo,67,6.309778084163021e-05
3375,instrucciones,67,6.309778084163021e-05
3376,clases,67,6.309778084163021e-05
3377,##osamente,67,6.309778084163021e-05
3378,darnos,67,6.309778084163021e-05
3379,impac,67,6.309778084163021e-05
3380,hueco,67,6.309778084163021e-05
3381,moviendo,67,6.309778084163021e-05
3382,neg,67,6.309778084163021e-05
3383,##ué,67,6.309778084163021e-05
3384,creí,67,6.309778084163021e-05
3385,guardan,67,6.309778084163021e-05
3386,puesto,67,6.309778084163021e-05
3387,barb,67,6.309778084163021e-05
3388,mil,67,6.309778084163021e-05
3389,gi,67,6.309778084163021e-05
3390,tercero,67,6.309778084163021e-05
3391,canciones,67,6.309778084163021e-05
3392,cach,67,6.309778084163021e-05
3393,copa,67,6.309778084163021e-05
3394,componen,67,6.309778084163021e-05
3395,precio,67,6.309778084163021e-05
3396,respiración,67,6.309778084163021e-05
3397,ritmo,67,6.309778084163021e-05
3398,llé,67,6.309778084163021e-05
3399,##tería,67,6.309778084163021e-05
3400,necesaria,67,6.309778084163021e-05
3401,transmitió,67,6.309778084163021e-05
3402,conflicto,67,6.309778084163021e-05
3403,pensó,67,6.309778084163021e-05
3404,feste,67,6.309778084163021e-05
3405,sentada,67,6.309778084163021e-05
3406,comentario,67,6.309778084163021e-05
3407,cubrir,67,6.309778084163021e-05
3408,extrañar,67,6.309778084163021e-05
3409,papel,67,6.309778084163021e-05
3410,leones,67,6.309778084163021e-05
3411,diría,66,6.215602291862081e-05
3412,triste,66,6.215602291862081e-05
3413,asiento,66,6.215602291862081e-05
3414,armonía,66,6.215602291862081e-05
3415,pareja,66,6.215602291862081e-05
3416,salimos,66,6.215602291862081e-05
3417,concluir,66,6.215602291862081e-05
3418,señalar,66,6.215602291862081e-05
3419,ganadores,66,6.215602291862081e-05
3420,algunas,66,6.215602291862081e-05
3421,##icas,66,6.215602291862081e-05
3422,pequeñas,66,6.215602291862081e-05
3423,ridícula,66,6.215602291862081e-05
3424,falsos,66,6.215602291862081e-05
3425,sabiduría,66,6.215602291862081e-05
3426,Pens,66,6.215602291862081e-05
3427,programas,66,6.215602291862081e-05
3428,##dente,66,6.215602291862081e-05
3429,##lida,66,6.215602291862081e-05
3430,Termin,66,6.215602291862081e-05
3431,aspira,66,6.215602291862081e-05
3432,muriendo,66,6.215602291862081e-05
3433,campaña,66,6.215602291862081e-05
3434,recta,66,6.215602291862081e-05
3435,tropa,66,6.215602291862081e-05
3436,##bimos,66,6.215602291862081e-05
3437,Biblia,66,6.215602291862081e-05
3438,indi,66,6.215602291862081e-05
3439,##ferente,66,6.215602291862081e-05
3440,cambiado,66,6.215602291862081e-05
3441,viniendo,66,6.215602291862081e-05
3442,##pas,66,6.215602291862081e-05
3443,ber,66,6.215602291862081e-05
3444,##mu,66,6.215602291862081e-05
3445,importaba,66,6.215602291862081e-05
3446,hermanos,66,6.215602291862081e-05
3447,sucios,66,6.215602291862081e-05
3448,almuerzo,66,6.215602291862081e-05
3449,vecinas,66,6.215602291862081e-05
3450,bajado,66,6.215602291862081e-05
3451,entera,66,6.215602291862081e-05
3452,granos,66,6.215602291862081e-05
3453,carnaval,66,6.215602291862081e-05
3454,fri,66,6.215602291862081e-05
3455,bul,66,6.215602291862081e-05
3456,depósitos,66,6.215602291862081e-05
3457,tanque,66,6.215602291862081e-05
3458,diseñado,66,6.215602291862081e-05
3459,llegado,66,6.215602291862081e-05
3460,unir,66,6.215602291862081e-05
3461,ajenas,66,6.215602291862081e-05
3462,poniendo,66,6.215602291862081e-05
3463,parada,66,6.215602291862081e-05
3464,Entre,66,6.215602291862081e-05
3465,sacaron,66,6.215602291862081e-05
3466,chal,66,6.215602291862081e-05
3467,vuela,66,6.215602291862081e-05
3468,pas,65,6.12142649956114e-05
3469,##mado,65,6.12142649956114e-05
3470,cuento,65,6.12142649956114e-05
3471,alimento,65,6.12142649956114e-05
3472,tonterías,65,6.12142649956114e-05
3473,cualidades,65,6.12142649956114e-05
3474,der,65,6.12142649956114e-05
3475,##rita,65,6.12142649956114e-05
3476,veterano,65,6.12142649956114e-05
3477,señalan,65,6.12142649956114e-05
3478,simul,65,6.12142649956114e-05
3479,oficio,65,6.12142649956114e-05
3480,limitan,65,6.12142649956114e-05
3481,diseñados,65,6.12142649956114e-05
3482,verán,65,6.12142649956114e-05
3483,parano,65,6.12142649956114e-05
3484,diarias,65,6.12142649956114e-05
3485,cuánto,65,6.12142649956114e-05
3486,doctor,65,6.12142649956114e-05
3487,olvidado,65,6.12142649956114e-05
3488,pedido,65,6.12142649956114e-05
3489,acero,65,6.12142649956114e-05
3490,cursi,65,6.12142649956114e-05
3491,demostró,65,6.12142649956114e-05
3492,planetas,65,6.12142649956114e-05
3493,Bien,65,6.12142649956114e-05
3494,dudas,65,6.12142649956114e-05
3495,elemento,65,6.12142649956114e-05
3496,preocupar,65,6.12142649956114e-05
3497,Podía,65,6.12142649956114e-05
3498,esquina,65,6.12142649956114e-05
3499,##daron,65,6.12142649956114e-05
3500,mel,65,6.12142649956114e-05
3501,Pasa,65,6.12142649956114e-05
3502,Vol,65,6.12142649956114e-05
3503,##caron,65,6.12142649956114e-05
3504,travi,65,6.12142649956114e-05
3505,##esa,65,6.12142649956114e-05
3506,encargados,65,6.12142649956114e-05
3507,desfile,65,6.12142649956114e-05
3508,##cara,65,6.12142649956114e-05
3509,recorrer,65,6.12142649956114e-05
3510,habitual,65,6.12142649956114e-05
3511,novios,65,6.12142649956114e-05
3512,Entrar,65,6.12142649956114e-05
3513,sexo,65,6.12142649956114e-05
3514,especial,65,6.12142649956114e-05
3515,precaución,65,6.12142649956114e-05
3516,Congreso,65,6.12142649956114e-05
3517,disputa,64,6.0272507072602e-05
3518,prueba,64,6.0272507072602e-05
3519,vagón,64,6.0272507072602e-05
3520,fórmula,64,6.0272507072602e-05
3521,creían,64,6.0272507072602e-05
3522,pierde,64,6.0272507072602e-05
3523,reto,64,6.0272507072602e-05
3524,desfi,64,6.0272507072602e-05
3525,##gur,64,6.0272507072602e-05
3526,etiqueta,64,6.0272507072602e-05
3527,posesiones,64,6.0272507072602e-05
3528,tendrían,64,6.0272507072602e-05
3529,teléfonos,64,6.0272507072602e-05
3530,celulares,64,6.0272507072602e-05
3531,respecto,64,6.0272507072602e-05
3532,ocurrió,64,6.0272507072602e-05
3533,últimos,64,6.0272507072602e-05
3534,cortó,64,6.0272507072602e-05
3535,quedé,64,6.0272507072602e-05
3536,parados,64,6.0272507072602e-05
3537,aho,64,6.0272507072602e-05
3538,arm,64,6.0272507072602e-05
3539,grupos,64,6.0272507072602e-05
3540,desvi,64,6.0272507072602e-05
3541,hermosa,64,6.0272507072602e-05
3542,exceso,64,6.0272507072602e-05
3543,mata,64,6.0272507072602e-05
3544,##oras,64,6.0272507072602e-05
3545,ruta,64,6.0272507072602e-05
3546,personalidad,64,6.0272507072602e-05
3547,viene,64,6.0272507072602e-05
3548,atacó,64,6.0272507072602e-05
3549,saludable,64,6.0272507072602e-05
3550,Tuvieron,64,6.0272507072602e-05
3551,muro,64,6.0272507072602e-05
3552,##pó,64,6.0272507072602e-05
3553,cele,64,6.0272507072602e-05
3554,##ste,64,6.0272507072602e-05
3555,grasa,64,6.0272507072602e-05
3556,##ámara,64,6.0272507072602e-05
3557,Tampoco,64,6.0272507072602e-05
3558,top,64,6.0272507072602e-05
3559,Imagina,64,6.0272507072602e-05
3560,grano,64,6.0272507072602e-05
3561,umbral,64,6.0272507072602e-05
3562,novio,64,6.0272507072602e-05
3563,mu,64,6.0272507072602e-05
3564,##gre,64,6.0272507072602e-05
3565,lav,63,5.9330749149592597e-05
3566,enfermo,63,5.9330749149592597e-05
3567,sonriendo,63,5.9330749149592597e-05
3568,azo,63,5.9330749149592597e-05
3569,pasear,63,5.9330749149592597e-05
3570,sendero,63,5.9330749149592597e-05
3571,escrita,63,5.9330749149592597e-05
3572,código,63,5.9330749149592597e-05
3573,listos,63,5.9330749149592597e-05
3574,frustración,63,5.9330749149592597e-05
3575,vestidos,63,5.9330749149592597e-05
3576,armas,63,5.9330749149592597e-05
3577,##gués,63,5.9330749149592597e-05
3578,Viv,63,5.9330749149592597e-05
3579,sala,63,5.9330749149592597e-05
3580,oscuro,63,5.9330749149592597e-05
3581,tienda,63,5.9330749149592597e-05
3582,bab,63,5.9330749149592597e-05
3583,fuerzas,63,5.9330749149592597e-05
3584,armar,63,5.9330749149592597e-05
3585,sucesos,63,5.9330749149592597e-05
3586,notas,63,5.9330749149592597e-05
3587,alivi,63,5.9330749149592597e-05
3588,rasgos,63,5.9330749149592597e-05
3589,viviendo,63,5.9330749149592597e-05
3590,veinte,63,5.9330749149592597e-05
3591,alfa,63,5.9330749149592597e-05
3592,##jor,63,5.9330749149592597e-05
3593,Tra,63,5.9330749149592597e-05
3594,detenerme,63,5.9330749149592597e-05
3595,##bí,63,5.9330749149592597e-05
3596,sir,63,5.9330749149592597e-05
3597,##ena,63,5.9330749149592597e-05
3598,creciendo,63,5.9330749149592597e-05
3599,brazos,63,5.9330749149592597e-05
3600,bajó,63,5.9330749149592597e-05
3601,ruina,63,5.9330749149592597e-05
3602,barcos,63,5.9330749149592597e-05
3603,apagar,63,5.9330749149592597e-05
3604,metro,63,5.9330749149592597e-05
3605,amantes,63,5.9330749149592597e-05
3606,inteligente,63,5.9330749149592597e-05
3607,##dra,63,5.9330749149592597e-05
3608,cortar,63,5.9330749149592597e-05
3609,diera,63,5.9330749149592597e-05
3610,llegaron,63,5.9330749149592597e-05
3611,social,63,5.9330749149592597e-05
3612,denuncia,63,5.9330749149592597e-05
3613,restos,63,5.9330749149592597e-05
3614,Google,63,5.9330749149592597e-05
3615,distingue,63,5.9330749149592597e-05
3616,##very,63,5.9330749149592597e-05
3617,##titos,62,5.838899122658319e-05
3618,##eran,62,5.838899122658319e-05
3619,extremo,62,5.838899122658319e-05
3620,##hum,62,5.838899122658319e-05
3621,Hernández,62,5.838899122658319e-05
3622,##cidad,62,5.838899122658319e-05
3623,Mús,62,5.838899122658319e-05
3624,##icos,62,5.838899122658319e-05
3625,escuchando,62,5.838899122658319e-05
3626,veamos,62,5.838899122658319e-05
3627,naci,62,5.838899122658319e-05
3628,estrella,62,5.838899122658319e-05
3629,juego,62,5.838899122658319e-05
3630,meramente,62,5.838899122658319e-05
3631,cí,62,5.838899122658319e-05
3632,##nico,62,5.838899122658319e-05
3633,debería,62,5.838899122658319e-05
3634,tu,62,5.838899122658319e-05
3635,siglos,62,5.838899122658319e-05
3636,##gía,62,5.838899122658319e-05
3637,rubia,62,5.838899122658319e-05
3638,dejara,62,5.838899122658319e-05
3639,ligero,62,5.838899122658319e-05
3640,jugaba,62,5.838899122658319e-05
3641,bi,62,5.838899122658319e-05
3642,##ini,62,5.838899122658319e-05
3643,compuesta,62,5.838899122658319e-05
3644,particular,62,5.838899122658319e-05
3645,mecanismos,62,5.838899122658319e-05
3646,emociones,62,5.838899122658319e-05
3647,nombrar,62,5.838899122658319e-05
3648,caminata,62,5.838899122658319e-05
3649,preocupada,62,5.838899122658319e-05
3650,idiota,62,5.838899122658319e-05
3651,not,62,5.838899122658319e-05
3652,obvio,62,5.838899122658319e-05
3653,tuvieran,62,5.838899122658319e-05
3654,distintas,62,5.838899122658319e-05
3655,queja,62,5.838899122658319e-05
3656,escuchó,62,5.838899122658319e-05
3657,mapa,62,5.838899122658319e-05
3658,joy,62,5.838899122658319e-05
3659,##ero,62,5.838899122658319e-05
3660,herencia,62,5.838899122658319e-05
3661,pasan,62,5.838899122658319e-05
3662,ciber,62,5.838899122658319e-05
3663,quieto,61,5.744723330357378e-05
3664,e,61,5.744723330357378e-05
3665,oí,61,5.744723330357378e-05
3666,encerrar,61,5.744723330357378e-05
3667,formada,61,5.744723330357378e-05
3668,filósofo,61,5.744723330357378e-05
3669,confiar,61,5.744723330357378e-05
3670,peda,61,5.744723330357378e-05
3671,temporal,61,5.744723330357378e-05
3672,caminos,61,5.744723330357378e-05
3673,cinta,61,5.744723330357378e-05
3674,Aprovech,61,5.744723330357378e-05
3675,disco,61,5.744723330357378e-05
3676,traseros,61,5.744723330357378e-05
3677,solución,61,5.744723330357378e-05
3678,vestir,61,5.744723330357378e-05
3679,finanzas,61,5.744723330357378e-05
3680,reme,61,5.744723330357378e-05
3681,fiebre,61,5.744723330357378e-05
3682,anemia,61,5.744723330357378e-05
3683,Pronto,61,5.744723330357378e-05
3684,universidad,61,5.744723330357378e-05
3685,rutina,61,5.744723330357378e-05
3686,húmedo,61,5.744723330357378e-05
3687,últimas,61,5.744723330357378e-05
3688,Civil,61,5.744723330357378e-05
3689,Gra,61,5.744723330357378e-05
3690,##veda,61,5.744723330357378e-05
3691,atraviesa,61,5.744723330357378e-05
3692,ponemos,61,5.744723330357378e-05
3693,agrup,61,5.744723330357378e-05
3694,revista,61,5.744723330357378e-05
3695,monstruo,61,5.744723330357378e-05
3696,cuadra,61,5.744723330357378e-05
3697,sentidos,61,5.744723330357378e-05
3698,nació,61,5.744723330357378e-05
3699,bodega,61,5.744723330357378e-05
3700,Solamente,61,5.744723330357378e-05
3701,exclu,61,5.744723330357378e-05
3702,disparó,61,5.744723330357378e-05
3703,plano,61,5.744723330357378e-05
3704,tum,61,5.744723330357378e-05
3705,##ult,61,5.744723330357378e-05
3706,abuelos,61,5.744723330357378e-05
3707,barco,61,5.744723330357378e-05
3708,grita,61,5.744723330357378e-05
3709,idio,61,5.744723330357378e-05
3710,##tez,61,5.744723330357378e-05
3711,susto,61,5.744723330357378e-05
3712,##osé,60,5.6505475380564376e-05
3713,go,60,5.6505475380564376e-05
3714,haberse,60,5.6505475380564376e-05
3715,interrump,60,5.6505475380564376e-05
3716,##ió,60,5.6505475380564376e-05
3717,Tal,60,5.6505475380564376e-05
3718,contaba,60,5.6505475380564376e-05
3719,usaban,60,5.6505475380564376e-05
3720,tenerse,60,5.6505475380564376e-05
3721,enamorado,60,5.6505475380564376e-05
3722,algoritmo,60,5.6505475380564376e-05
3723,habla,60,5.6505475380564376e-05
3724,inda,60,5.6505475380564376e-05
3725,mármol,60,5.6505475380564376e-05
3726,marcó,60,5.6505475380564376e-05
3727,cadáveres,60,5.6505475380564376e-05
3728,den,60,5.6505475380564376e-05
3729,monte,60,5.6505475380564376e-05
3730,atrae,60,5.6505475380564376e-05
3731,pequeño,60,5.6505475380564376e-05
3732,##uan,60,5.6505475380564376e-05
3733,astro,60,5.6505475380564376e-05
3734,buscarlo,60,5.6505475380564376e-05
3735,brillo,60,5.6505475380564376e-05
3736,propio,60,5.6505475380564376e-05
3737,Nuestro,60,5.6505475380564376e-05
3738,subió,60,5.6505475380564376e-05
3739,botellas,60,5.6505475380564376e-05
3740,temía,60,5.6505475380564376e-05
3741,museo,60,5.6505475380564376e-05
3742,compra,60,5.6505475380564376e-05
3743,usando,59,5.556371745755497e-05
3744,vela,59,5.556371745755497e-05
3745,##torio,59,5.556371745755497e-05
3746,contener,59,5.556371745755497e-05
3747,únicamente,59,5.556371745755497e-05
3748,cientos,59,5.556371745755497e-05
3749,metá,59,5.556371745755497e-05
3750,##fora,59,5.556371745755497e-05
3751,guitarra,59,5.556371745755497e-05
3752,calzado,59,5.556371745755497e-05
3753,bienes,59,5.556371745755497e-05
3754,escribe,59,5.556371745755497e-05
3755,lleve,59,5.556371745755497e-05
3756,gusta,59,5.556371745755497e-05
3757,seguros,59,5.556371745755497e-05
3758,Lleva,59,5.556371745755497e-05
3759,confun,59,5.556371745755497e-05
3760,##dimos,59,5.556371745755497e-05
3761,gripe,59,5.556371745755497e-05
3762,bás,59,5.556371745755497e-05
3763,##quet,59,5.556371745755497e-05
3764,nubes,59,5.556371745755497e-05
3765,Sol,59,5.556371745755497e-05
3766,novelas,59,5.556371745755497e-05
3767,pueda,59,5.556371745755497e-05
3768,serían,59,5.556371745755497e-05
3769,estudios,59,5.556371745755497e-05
3770,clínicos,59,5.556371745755497e-05
3771,chicas,59,5.556371745755497e-05
3772,pi,59,5.556371745755497e-05
3773,##ol,59,5.556371745755497e-05
3774,Esos,59,5.556371745755497e-05
3775,casados,59,5.556371745755497e-05
3776,examinó,59,5.556371745755497e-05
3777,pura,59,5.556371745755497e-05
3778,##par,59,5.556371745755497e-05
3779,vivos,59,5.556371745755497e-05
3780,hablando,59,5.556371745755497e-05
3781,departamento,59,5.556371745755497e-05
3782,Vamos,59,5.556371745755497e-05
3783,doble,59,5.556371745755497e-05
3784,recurrir,59,5.556371745755497e-05
3785,Laura,59,5.556371745755497e-05
3786,tensión,59,5.556371745755497e-05
3787,vel,59,5.556371745755497e-05
3788,##itas,59,5.556371745755497e-05
3789,perros,59,5.556371745755497e-05
3790,semanas,59,5.556371745755497e-05
3791,paró,59,5.556371745755497e-05
3792,raros,59,5.556371745755497e-05
3793,##fal,59,5.556371745755497e-05
3794,imbéciles,58,5.462195953454557e-05
3795,oírlo,58,5.462195953454557e-05
3796,clima,58,5.462195953454557e-05
3797,protegen,58,5.462195953454557e-05
3798,decenas,58,5.462195953454557e-05
3799,ganas,58,5.462195953454557e-05
3800,cocin,58,5.462195953454557e-05
3801,chaleco,58,5.462195953454557e-05
3802,dado,58,5.462195953454557e-05
3803,épocas,58,5.462195953454557e-05
3804,amena,58,5.462195953454557e-05
3805,sepamos,58,5.462195953454557e-05
3806,debió,58,5.462195953454557e-05
3807,heridos,58,5.462195953454557e-05
3808,quejas,58,5.462195953454557e-05
3809,zan,58,5.462195953454557e-05
3810,gatillo,58,5.462195953454557e-05
3811,fenómenos,58,5.462195953454557e-05
3812,Universo,58,5.462195953454557e-05
3813,fútbol,58,5.462195953454557e-05
3814,quitó,58,5.462195953454557e-05
3815,mostrar,58,5.462195953454557e-05
3816,River,58,5.462195953454557e-05
3817,izquierdo,58,5.462195953454557e-05
3818,bestia,58,5.462195953454557e-05
3819,Quería,58,5.462195953454557e-05
3820,juntar,58,5.462195953454557e-05
3821,puerto,58,5.462195953454557e-05
3822,hacerles,58,5.462195953454557e-05
3823,cuartos,58,5.462195953454557e-05
3824,apropiada,58,5.462195953454557e-05
3825,Bueno,58,5.462195953454557e-05
3826,##turas,58,5.462195953454557e-05
3827,pedirle,58,5.462195953454557e-05
3828,cerradura,58,5.462195953454557e-05
3829,Sie,58,5.462195953454557e-05
3830,za,58,5.462195953454557e-05
3831,alej,58,5.462195953454557e-05
3832,páginas,58,5.462195953454557e-05
3833,estúpido,58,5.462195953454557e-05
3834,oveja,57,5.3680201611536156e-05
3835,Sac,57,5.3680201611536156e-05
3836,lucha,57,5.3680201611536156e-05
3837,proyec,57,5.3680201611536156e-05
3838,cali,57,5.3680201611536156e-05
3839,##dez,57,5.3680201611536156e-05
3840,surgió,57,5.3680201611536156e-05
3841,obligadas,57,5.3680201611536156e-05
3842,conscientes,57,5.3680201611536156e-05
3843,montañas,57,5.3680201611536156e-05
3844,logre,57,5.3680201611536156e-05
3845,televisión,57,5.3680201611536156e-05
3846,perspectiva,57,5.3680201611536156e-05
3847,explic,57,5.3680201611536156e-05
3848,raras,57,5.3680201611536156e-05
3849,Inc,57,5.3680201611536156e-05
3850,##apa,57,5.3680201611536156e-05
3851,ambas,57,5.3680201611536156e-05
3852,Tierra,57,5.3680201611536156e-05
3853,fenómeno,57,5.3680201611536156e-05
3854,mágica,57,5.3680201611536156e-05
3855,sierra,57,5.3680201611536156e-05
3856,Aún,57,5.3680201611536156e-05
3857,mansión,57,5.3680201611536156e-05
3858,alcohol,57,5.3680201611536156e-05
3859,Tarde,57,5.3680201611536156e-05
3860,apuesta,57,5.3680201611536156e-05
3861,ladrón,57,5.3680201611536156e-05
3862,juntas,57,5.3680201611536156e-05
3863,espe,57,5.3680201611536156e-05
3864,##jito,57,5.3680201611536156e-05
3865,responder,57,5.3680201611536156e-05
3866,dijera,57,5.3680201611536156e-05
3867,Valle,57,5.3680201611536156e-05
3868,aro,57,5.3680201611536156e-05
3869,centro,57,5.3680201611536156e-05
3870,otras,57,5.3680201611536156e-05
3871,noción,57,5.3680201611536156e-05
3872,nuevas,56,5.273844368852675e-05
3873,creyendo,56,5.273844368852675e-05
3874,ra,56,5.273844368852675e-05
3875,##tito,56,5.273844368852675e-05
3876,var,56,5.273844368852675e-05
3877,Basta,56,5.273844368852675e-05
3878,vencido,56,5.273844368852675e-05
3879,evidente,56,5.273844368852675e-05
3880,impone,56,5.273844368852675e-05
3881,revis,56,5.273844368852675e-05
3882,estafa,56,5.273844368852675e-05
3883,Chelsea,56,5.273844368852675e-05
3884,han,56,5.273844368852675e-05
3885,dedic,56,5.273844368852675e-05
3886,vacía,56,5.273844368852675e-05
3887,vis,56,5.273844368852675e-05
3888,##cosa,56,5.273844368852675e-05
3889,mío,56,5.273844368852675e-05
3890,personal,56,5.273844368852675e-05
3891,herida,56,5.273844368852675e-05
3892,Tanto,56,5.273844368852675e-05
3893,fundamentos,56,5.273844368852675e-05
3894,existía,56,5.273844368852675e-05
3895,ninguno,56,5.273844368852675e-05
3896,voces,56,5.273844368852675e-05
3897,apoyar,56,5.273844368852675e-05
3898,señ,56,5.273844368852675e-05
3899,Tenían,56,5.273844368852675e-05
3900,copas,56,5.273844368852675e-05
3901,loco,56,5.273844368852675e-05
3902,Vuelve,56,5.273844368852675e-05
3903,Otro,56,5.273844368852675e-05
3904,prenda,55,5.1796685765517346e-05
3905,creyó,55,5.1796685765517346e-05
3906,laboral,55,5.1796685765517346e-05
3907,viejas,55,5.1796685765517346e-05
3908,empieza,55,5.1796685765517346e-05
3909,demasiado,55,5.1796685765517346e-05
3910,1954,55,5.1796685765517346e-05
3911,quieran,55,5.1796685765517346e-05
3912,humilde,55,5.1796685765517346e-05
3913,aspir,55,5.1796685765517346e-05
3914,t,55,5.1796685765517346e-05
3915,##eet,55,5.1796685765517346e-05
3916,transformar,55,5.1796685765517346e-05
3917,guía,55,5.1796685765517346e-05
3918,casó,55,5.1796685765517346e-05
3919,inútil,55,5.1796685765517346e-05
3920,mover,55,5.1796685765517346e-05
3921,luna,55,5.1796685765517346e-05
3922,piel,55,5.1796685765517346e-05
3923,conocer,55,5.1796685765517346e-05
3924,leyendo,55,5.1796685765517346e-05
3925,culo,55,5.1796685765517346e-05
3926,fallar,55,5.1796685765517346e-05
3927,##bio,55,5.1796685765517346e-05
3928,renov,55,5.1796685765517346e-05
3929,apoyo,55,5.1796685765517346e-05
3930,Mamá,55,5.1796685765517346e-05
3931,helado,55,5.1796685765517346e-05
3932,##oro,55,5.1796685765517346e-05
3933,sobrina,55,5.1796685765517346e-05
3934,tirar,55,5.1796685765517346e-05
3935,decía,55,5.1796685765517346e-05
3936,creen,55,5.1796685765517346e-05
3937,bares,55,5.1796685765517346e-05
3938,for,55,5.1796685765517346e-05
3939,chiste,55,5.1796685765517346e-05
3940,cree,55,5.1796685765517346e-05
3941,loca,54,5.085492784250794e-05
3942,situación,54,5.085492784250794e-05
3943,grupo,54,5.085492784250794e-05
3944,línea,54,5.085492784250794e-05
3945,gustado,54,5.085492784250794e-05
3946,invita,54,5.085492784250794e-05
3947,contar,54,5.085492784250794e-05
3948,modernos,54,5.085492784250794e-05
3949,Mucho,54,5.085492784250794e-05
3950,181,54,5.085492784250794e-05
3951,##9,54,5.085492784250794e-05
3952,ocurra,54,5.085492784250794e-05
3953,décadas,54,5.085492784250794e-05
3954,comedor,54,5.085492784250794e-05
3955,muertos,54,5.085492784250794e-05
3956,blancos,54,5.085492784250794e-05
3957,Amor,54,5.085492784250794e-05
3958,origin,54,5.085492784250794e-05
3959,fumar,54,5.085492784250794e-05
3960,salas,54,5.085492784250794e-05
3961,cine,54,5.085492784250794e-05
3962,mochila,54,5.085492784250794e-05
3963,cu,54,5.085492784250794e-05
3964,##bría,54,5.085492784250794e-05
3965,pudiese,53,4.991316991949853e-05
3966,viendo,53,4.991316991949853e-05
3967,ausencia,53,4.991316991949853e-05
3968,cubre,53,4.991316991949853e-05
3969,puñado,53,4.991316991949853e-05
3970,vertical,53,4.991316991949853e-05
3971,Gil,53,4.991316991949853e-05
3972,##man,53,4.991316991949853e-05
3973,Ama,53,4.991316991949853e-05
3974,creo,53,4.991316991949853e-05
3975,seamos,53,4.991316991949853e-05
3976,físicos,53,4.991316991949853e-05
3977,comprender,53,4.991316991949853e-05
3978,viv,53,4.991316991949853e-05
3979,masacre,53,4.991316991949853e-05
3980,plena,53,4.991316991949853e-05
3981,matarlo,53,4.991316991949853e-05
3982,furia,53,4.991316991949853e-05
3983,bandeja,53,4.991316991949853e-05
3984,pared,53,4.991316991949853e-05
3985,limpio,53,4.991316991949853e-05
3986,lenta,53,4.991316991949853e-05
3987,##enos,53,4.991316991949853e-05
3988,sacamos,53,4.991316991949853e-05
3989,Ay,53,4.991316991949853e-05
3990,Salió,53,4.991316991949853e-05
3991,moto,53,4.991316991949853e-05
3992,favor,52,4.8971411996489126e-05
3993,habíamos,52,4.8971411996489126e-05
3994,certeza,52,4.8971411996489126e-05
3995,ce,52,4.8971411996489126e-05
3996,vigor,52,4.8971411996489126e-05
3997,pueden,52,4.8971411996489126e-05
3998,tarta,52,4.8971411996489126e-05
3999,Ti,52,4.8971411996489126e-05
4000,##dy,52,4.8971411996489126e-05
4001,foro,52,4.8971411996489126e-05
4002,resca,52,4.8971411996489126e-05
4003,industria,52,4.8971411996489126e-05
4004,hayamos,52,4.8971411996489126e-05
4005,siento,52,4.8971411996489126e-05
4006,sigo,52,4.8971411996489126e-05
4007,tengamos,52,4.8971411996489126e-05
4008,vistazo,52,4.8971411996489126e-05
4009,##so,52,4.8971411996489126e-05
4010,caído,52,4.8971411996489126e-05
4011,##bé,52,4.8971411996489126e-05
4012,matado,52,4.8971411996489126e-05
4013,psicó,52,4.8971411996489126e-05
4014,girar,52,4.8971411996489126e-05
4015,cajón,52,4.8971411996489126e-05
4016,vuelto,52,4.8971411996489126e-05
4017,normales,52,4.8971411996489126e-05
4018,conmigo,52,4.8971411996489126e-05
4019,muerta,52,4.8971411996489126e-05
4020,tomado,52,4.8971411996489126e-05
4021,casar,52,4.8971411996489126e-05
4022,marcado,51,4.802965407347972e-05
4023,Ellos,51,4.802965407347972e-05
4024,derre,51,4.802965407347972e-05
4025,##tir,51,4.802965407347972e-05
4026,leve,51,4.802965407347972e-05
4027,usamos,51,4.802965407347972e-05
4028,hilos,51,4.802965407347972e-05
4029,romántico,51,4.802965407347972e-05
4030,útiles,51,4.802965407347972e-05
4031,igualdad,51,4.802965407347972e-05
4032,abdomen,51,4.802965407347972e-05
4033,cañón,51,4.802965407347972e-05
4034,llamada,51,4.802965407347972e-05
4035,océano,51,4.802965407347972e-05
4036,cambiando,51,4.802965407347972e-05
4037,rodillas,51,4.802965407347972e-05
4038,maldición,51,4.802965407347972e-05
4039,##bro,51,4.802965407347972e-05
4040,Nación,51,4.802965407347972e-05
4041,registrado,51,4.802965407347972e-05
4042,trío,50,4.708789615047032e-05
4043,Teatro,50,4.708789615047032e-05
4044,aún,50,4.708789615047032e-05
4045,##ces,50,4.708789615047032e-05
4046,fuimos,50,4.708789615047032e-05
4047,pol,50,4.708789615047032e-05
4048,##lera,50,4.708789615047032e-05
4049,rara,50,4.708789615047032e-05
4050,blog,50,4.708789615047032e-05
4051,pata,50,4.708789615047032e-05
4052,salida,50,4.708789615047032e-05
4053,falsas,50,4.708789615047032e-05
4054,Vivo,50,4.708789615047032e-05
4055,velas,50,4.708789615047032e-05
4056,bocad,50,4.708789615047032e-05
4057,du,50,4.708789615047032e-05
4058,próxima,50,4.708789615047032e-05
4059,obras,50,4.708789615047032e-05
4060,tej,49,4.6146138227460905e-05
4061,viaje,49,4.6146138227460905e-05
4062,selección,49,4.6146138227460905e-05
4063,calentar,49,4.6146138227460905e-05
4064,##za,49,4.6146138227460905e-05
4065,caso,49,4.6146138227460905e-05
4066,valor,49,4.6146138227460905e-05
4067,alto,49,4.6146138227460905e-05
4068,Cerca,49,4.6146138227460905e-05
4069,paz,49,4.6146138227460905e-05
4070,compleja,49,4.6146138227460905e-05
4071,puestos,49,4.6146138227460905e-05
4072,alma,49,4.6146138227460905e-05
4073,Nada,49,4.6146138227460905e-05
4074,atro,49,4.6146138227460905e-05
4075,terror,49,4.6146138227460905e-05
4076,cenar,49,4.6146138227460905e-05
4077,fabricar,49,4.6146138227460905e-05
4078,siente,49,4.6146138227460905e-05
4079,compras,49,4.6146138227460905e-05
4080,ganó,49,4.6146138227460905e-05
4081,llevando,49,4.6146138227460905e-05
4082,plan,48,4.52043803044515e-05
4083,reales,48,4.52043803044515e-05
4084,hayan,48,4.52043803044515e-05
4085,finales,48,4.52043803044515e-05
4086,aje,48,4.52043803044515e-05
4087,1,48,4.52043803044515e-05
4088,##7,48,4.52043803044515e-05
4089,##16,48,4.52043803044515e-05
4090,incluir,48,4.52043803044515e-05
4091,Times,48,4.52043803044515e-05
4092,Summer,48,4.52043803044515e-05
4093,indicar,48,4.52043803044515e-05
4094,pod,48,4.52043803044515e-05
4095,##ts,48,4.52043803044515e-05
4096,labor,48,4.52043803044515e-05
4097,avance,48,4.52043803044515e-05
4098,ronda,48,4.52043803044515e-05
4099,debe,48,4.52043803044515e-05
4100,mía,48,4.52043803044515e-05
4101,saltar,48,4.52043803044515e-05
4102,##piro,48,4.52043803044515e-05
4103,filas,48,4.52043803044515e-05
4104,bebidas,48,4.52043803044515e-05
4105,función,48,4.52043803044515e-05
4106,desayun,48,4.52043803044515e-05
4107,canto,47,4.4262622381442096e-05
4108,ayudar,47,4.4262622381442096e-05
4109,hilo,47,4.4262622381442096e-05
4110,Ante,47,4.4262622381442096e-05
4111,1905,47,4.4262622381442096e-05
4112,deber,47,4.4262622381442096e-05
4113,videos,47,4.4262622381442096e-05
4114,tuve,47,4.4262622381442096e-05
4115,sábanas,47,4.4262622381442096e-05
4116,infierno,47,4.4262622381442096e-05
4117,7,47,4.4262622381442096e-05
4118,abierto,47,4.4262622381442096e-05
4119,Algo,47,4.4262622381442096e-05
4120,semana,47,4.4262622381442096e-05
4121,once,47,4.4262622381442096e-05
4122,baile,47,4.4262622381442096e-05
4123,oídos,47,4.4262622381442096e-05
4124,fui,46,4.332086445843269e-05
4125,política,46,4.332086445843269e-05
4126,validez,46,4.332086445843269e-05
4127,miro,46,4.332086445843269e-05
4128,mej,46,4.332086445843269e-05
4129,movió,46,4.332086445843269e-05
4130,Unidos,46,4.332086445843269e-05
4131,secas,46,4.332086445843269e-05
4132,meses,46,4.332086445843269e-05
4133,oyó,46,4.332086445843269e-05
4134,seguían,46,4.332086445843269e-05
4135,chist,46,4.332086445843269e-05
4136,##oso,46,4.332086445843269e-05
4137,tierno,46,4.332086445843269e-05
4138,opción,46,4.332086445843269e-05
4139,gestión,46,4.332086445843269e-05
4140,ochenta,46,4.332086445843269e-05
4141,intri,45,4.237910653542328e-05
4142,duró,45,4.237910653542328e-05
4143,sentí,45,4.237910653542328e-05
4144,mueve,45,4.237910653542328e-05
4145,estarán,45,4.237910653542328e-05
4146,caen,45,4.237910653542328e-05
4147,li,45,4.237910653542328e-05
4148,##eb,45,4.237910653542328e-05
4149,##rían,45,4.237910653542328e-05
4150,libros,45,4.237910653542328e-05
4151,aguda,45,4.237910653542328e-05
4152,veían,45,4.237910653542328e-05
4153,Noche,45,4.237910653542328e-05
4154,humo,45,4.237910653542328e-05
4155,suyos,45,4.237910653542328e-05
4156,muelle,45,4.237910653542328e-05
4157,sec,45,4.237910653542328e-05
4158,Tiene,45,4.237910653542328e-05
4159,suya,44,4.1437348612413876e-05
4160,empate,44,4.1437348612413876e-05
4161,primavera,44,4.1437348612413876e-05
4162,##V,44,4.1437348612413876e-05
4163,objetos,44,4.1437348612413876e-05
4164,gimnasio,44,4.1437348612413876e-05
4165,defensa,44,4.1437348612413876e-05
4166,##stico,44,4.1437348612413876e-05
4167,Años,44,4.1437348612413876e-05
4168,formó,44,4.1437348612413876e-05
4169,hambre,44,4.1437348612413876e-05
4170,Camin,44,4.1437348612413876e-05
4171,van,44,4.1437348612413876e-05
4172,Ab,44,4.1437348612413876e-05
4173,pista,44,4.1437348612413876e-05
4174,pelear,44,4.1437348612413876e-05
4175,Queda,44,4.1437348612413876e-05
4176,Antes,43,4.049559068940447e-05
4177,##ohnson,43,4.049559068940447e-05
4178,carajo,43,4.049559068940447e-05
4179,bala,43,4.049559068940447e-05
4180,Acá,43,4.049559068940447e-05
4181,calles,43,4.049559068940447e-05
4182,rio,43,4.049559068940447e-05
4183,alba,43,4.049559068940447e-05
4184,boda,43,4.049559068940447e-05
4185,duermo,43,4.049559068940447e-05
4186,Hace,43,4.049559068940447e-05
4187,fina,42,3.955383276639507e-05
4188,públicos,42,3.955383276639507e-05
4189,Po,42,3.955383276639507e-05
4190,amplia,42,3.955383276639507e-05
4191,Creo,42,3.955383276639507e-05
4192,Decía,42,3.955383276639507e-05
4193,ha,42,3.955383276639507e-05
4194,Pes,42,3.955383276639507e-05
4195,poca,42,3.955383276639507e-05
4196,lujo,42,3.955383276639507e-05
4197,unió,42,3.955383276639507e-05
4198,cuál,41,3.8612074843385655e-05
4199,genial,41,3.8612074843385655e-05
4200,Voy,41,3.8612074843385655e-05
4201,amaba,41,3.8612074843385655e-05
4202,gris,41,3.8612074843385655e-05
4203,Beatles,41,3.8612074843385655e-05
4204,debía,41,3.8612074843385655e-05
4205,Dio,41,3.8612074843385655e-05
4206,Camp,41,3.8612074843385655e-05
4207,##inas,41,3.8612074843385655e-05
4208,deprimido,41,3.8612074843385655e-05
4209,fabricado,41,3.8612074843385655e-05
4210,dato,41,3.8612074843385655e-05
4211,sue,41,3.8612074843385655e-05
4212,##gra,41,3.8612074843385655e-05
4213,vaso,41,3.8612074843385655e-05
4214,osos,41,3.8612074843385655e-05
4215,veo,41,3.8612074843385655e-05
4216,usó,40,3.767031692037625e-05
4217,navegar,40,3.767031692037625e-05
4218,aquí,40,3.767031692037625e-05
4219,frase,40,3.767031692037625e-05
4220,frías,40,3.767031692037625e-05
4221,Está,40,3.767031692037625e-05
4222,frío,40,3.767031692037625e-05
4223,canal,40,3.767031692037625e-05
4224,humano,39,3.6728558997366846e-05
4225,Buenos,39,3.6728558997366846e-05
4226,perdedores,39,3.6728558997366846e-05
4227,base,39,3.6728558997366846e-05
4228,arma,39,3.6728558997366846e-05
4229,aun,39,3.6728558997366846e-05
4230,límites,39,3.6728558997366846e-05
4231,carne,39,3.6728558997366846e-05
4232,Son,39,3.6728558997366846e-05
4233,cabo,38,3.578680107435744e-05
4234,página,38,3.578680107435744e-05
4235,D,38,3.578680107435744e-05
4236,soy,38,3.578680107435744e-05
4237,da,38,3.578680107435744e-05
4238,fa,38,3.578680107435744e-05
4239,Llev,38,3.578680107435744e-05
4240,venir,38,3.578680107435744e-05
4241,moscas,38,3.578680107435744e-05
4242,Han,37,3.484504315134803e-05
4243,humana,37,3.484504315134803e-05
4244,Mir,37,3.484504315134803e-05
4245,tr,37,3.484504315134803e-05
4246,##liz,37,3.484504315134803e-05
4247,rojo,37,3.484504315134803e-05
4248,abrigo,37,3.484504315134803e-05
4249,Feliz,37,3.484504315134803e-05
4250,esté,37,3.484504315134803e-05
4251,falsa,37,3.484504315134803e-05
4252,##po,36,3.3903285228338626e-05
4253,horno,36,3.3903285228338626e-05
4254,grado,36,3.3903285228338626e-05
4255,río,36,3.3903285228338626e-05
4256,##usto,36,3.3903285228338626e-05
4257,alarma,36,3.3903285228338626e-05
4258,Cruz,36,3.3903285228338626e-05
4259,Hoy,36,3.3903285228338626e-05
4260,género,35,3.296152730532922e-05
4261,Paul,35,3.296152730532922e-05
4262,solas,35,3.296152730532922e-05
4263,engañar,35,3.296152730532922e-05
4264,sano,35,3.296152730532922e-05
4265,solos,35,3.296152730532922e-05
4266,Dónde,34,3.2019769382319816e-05
4267,Yor,34,3.2019769382319816e-05
4268,actores,34,3.2019769382319816e-05
4269,agit,34,3.2019769382319816e-05
4270,gran,34,3.2019769382319816e-05
4271,gloria,33,3.1078011459310405e-05
4272,cual,33,3.1078011459310405e-05
4273,buen,33,3.1078011459310405e-05
4274,habló,33,3.1078011459310405e-05
4275,derecha,33,3.1078011459310405e-05
4276,honor,32,3.0136253536301e-05
4277,correctas,32,3.0136253536301e-05
4278,peor,32,3.0136253536301e-05
4279,lío,32,3.0136253536301e-05
4280,Tan,31,2.9194495613291596e-05
4281,Dar,31,2.9194495613291596e-05
4282,cena,31,2.9194495613291596e-05
4283,tomé,31,2.9194495613291596e-05
4284,rayo,31,2.9194495613291596e-05
4285,raya,31,2.9194495613291596e-05
4286,amo,30,2.8252737690282188e-05
4287,té,30,2.8252737690282188e-05
4288,alas,29,2.7310979767272783e-05
4289,di,29,2.7310979767272783e-05
4290,Ley,29,2.7310979767272783e-05
4291,ida,28,2.6369221844263375e-05
4292,leí,28,2.6369221844263375e-05
4293,San,28,2.6369221844263375e-05
4294,mov,27,2.542746392125397e-05
4295,allí,25,2.354394807523516e-05
4296,Oí,23,2.1660432229216346e-05
4297,malo,23,2.1660432229216346e-05
4298,secos,23,2.1660432229216346e-05
4299,Va,23,2.1660432229216346e-05
4300,Que,22,2.0718674306206938e-05
4301,Vio,20,1.8835158460188125e-05
4302,Da,20,1.8835158460188125e-05
4303,puesta,18,1.6951642614169313e-05
4304,P,17,1.6009884691159908e-05
4305,Les,14,1.3184610922131688e-05
4306,G,13,1.2242852999122281e-05
4307,Te,9,8.475821307084656e-06
4308,Aires,6,5.650547538056438e-06
4309,"""",6,5.650547538056438e-06
