rank,token,count,relative_frequency
1,",",55996,0.052642563424718576
2,.,40870,0.0384224153005259
3,de,36156,0.033990722965642636
4,la,33862,0.03183410391256198
5,que,29960,0.02816578327388686
6,y,25674,0.024136459271487692
7,a,21687,0.020388229034071573
8,el,19283,0.018128197559090797
9,en,16781,0.01577603501732628
10,se,14253,0.013399429539476282
11,un,12909,0.012135917766442106
12,los,10142,0.009534625299190939
13,su,8286,0.007789775707858028
14,una,8112,0.0076261960586705676
15,no,8073,0.007589531654542344
16,con,7243,0.006809237925659631
17,[UNK],7189,0.006758471827635936
18,por,6814,0.006405929480249167
19,las,6751,0.0063467023658881905
20,lo,6162,0.005792975852259373
21,##s,5847,0.005496840280454488
22,del,5838,0.005488379264117205
23,para,5821,0.005472397344369006
24,había,4939,0.004643217743315327
25,al,4585,0.004310417767382218
26,le,4583,0.004308537541529488
27,:,3913,0.0036786618808651297
28,era,3870,0.003638237025031447
29,como,3777,0.0035508065228795284
30,más,3769,0.0035432856194686107
31,pero,3286,0.003089211076034453
32,##ba,3250,0.0030553670106853235
33,##a,3210,0.003017762493630735
34,estaba,3111,0.0029246913139206283
35,##ó,3003,0.002823159117873239
36,##n,2905,0.0027310280510894967
37,si,2738,0.0025740291923865895
38,sus,2699,0.0025373647882583656
39,cuando,2679,0.0025185625297310713
40,es,2675,0.0025148020780256125
41,##do,2672,0.002511981739246518
42,me,2637,0.0024790777868237534
43,fue,2543,0.00239070717174547
44,todo,2526,0.00237472525199727
45,mi,2345,0.0022045648123252565
46,##on,2179,0.002048506066548714
47,hasta,2127,0.001999620194377749
48,casa,2101,0.001975177258292266
49,vez,2052,0.001929111724900395
50,porque,1948,0.0018313399805584647
51,tenía,1909,0.0017946755764302407
52,ese,1869,0.0017570710593756522
53,día,1853,0.0017420292525538168
54,esa,1770,0.0016639998796655455
55,o,1769,0.0016630597667391808
56,después,1662,0.0015624676836181561
57,sin,1620,0.0015229829407108382
58,ya,1606,0.0015098213597417322
59,nos,1606,0.0015098213597417322
60,eso,1574,0.0014797377460980612
61,él,1547,0.001454354697086214
62,sobre,1540,0.001447773906601661
63,?,1537,0.0014449535678225669
64,##o,1529,0.0014374326644116492
65,##w,1505,0.001414869954178896
66,dos,1475,0.0013866665663879545
67,dijo,1452,0.001365043969081566
68,tan,1445,0.0013584631785970131
69,##r,1431,0.0013453015976279071
70,ella,1428,0.001342481258848813
71,qué,1425,0.0013396609200697189
72,##ta,1411,0.0013264993391006127
73,bolsillos,1404,0.0013199185486160597
74,Pero,1372,0.001289834934972389
75,también,1335,0.0012550507566968943
76,desde,1325,0.0012456496274332472
77,todos,1298,0.0012202665784214
78,noche,1283,0.0012061648845259293
79,##ado,1279,0.0012024044328204705
80,nunca,1276,0.0011995840940413763
81,La,1270,0.001193943416483188
82,años,1246,0.0011713807062504347
83,##ban,1232,0.0011582191252813288
84,¿,1225,0.0011516383347967758
85,J,1213,0.0011403569796803992
86,Cuando,1202,0.0011300157374903874
87,nada,1193,0.001121554721153105
88,cada,1186,0.001114973930668552
89,ver,1182,0.0011112134789630931
90,algo,1157,0.0010877106558039751
91,##da,1155,0.0010858304299512457
92,poco,1147,0.001078309526540328
93,),1138,0.0010698485102030456
94,(,1135,0.0010670281714239515
95,familia,1112,0.001045405574117563
96,solo,1108,0.0010416451224121042
97,nadie,1096,0.0010303637672957275
98,les,1082,0.0010172021863266215
99,!,1048,0.0009852383468302213
100,yo,1040,0.0009777174434193036
101,##se,1026,0.0009645558624501975
102,##mente,1017,0.0009560948461129151
103,muy,1010,0.0009495140556283621
104,##án,1002,0.0009419931522174444
105,ojos,993,0.0009335321358801619
106,##k,991,0.0009316519100274325
107,Emi,985,0.0009260112324692442
108,##lia,985,0.0009260112324692442
109,##ita,981,0.0009222507807637853
110,eran,977,0.0009184903290583265
111,¡,976,0.0009175502161319618
112,donde,952,0.0008949875058992086
113,ahí,947,0.000890286941267385
114,antes,940,0.000883706150782832
115,hermano,931,0.0008752451344455496
116,bien,914,0.0008592632146973494
117,ni,912,0.00085738298884462
118,siempre,910,0.0008555027629918905
119,Mat,905,0.000850802198360067
120,##ías,905,0.000850802198360067
121,mismo,904,0.0008498620854337023
122,vida,902,0.0008479818595809728
123,##ord,900,0.0008461016337282434
124,podía,897,0.0008432812949491493
125,volvió,893,0.0008395208432436904
126,##ía,885,0.0008319999398327727
127,gente,879,0.0008263592622745845
128,##la,879,0.0008263592622745845
129,hombre,875,0.0008225988105691256
130,hacer,867,0.0008150779071582078
131,Alejandro,867,0.0008150779071582078
132,entre,846,0.0007953355357045489
133,En,829,0.0007793536159563486
134,luz,817,0.0007680722608399721
135,menos,815,0.0007661920349872427
136,esta,810,0.0007614914703554191
137,Ber,802,0.0007539705669445014
138,##mos,798,0.0007502101152390426
139,Leopol,792,0.0007445694376808542
140,mañana,790,0.0007426892118281247
141,El,787,0.0007398688730490306
142,Después,787,0.0007398688730490306
143,otro,785,0.0007379886471963012
144,##es,782,0.000735168308417207
145,mientras,777,0.0007304677437853835
146,ahora,775,0.0007285875179326541
147,empezó,774,0.0007276474050062894
148,primera,774,0.0007276474050062894
149,cabeza,772,0.0007257671791535599
150,pasar,770,0.0007238869533008305
151,ser,758,0.000712605598184454
152,W,755,0.0007097852594053598
153,uno,754,0.0007088451464789951
154,cama,741,0.0006966236784362537
155,##aba,739,0.0006947434525835243
156,está,739,0.0006947434525835243
157,##te,731,0.0006872225491726066
158,veces,730,0.0006862824362462419
159,todas,730,0.0006862824362462419
160,cuerpo,728,0.0006844022103935125
161,mujer,714,0.0006712406294244065
162,estaban,714,0.0006712406294244065
163,##le,714,0.0006712406294244065
164,habían,710,0.0006674801777189475
165,tiempo,708,0.0006655999518662181
166,Tomás,705,0.000662779613087124
167,mano,699,0.0006571389355289357
168,##d,695,0.0006533784838234769
169,puerta,691,0.000649618032118018
170,cosas,683,0.0006420971287071003
171,mis,682,0.0006411570157807356
172,llegó,678,0.0006373965640752768
173,esposa,675,0.0006345762252961826
174,##ín,675,0.0006345762252961826
175,marido,674,0.0006336361123698179
176,aunque,671,0.0006308157735907238
177,otra,670,0.000629875660664359
178,así,658,0.0006185943055479824
179,tarde,657,0.0006176541926216177
180,mucho,655,0.0006157739667688883
181,Mad,655,0.0006157739667688883
182,##ell,655,0.0006157739667688883
183,vieja,653,0.0006138937409161588
184,##ar,651,0.0006120135150634294
185,Los,651,0.0006120135150634294
186,sentía,646,0.0006073129504316059
187,vio,644,0.0006054327245788764
188,##ef,643,0.0006044926116525117
189,##iel,643,0.0006044926116525117
190,nena,642,0.000603552498726147
191,tener,641,0.0006026123857997823
192,mundo,636,0.0005979118211679587
193,estar,632,0.0005941513694624999
194,días,628,0.0005903909177570409
195,No,626,0.0005885106919043115
196,haciendo,623,0.0005856903531252174
197,hubo,612,0.0005753491109352055
198,unas,612,0.0005753491109352055
199,durante,612,0.0005753491109352055
200,entonces,608,0.0005715886592297467
201,tía,608,0.0005715886592297467
202,nuestra,605,0.0005687683204506525
203,Adrian,601,0.0005650078687451937
204,padres,596,0.0005603073041133701
205,##to,592,0.0005565468524079113
206,mirada,591,0.0005556067394815466
207,patio,590,0.0005546666265551819
208,momento,588,0.0005527864007024523
209,ellos,587,0.0005518462877760876
210,iba,586,0.0005509061748497229
211,tenían,584,0.0005490259489969935
212,cuenta,576,0.0005415050455860758
213,Hasta,576,0.0005415050455860758
214,venía,574,0.0005396248197333464
215,mirar,573,0.0005386847068069816
216,;,572,0.0005377445938806169
217,sino,568,0.0005339841421751581
218,tra,566,0.0005321039163224287
219,alguien,564,0.0005302236904696992
220,sangre,563,0.0005292835775433345
221,ropa,562,0.0005283434646169698
222,tuvo,559,0.0005255231258378757
223,Benjam,559,0.0005255231258378757
224,padre,557,0.0005236428999851462
225,quedó,556,0.0005227027870587815
226,Sil,549,0.0005161219965742285
227,##via,549,0.0005161219965742285
228,casi,547,0.000514241770721499
229,Y,546,0.0005133016577951343
230,perro,546,0.0005133016577951343
231,##ando,543,0.0005104813190160402
232,lado,538,0.0005057807543842166
233,Alicia,538,0.0005057807543842166
234,son,530,0.0004982598509732989
235,##c,529,0.0004973197380469342
236,madre,526,0.0004944993992678401
237,pudo,525,0.0004935592863414753
238,cómo,525,0.0004935592863414753
239,calle,525,0.0004935592863414753
240,mirando,521,0.0004897988346360165
241,tanto,519,0.0004879186087832871
242,mujeres,518,0.0004869784958569223
243,##ia,517,0.0004860383829305576
244,pasó,516,0.0004850982700041929
245,##l,516,0.0004850982700041929
246,Ella,513,0.00048227793122509875
247,solamente,513,0.00048227793122509875
248,contra,512,0.00048133781829873403
249,siguiente,511,0.0004803977053723693
250,manos,510,0.0004794575924460046
251,fueron,508,0.0004775773665932752
252,##ja,506,0.00047569714074054576
253,hora,503,0.0004728768019614516
254,silencio,501,0.0004709965761087222
255,sí,501,0.0004709965761087222
256,pasaba,498,0.00046817623732962806
257,toda,497,0.0004672361244032633
258,##z,496,0.0004662960114768986
259,hay,495,0.00046535589855053387
260,tiene,493,0.00046347567269780445
261,##ni,487,0.00045783499513961617
262,##eta,486,0.00045689488221325146
263,##ada,478,0.00044937397880233376
264,quiso,478,0.00044937397880233376
265,agua,476,0.0004474937529496043
266,instante,473,0.00044467341417051015
267,algún,473,0.00044467341417051015
268,dio,471,0.0004427931883177807
269,daba,470,0.000441853075391416
270,espejo,469,0.0004409129624650513
271,Por,465,0.00043715251075959245
272,sub,464,0.00043621239783322774
273,personas,464,0.00043621239783322774
274,nosotros,463,0.000435272284906863
275,piso,461,0.0004333920590541336
276,cos,460,0.0004324519461277689
277,cosa,459,0.0004315118332014042
278,sirvi,459,0.0004315118332014042
279,##í,459,0.0004315118332014042
280,Una,458,0.00043057172027503946
281,Hal,458,0.00043057172027503946
282,##cro,458,0.00043057172027503946
283,sabía,457,0.0004296316073486747
284,cuatro,456,0.00042869149442231
285,bosque,452,0.00042493104271685114
286,idiotas,451,0.0004239909297904864
287,fuera,447,0.0004202304780850276
288,##era,446,0.00041929036515866286
289,fin,443,0.0004164700263795687
290,llevar,441,0.0004145898005268393
291,ir,441,0.0004145898005268393
292,parecía,440,0.0004136496876004746
293,realidad,440,0.0004136496876004746
294,salía,437,0.00041082934882138045
295,forma,435,0.00040894912296865097
296,sido,435,0.00040894912296865097
297,idea,430,0.0004042485583368274
298,Hum,430,0.0004042485583368274
299,##bert,430,0.0004042485583368274
300,saber,426,0.00040048810663136856
301,terminó,425,0.00039954799370500385
302,medio,425,0.00039954799370500385
303,poder,424,0.00039860788077863914
304,última,423,0.0003976677678522744
305,Ma,423,0.0003976677678522744
306,##zzi,423,0.0003976677678522744
307,embargo,422,0.0003967276549259097
308,##lo,421,0.000395787541999545
309,##ca,421,0.000395787541999545
310,##das,421,0.000395787541999545
311,muerto,420,0.0003948474290731803
312,entender,417,0.00039202709029408615
313,decir,416,0.0003910869773677214
314,enseguida,416,0.0003910869773677214
315,par,413,0.00038826663858862725
316,preguntó,412,0.00038732652566226254
317,##ial,412,0.00038732652566226254
318,pie,411,0.0003863864127358978
319,habitación,409,0.0003845061868831684
320,fuerte,405,0.00038074573517770955
321,puso,403,0.0003788655093249801
322,manera,402,0.0003779253963986154
323,lejos,402,0.0003779253963986154
324,hace,402,0.0003779253963986154
325,hijo,402,0.0003779253963986154
326,tap,402,0.0003779253963986154
327,Así,401,0.0003769852834722507
328,##enta,399,0.0003751050576195213
329,fotógrafo,399,0.0003751050576195213
330,ante,398,0.00037416494469315656
331,invierno,397,0.00037322483176679185
332,preguntar,397,0.00037322483176679185
333,##e,395,0.0003713446059140624
334,parece,395,0.0003713446059140624
335,re,394,0.00037040449298769766
336,pobre,390,0.0003666440412822388
337,col,389,0.0003657039283558741
338,##aban,387,0.0003638237025031447
339,##ica,387,0.0003638237025031447
340,ideas,385,0.00036194347665041525
341,##dió,382,0.0003591231378713211
342,##ría,381,0.0003581830249449564
343,pronto,381,0.0003581830249449564
344,siete,380,0.0003572429120185917
345,siquiera,379,0.000356302799092227
346,va,377,0.00035442257323949755
347,hombres,376,0.00035348246031313284
348,pensar,373,0.00035066212153403865
349,##nos,371,0.0003487818956813092
350,pasado,371,0.0003487818956813092
351,seguía,369,0.0003469016698285798
352,##ma,368,0.0003459615569022151
353,perdido,368,0.0003459615569022151
354,nieve,366,0.00034408133104948566
355,amor,366,0.00034408133104948566
356,frente,366,0.00034408133104948566
357,mal,364,0.00034220110519675624
358,podían,359,0.0003375005405649327
359,imbécil,358,0.00033656042763856797
360,##an,356,0.00033468020178583854
361,segundo,356,0.00033468020178583854
362,este,356,0.00033468020178583854
363,Cel,356,0.00033468020178583854
364,mejor,353,0.00033185986300674435
365,sol,353,0.00033185986300674435
366,atención,351,0.0003299796371540149
367,bajo,351,0.0003299796371540149
368,tres,347,0.0003262191854485561
369,cielo,346,0.00032527907252219136
370,Entonces,346,0.00032527907252219136
371,ciudad,345,0.00032433895959582665
372,esos,342,0.0003215186208167325
373,tomar,342,0.0003215186208167325
374,médico,341,0.0003205785078903678
375,fla,340,0.0003196383949640031
376,punto,340,0.0003196383949640031
377,mayor,339,0.0003186982820376384
378,entró,339,0.0003186982820376384
379,cuarto,339,0.0003186982820376384
380,todavía,338,0.00031775816911127367
381,junto,338,0.00031775816911127367
382,atraves,336,0.00031587794325854424
383,cara,335,0.0003149378303321795
384,##tó,335,0.0003149378303321795
385,atrás,334,0.00031399771740581476
386,##ró,332,0.00031211749155308534
387,animal,332,0.00031211749155308534
388,car,331,0.0003111773786267206
389,ab,331,0.0003111773786267206
390,viento,331,0.0003111773786267206
391,termina,330,0.0003102372657003559
392,llegar,329,0.0003092971527739912
393,lugar,328,0.0003083570398476265
394,lentamente,325,0.00030553670106853235
395,amigo,325,0.00030553670106853235
396,gesto,325,0.00030553670106853235
397,árboles,324,0.00030459658814216764
398,Rub,324,0.00030459658814216764
399,misma,323,0.00030365647521580293
400,parte,323,0.00030365647521580293
401,volvieron,323,0.00030365647521580293
402,Luna,321,0.0003017762493630735
403,##co,321,0.0003017762493630735
404,haber,320,0.0003008361364367088
405,Todos,320,0.0003008361364367088
406,aquella,320,0.0003008361364367088
407,hotel,320,0.0003008361364367088
408,miedo,319,0.0002998960235103441
409,nuestras,318,0.00029895591058397937
410,##ón,318,0.00029895591058397937
411,patin,318,0.00029895591058397937
412,e,317,0.00029801579765761465
413,empezaron,317,0.00029801579765761465
414,ningún,317,0.00029801579765761465
415,Durante,317,0.00029801579765761465
416,color,316,0.00029707568473124994
417,miró,315,0.00029613557180488523
418,sea,315,0.00029613557180488523
419,##eron,314,0.00029519545887852046
420,ruido,314,0.00029519545887852046
421,adentro,313,0.00029425534595215575
422,hecho,312,0.00029331523302579104
423,unos,312,0.00029331523302579104
424,Pró,312,0.00029331523302579104
425,##pero,312,0.00029331523302579104
426,asom,311,0.0002923751200994263
427,hacía,311,0.0002923751200994263
428,volver,309,0.0002904948942466969
429,música,308,0.0002895547813203322
430,Un,308,0.0002895547813203322
431,linterna,307,0.0002886146683939675
432,podemos,306,0.00028767455546760277
433,finalmente,303,0.00028485421668850863
434,natural,303,0.00028485421668850863
435,raro,301,0.0002829739908357792
436,tocar,300,0.0002820338779094145
437,iban,300,0.0002820338779094145
438,X,298,0.00028015365205668507
439,dormir,298,0.00028015365205668507
440,##ton,298,0.00028015365205668507
441,alguna,297,0.00027921353913032035
442,Brasil,297,0.00027921353913032035
443,cartas,297,0.00027921353913032035
444,capa,296,0.00027827342620395564
445,capitán,296,0.00027827342620395564
446,trabajo,295,0.00027733331327759093
447,alegría,293,0.00027545308742486145
448,cobre,293,0.00027545308742486145
449,tampoco,292,0.00027451297449849674
450,almoh,292,0.00027451297449849674
451,##sa,291,0.00027357286157213203
452,habitaciones,290,0.0002726327486457673
453,sola,290,0.0002726327486457673
454,sintió,290,0.0002726327486457673
455,dice,289,0.0002716926357194026
456,dar,288,0.0002707525227930379
457,mamá,288,0.0002707525227930379
458,##ga,288,0.0002707525227930379
459,Lo,287,0.0002698124098666732
460,##ito,287,0.0002698124098666732
461,##vía,287,0.0002698124098666732
462,Ne,287,0.0002698124098666732
463,cierto,286,0.00026887229694030847
464,pedir,286,0.00026887229694030847
465,tomó,286,0.00026887229694030847
466,ve,286,0.00026887229694030847
467,apenas,284,0.00026699207108757904
468,pis,284,0.00026699207108757904
469,can,284,0.00026699207108757904
470,leer,283,0.00026605195816121433
471,##eda,283,0.00026605195816121433
472,final,282,0.0002651118452348496
473,quizá,282,0.0002651118452348496
474,brazo,282,0.0002651118452348496
475,ta,282,0.0002651118452348496
476,llegaba,282,0.0002651118452348496
477,número,282,0.0002651118452348496
478,verdad,281,0.0002641717323084849
479,tún,281,0.0002641717323084849
480,Mientras,281,0.0002641717323084849
481,levantó,281,0.0002641717323084849
482,justo,281,0.0002641717323084849
483,primer,281,0.0002641717323084849
484,delicada,280,0.0002632316193821202
485,##les,280,0.0002632316193821202
486,visitar,280,0.0002632316193821202
487,##tita,280,0.0002632316193821202
488,mí,279,0.0002622915064557555
489,ventana,279,0.0002622915064557555
490,papá,279,0.0002622915064557555
491,historia,278,0.00026135139352939077
492,cualquier,278,0.00026135139352939077
493,Era,278,0.00026135139352939077
494,##ción,277,0.00026041128060302606
495,algunos,275,0.00025853105475029663
496,circo,275,0.00025853105475029663
497,A,274,0.00025759094182393186
498,hacia,274,0.00025759094182393186
499,pelo,274,0.00025759094182393186
500,pensaba,273,0.00025665082889756715
501,cambia,273,0.00025665082889756715
502,siguió,273,0.00025665082889756715
503,pensamiento,273,0.00025665082889756715
504,##as,272,0.00025571071597120244
505,además,272,0.00025571071597120244
506,llevaron,272,0.00025571071597120244
507,quería,272,0.00025571071597120244
508,naturaleza,271,0.00025477060304483773
509,tapa,270,0.000253830490118473
510,aire,270,0.000253830490118473
511,Se,269,0.0002528903771921083
512,estamos,268,0.0002519502642657436
513,salir,268,0.0002519502642657436
514,##dido,268,0.0002519502642657436
515,ataúd,266,0.00025007003841301417
516,vivir,266,0.00025007003841301417
517,buscar,266,0.00025007003841301417
518,Eran,265,0.00024912992548664945
519,café,265,0.00024912992548664945
520,tipo,264,0.00024818981256028474
521,colores,264,0.00024818981256028474
522,minutos,264,0.00024818981256028474
523,hizo,263,0.00024724969963392003
524,explicación,262,0.0002463095867075553
525,morir,262,0.0002463095867075553
526,##va,262,0.0002463095867075553
527,##ra,262,0.0002463095867075553
528,puede,260,0.0002444293608548259
529,hablar,260,0.0002444293608548259
530,visto,260,0.0002444293608548259
531,gritó,259,0.00024348924792846115
532,Al,259,0.00024348924792846115
533,cerca,259,0.00024348924792846115
534,Chur,258,0.00024254913500209644
535,##chill,258,0.00024254913500209644
536,incluso,258,0.00024254913500209644
537,##é,258,0.00024254913500209644
538,pesar,258,0.00024254913500209644
539,nombre,258,0.00024254913500209644
540,quedar,257,0.00024160902207573173
541,funcionario,257,0.00024160902207573173
542,Aunque,256,0.00024066890914936702
543,muchas,256,0.00024066890914936702
544,##los,256,0.00024066890914936702
545,hoy,255,0.0002397287962230023
546,te,253,0.00023784857037027288
547,tal,253,0.00023784857037027288
548,pos,253,0.00023784857037027288
549,pensando,252,0.00023690845744390817
550,fondo,252,0.00023690845744390817
551,pudiera,251,0.00023596834451754346
552,boca,251,0.00023596834451754346
553,Es,251,0.00023596834451754346
554,Ahí,251,0.00023596834451754346
555,muerte,251,0.00023596834451754346
556,vista,250,0.00023502823159117874
557,espacio,250,0.00023502823159117874
558,podría,248,0.0002331480057384493
559,fuerza,248,0.0002331480057384493
560,cigarrillo,248,0.0002331480057384493
561,problemas,248,0.0002331480057384493
562,Sin,247,0.00023220789281208458
563,encontrar,247,0.00023220789281208458
564,an,247,0.00023220789281208458
565,apoyada,247,0.00023220789281208458
566,tarea,246,0.00023126777988571987
567,auto,246,0.00023126777988571987
568,bate,246,0.00023126777988571987
569,bolsillo,244,0.00022938755403299044
570,##jo,244,0.00022938755403299044
571,blanco,244,0.00022938755403299044
572,##ad,244,0.00022938755403299044
573,enferma,244,0.00022938755403299044
574,dormía,243,0.00022844744110662573
575,despertó,243,0.00022844744110662573
576,persona,242,0.00022750732818026102
577,béisbol,242,0.00022750732818026102
578,otros,241,0.0002265672152538963
579,vieron,241,0.0002265672152538963
580,jardín,241,0.0002265672152538963
581,##de,241,0.0002265672152538963
582,única,241,0.0002265672152538963
583,dentro,241,0.0002265672152538963
584,Con,240,0.0002256271023275316
585,accidente,240,0.0002256271023275316
586,Siglo,240,0.0002256271023275316
587,##tas,240,0.0002256271023275316
588,completamente,239,0.00022468698940116688
589,##gó,239,0.00022468698940116688
590,Como,239,0.00022468698940116688
591,##osa,239,0.00022468698940116688
592,cayó,238,0.00022374687647480214
593,É,237,0.00022280676354843743
594,##dura,237,0.00022280676354843743
595,haya,236,0.00022186665062207272
596,##cito,236,0.00022186665062207272
597,dejó,236,0.00022186665062207272
598,barrio,235,0.000220926537695708
599,Para,235,0.000220926537695708
600,trans,235,0.000220926537695708
601,torta,234,0.0002199864247693433
602,quién,234,0.0002199864247693433
603,##té,234,0.0002199864247693433
604,segunda,233,0.00021904631184297858
605,peste,233,0.00021904631184297858
606,paso,232,0.00021810619891661387
607,época,232,0.00021810619891661387
608,avanza,232,0.00021810619891661387
609,at,231,0.00021716608599024916
610,altura,231,0.00021716608599024916
611,hablaba,230,0.00021622597306388444
612,pueblo,230,0.00021622597306388444
613,enci,230,0.00021622597306388444
614,pasando,229,0.00021528586013751973
615,corriendo,229,0.00021528586013751973
616,##ho,229,0.00021528586013751973
617,magia,228,0.000214345747211155
618,corazón,228,0.000214345747211155
619,respondió,227,0.00021340563428479028
620,habrá,227,0.00021340563428479028
621,##dar,227,0.00021340563428479028
622,##zó,227,0.00021340563428479028
623,pasaron,227,0.00021340563428479028
624,cartera,226,0.00021246552135842557
625,resto,226,0.00021246552135842557
626,estado,226,0.00021246552135842557
627,##si,226,0.00021246552135842557
628,arena,226,0.00021246552135842557
629,lana,225,0.00021152540843206086
630,pasillo,225,0.00021152540843206086
631,##aron,225,0.00021152540843206086
632,animales,225,0.00021152540843206086
633,llamó,224,0.00021058529550569614
634,Porque,224,0.00021058529550569614
635,médicos,224,0.00021058529550569614
636,desan,224,0.00021058529550569614
637,través,223,0.00020964518257933143
638,dejado,223,0.00020964518257933143
639,caminar,223,0.00020964518257933143
640,escuela,223,0.00020964518257933143
641,aman,222,0.00020870506965296672
642,plumas,222,0.00020870506965296672
643,horror,221,0.000207764956726602
644,llo,220,0.0002068248438002373
645,cuerpos,220,0.0002068248438002373
646,larga,220,0.0002068248438002373
647,tuvieron,220,0.0002068248438002373
648,chicos,219,0.00020588473087387258
649,mesa,219,0.00020588473087387258
650,sacu,219,0.00020588473087387258
651,notar,219,0.00020588473087387258
652,veía,219,0.00020588473087387258
653,Muerte,219,0.00020588473087387258
654,último,218,0.00020494461794750784
655,##pa,218,0.00020494461794750784
656,vuelta,218,0.00020494461794750784
657,dedos,218,0.00020494461794750784
658,caliente,217,0.00020400450502114313
659,fueran,217,0.00020400450502114313
660,cambio,217,0.00020400450502114313
661,príncipe,217,0.00020400450502114313
662,sabe,217,0.00020400450502114313
663,##amos,216,0.00020306439209477842
664,quizás,216,0.00020306439209477842
665,llegara,216,0.00020306439209477842
666,##ro,215,0.0002021242791684137
667,libro,215,0.0002021242791684137
668,sonrisa,215,0.0002021242791684137
669,primeros,215,0.0002021242791684137
670,Había,215,0.0002021242791684137
671,hun,215,0.0002021242791684137
672,masa,215,0.0002021242791684137
673,dejaron,214,0.000201184166242049
674,adolescente,214,0.000201184166242049
675,nuestro,214,0.000201184166242049
676,primero,214,0.000201184166242049
677,calor,213,0.00020024405331568428
678,cuchillo,213,0.00020024405331568428
679,seguro,213,0.00020024405331568428
680,estuviera,213,0.00020024405331568428
681,arco,213,0.00020024405331568428
682,##ír,213,0.00020024405331568428
683,##is,213,0.00020024405331568428
684,chica,212,0.00019930394038931957
685,##ados,212,0.00019930394038931957
686,decidido,212,0.00019930394038931957
687,pies,212,0.00019930394038931957
688,agarrar,212,0.00019930394038931957
689,pidió,211,0.00019836382746295486
690,##ue,211,0.00019836382746295486
691,ciencia,211,0.00019836382746295486
692,pozo,211,0.00019836382746295486
693,suerte,210,0.00019742371453659014
694,aplauso,210,0.00019742371453659014
695,luego,210,0.00019742371453659014
696,año,210,0.00019742371453659014
697,reloj,210,0.00019742371453659014
698,##taba,210,0.00019742371453659014
699,enorme,210,0.00019742371453659014
700,allá,210,0.00019742371453659014
701,pren,210,0.00019742371453659014
702,silla,210,0.00019742371453659014
703,punta,209,0.00019648360161022543
704,caer,209,0.00019648360161022543
705,educación,209,0.00019648360161022543
706,diferentes,209,0.00019648360161022543
707,corrió,209,0.00019648360161022543
708,tratando,208,0.0001955434886838607
709,entero,208,0.0001955434886838607
710,darse,208,0.0001955434886838607
711,igual,208,0.0001955434886838607
712,debajo,208,0.0001955434886838607
713,fácil,208,0.0001955434886838607
714,llena,208,0.0001955434886838607
715,apoyó,208,0.0001955434886838607
716,detuvo,207,0.00019460337575749598
717,cuestión,206,0.00019366326283113127
718,pusieron,206,0.00019366326283113127
719,playa,206,0.00019366326283113127
720,conocía,205,0.00019272314990476656
721,recordar,205,0.00019272314990476656
722,##ida,205,0.00019272314990476656
723,guardar,205,0.00019272314990476656
724,##os,205,0.00019272314990476656
725,misterio,204,0.00019178303697840184
726,aparece,204,0.00019178303697840184
727,directamente,204,0.00019178303697840184
728,aparecen,204,0.00019178303697840184
729,probar,203,0.00019084292405203713
730,éxito,203,0.00019084292405203713
731,imposible,203,0.00019084292405203713
732,sos,203,0.00019084292405203713
733,Qué,202,0.00018990281112567242
734,músicos,202,0.00018990281112567242
735,anterior,202,0.00018990281112567242
736,rostro,202,0.00018990281112567242
737,usted,202,0.00018990281112567242
738,plata,202,0.00018990281112567242
739,decirle,201,0.0001889626981993077
740,película,200,0.000188022585272943
741,##tes,200,0.000188022585272943
742,bolso,200,0.000188022585272943
743,posibilidad,200,0.000188022585272943
744,difícil,200,0.000188022585272943
745,paisaje,199,0.00018708247234657828
746,##je,199,0.00018708247234657828
747,esas,199,0.00018708247234657828
748,caballo,198,0.00018614235942021354
749,muchos,197,0.00018520224649384883
750,horas,197,0.00018520224649384883
751,puedo,197,0.00018520224649384883
752,fuego,197,0.00018520224649384883
753,tierra,197,0.00018520224649384883
754,hijos,197,0.00018520224649384883
755,foto,197,0.00018520224649384883
756,llorar,196,0.00018426213356748412
757,máscara,196,0.00018426213356748412
758,pareció,195,0.0001833220206411194
759,preparado,195,0.0001833220206411194
760,estas,193,0.00018144179478838998
761,dejar,192,0.00018050168186202527
762,almorzar,192,0.00018050168186202527
763,oscura,192,0.00018050168186202527
764,Roja,192,0.00018050168186202527
765,empa,191,0.00017956156893566056
766,estos,191,0.00017956156893566056
767,jugar,191,0.00017956156893566056
768,mar,189,0.00017768134308293113
769,fuga,189,0.00017768134308293113
770,ocho,189,0.00017768134308293113
771,saco,188,0.00017674123015656642
772,Recién,188,0.00017674123015656642
773,usar,188,0.00017674123015656642
774,fracaso,187,0.00017580111723020168
775,empecé,187,0.00017580111723020168
776,querían,186,0.00017486100430383697
777,disfraz,186,0.00017486100430383697
778,corte,185,0.00017392089137747226
779,onda,185,0.00017392089137747226
780,diez,185,0.00017392089137747226
781,##tible,184,0.00017298077845110754
782,pagar,184,0.00017298077845110754
783,media,183,0.00017204066552474283
784,normal,182,0.00017110055259837812
785,ayuda,182,0.00017110055259837812
786,nueve,182,0.00017110055259837812
787,tremen,182,0.00017110055259837812
788,dijeron,182,0.00017110055259837812
789,##tía,181,0.0001701604396720134
790,llamado,181,0.0001701604396720134
791,quinta,181,0.0001701604396720134
792,impuestos,181,0.0001701604396720134
793,claro,180,0.0001692203267456487
794,inmenso,180,0.0001692203267456487
795,##á,180,0.0001692203267456487
796,esto,179,0.00016828021381928398
797,salud,179,0.00016828021381928398
798,escucha,179,0.00016828021381928398
799,murió,179,0.00016828021381928398
800,clase,179,0.00016828021381928398
801,catorce,179,0.00016828021381928398
802,carb,179,0.00016828021381928398
803,##oni,179,0.00016828021381928398
804,hermana,179,0.00016828021381928398
805,pianista,178,0.00016734010089291927
806,trabajos,178,0.00016734010089291927
807,Este,178,0.00016734010089291927
808,reflejo,177,0.00016639998796655453
809,##ante,177,0.00016639998796655453
810,salió,177,0.00016639998796655453
811,sale,177,0.00016639998796655453
812,extraño,176,0.00016545987504018982
813,rato,176,0.00016545987504018982
814,perdió,175,0.0001645197621138251
815,espalda,175,0.0001645197621138251
816,dónde,174,0.0001635796491874604
817,largo,174,0.0001635796491874604
818,deli,174,0.0001635796491874604
819,cinco,174,0.0001635796491874604
820,##raba,174,0.0001635796491874604
821,llamaba,174,0.0001635796491874604
822,recibir,174,0.0001635796491874604
823,lluvia,174,0.0001635796491874604
824,funda,173,0.00016263953626109568
825,entrada,173,0.00016263953626109568
826,familiar,173,0.00016263953626109568
827,cuanto,173,0.00016263953626109568
828,conv,173,0.00016263953626109568
829,##ulsiones,173,0.00016263953626109568
830,tranquilidad,173,0.00016263953626109568
831,colegio,172,0.00016169942333473097
832,##ara,172,0.00016169942333473097
833,Nac,172,0.00016169942333473097
834,equilibrio,172,0.00016169942333473097
835,palo,172,0.00016169942333473097
836,varios,172,0.00016169942333473097
837,zona,172,0.00016169942333473097
838,Las,171,0.00016075931040836626
839,saqué,171,0.00016075931040836626
840,pregunta,171,0.00016075931040836626
841,esfuerzo,171,0.00016075931040836626
842,camina,171,0.00016075931040836626
843,temprano,171,0.00016075931040836626
844,##ast,171,0.00016075931040836626
845,##cían,171,0.00016075931040836626
846,acostumbr,171,0.00016075931040836626
847,escala,170,0.00015981919748200155
848,quedaba,170,0.00015981919748200155
849,comer,170,0.00015981919748200155
850,ol,170,0.00015981919748200155
851,decidieron,169,0.00015887908455563683
852,hicieron,169,0.00015887908455563683
853,##ación,169,0.00015887908455563683
854,olor,169,0.00015887908455563683
855,desgracia,169,0.00015887908455563683
856,gobierno,169,0.00015887908455563683
857,menor,168,0.00015793897162927212
858,abuela,168,0.00015793897162927212
859,viera,167,0.00015699885870290738
860,quedaron,167,0.00015699885870290738
861,nene,167,0.00015699885870290738
862,##tado,167,0.00015699885870290738
863,castillo,167,0.00015699885870290738
864,levan,166,0.00015605874577654267
865,voz,166,0.00015605874577654267
866,conocimiento,166,0.00015605874577654267
867,distintos,166,0.00015605874577654267
868,entra,166,0.00015605874577654267
869,arreglar,166,0.00015605874577654267
870,tre,166,0.00015605874577654267
871,noches,166,0.00015605874577654267
872,##adas,166,0.00015605874577654267
873,##ch,166,0.00015605874577654267
874,gritos,166,0.00015605874577654267
875,cualquiera,166,0.00015605874577654267
876,suelo,165,0.00015511863285017796
877,abuelo,165,0.00015511863285017796
878,pegó,165,0.00015511863285017796
879,hojas,165,0.00015511863285017796
880,callado,165,0.00015511863285017796
881,huir,165,0.00015511863285017796
882,llega,165,0.00015511863285017796
883,supuesto,164,0.00015417851992381324
884,De,164,0.00015417851992381324
885,gracioso,164,0.00015417851992381324
886,vi,164,0.00015417851992381324
887,##zo,164,0.00015417851992381324
888,odio,164,0.00015417851992381324
889,dirección,164,0.00015417851992381324
890,lista,164,0.00015417851992381324
891,ambulancia,164,0.00015417851992381324
892,ponía,163,0.00015323840699744853
893,hacían,163,0.00015323840699744853
894,compró,163,0.00015323840699744853
895,están,163,0.00015323840699744853
896,teléfono,163,0.00015323840699744853
897,##ble,163,0.00015323840699744853
898,ca,163,0.00015323840699744853
899,sil,163,0.00015323840699744853
900,llevó,163,0.00015323840699744853
901,Nunca,163,0.00015323840699744853
902,tristeza,163,0.00015323840699744853
903,llora,163,0.00015323840699744853
904,##ísima,162,0.00015229829407108382
905,sal,162,0.00015229829407108382
906,nota,162,0.00015229829407108382
907,##tos,162,0.00015229829407108382
908,arrancar,162,0.00015229829407108382
909,espectáculo,162,0.00015229829407108382
910,apla,162,0.00015229829407108382
911,nueva,161,0.0001513581811447191
912,##jadas,161,0.0001513581811447191
913,alcanza,161,0.0001513581811447191
914,##amente,161,0.0001513581811447191
915,mitad,161,0.0001513581811447191
916,cementerio,160,0.0001504180682183544
917,pasos,160,0.0001504180682183544
918,tanta,160,0.0001504180682183544
919,escapa,160,0.0001504180682183544
920,principio,160,0.0001504180682183544
921,##dó,160,0.0001504180682183544
922,tembl,160,0.0001504180682183544
923,pone,160,0.0001504180682183544
924,invitó,160,0.0001504180682183544
925,aban,160,0.0001504180682183544
926,país,159,0.00014947795529198968
927,explicar,159,0.00014947795529198968
928,##no,159,0.00014947795529198968
929,terrible,159,0.00014947795529198968
930,empu,159,0.00014947795529198968
931,bo,159,0.00014947795529198968
932,belleza,159,0.00014947795529198968
933,##vil,158,0.00014853784236562497
934,##na,158,0.00014853784236562497
935,tras,158,0.00014853784236562497
936,evidencia,158,0.00014853784236562497
937,razón,158,0.00014853784236562497
938,bailar,158,0.00014853784236562497
939,sacar,158,0.00014853784236562497
940,viva,158,0.00014853784236562497
941,mascota,158,0.00014853784236562497
942,mor,157,0.00014759772943926023
943,fracas,157,0.00014759772943926023
944,##ño,157,0.00014759772943926023
945,sería,157,0.00014759772943926023
946,enm,157,0.00014759772943926023
947,llamar,157,0.00014759772943926023
948,pecho,157,0.00014759772943926023
949,grito,157,0.00014759772943926023
950,entendió,157,0.00014759772943926023
951,##chi,157,0.00014759772943926023
952,risa,156,0.00014665761651289552
953,lleno,156,0.00014665761651289552
954,sentar,156,0.00014665761651289552
955,medida,156,0.00014665761651289552
956,tengo,156,0.00014665761651289552
957,modo,156,0.00014665761651289552
958,nervios,156,0.00014665761651289552
959,espada,156,0.00014665761651289552
960,detrás,156,0.00014665761651289552
961,visitante,156,0.00014665761651289552
962,##estra,156,0.00014665761651289552
963,mentira,156,0.00014665761651289552
964,señorita,156,0.00014665761651289552
965,esperando,155,0.0001457175035865308
966,cadáver,155,0.0001457175035865308
967,viol,155,0.0001457175035865308
968,##pos,155,0.0001457175035865308
969,##dos,155,0.0001457175035865308
970,##cho,155,0.0001457175035865308
971,descom,155,0.0001457175035865308
972,verde,155,0.0001457175035865308
973,Llor,155,0.0001457175035865308
974,hospital,155,0.0001457175035865308
975,##dida,155,0.0001457175035865308
976,tela,154,0.0001447773906601661
977,ves,154,0.0001447773906601661
978,quien,154,0.0001447773906601661
979,##cer,154,0.0001447773906601661
980,nuevo,154,0.0001447773906601661
981,pan,154,0.0001447773906601661
982,abrir,154,0.0001447773906601661
983,##ista,154,0.0001447773906601661
984,longitud,154,0.0001447773906601661
985,hiciera,153,0.00014383727773380138
986,aur,153,0.00014383727773380138
987,##rí,153,0.00014383727773380138
988,recuerdo,153,0.00014383727773380138
989,Me,153,0.00014383727773380138
990,palabra,153,0.00014383727773380138
991,##go,153,0.00014383727773380138
992,##idad,153,0.00014383727773380138
993,representan,153,0.00014383727773380138
994,crítico,153,0.00014383727773380138
995,decidió,153,0.00014383727773380138
996,almohada,152,0.00014289716480743667
997,gritar,152,0.00014289716480743667
998,pasa,152,0.00014289716480743667
999,invitados,152,0.00014289716480743667
1000,bastante,151,0.00014195705188107196
1001,extraña,151,0.00014195705188107196
1002,infin,151,0.00014195705188107196
1003,reclam,151,0.00014195705188107196
1004,Si,151,0.00014195705188107196
1005,acercó,151,0.00014195705188107196
1006,esperar,151,0.00014195705188107196
1007,##tados,150,0.00014101693895470725
1008,somos,150,0.00014101693895470725
1009,intimidad,150,0.00014101693895470725
1010,desnudo,149,0.00014007682602834253
1011,digo,149,0.00014007682602834253
1012,##diendo,149,0.00014007682602834253
1013,escru,149,0.00014007682602834253
1014,##tini,149,0.00014007682602834253
1015,decora,149,0.00014007682602834253
1016,entrar,149,0.00014007682602834253
1017,mejores,148,0.00013913671310197782
1018,mayoría,148,0.00013913671310197782
1019,discurso,148,0.00013913671310197782
1020,privacidad,148,0.00013913671310197782
1021,corta,148,0.00013913671310197782
1022,sujeta,147,0.00013819660017561308
1023,flor,147,0.00013819660017561308
1024,árbol,146,0.00013725648724924837
1025,Desde,146,0.00013725648724924837
1026,contenido,146,0.00013725648724924837
1027,ellas,146,0.00013725648724924837
1028,encima,146,0.00013725648724924837
1029,##gaba,146,0.00013725648724924837
1030,siguieron,146,0.00013725648724924837
1031,pasara,146,0.00013725648724924837
1032,entusias,145,0.00013631637432288366
1033,figura,145,0.00013631637432288366
1034,comenzaron,145,0.00013631637432288366
1035,##er,144,0.00013537626139651895
1036,pude,144,0.00013537626139651895
1037,general,144,0.00013537626139651895
1038,derrumb,144,0.00013537626139651895
1039,co,143,0.00013443614847015423
1040,manzana,143,0.00013443614847015423
1041,##X,143,0.00013443614847015423
1042,científica,143,0.00013443614847015423
1043,##ám,143,0.00013443614847015423
1044,propia,143,0.00013443614847015423
1045,abajo,143,0.00013443614847015423
1046,Su,142,0.00013349603554378952
1047,acerca,142,0.00013349603554378952
1048,afuera,142,0.00013349603554378952
1049,cae,141,0.0001325559226174248
1050,nu,141,0.0001325559226174248
1051,pantalones,141,0.0001325559226174248
1052,mismos,141,0.0001325559226174248
1053,##idos,140,0.0001316158096910601
1054,moda,140,0.0001316158096910601
1055,oscuros,139,0.00013067569676469538
1056,Yo,138,0.00012973558383833067
1057,taza,138,0.00012973558383833067
1058,doce,138,0.00012973558383833067
1059,hubiera,137,0.00012879547091196593
1060,fascinante,137,0.00012879547091196593
1061,ocultar,137,0.00012879547091196593
1062,pregun,135,0.0001269152450592365
1063,##tá,135,0.0001269152450592365
1064,Igual,135,0.0001269152450592365
1065,posible,135,0.0001269152450592365
1066,mue,135,0.0001269152450592365
1067,sueño,135,0.0001269152450592365
1068,basura,135,0.0001269152450592365
1069,tío,135,0.0001269152450592365
1070,despertar,134,0.0001259751321328718
1071,buena,133,0.00012503501920650708
1072,camino,133,0.00012503501920650708
1073,Esta,132,0.00012409490628014237
1074,ade,132,0.00012409490628014237
1075,aspecto,132,0.00012409490628014237
1076,Nadie,132,0.00012409490628014237
1077,Roque,132,0.00012409490628014237
1078,fotos,132,0.00012409490628014237
1079,##i,131,0.00012315479335377766
1080,suele,131,0.00012315479335377766
1081,alegre,131,0.00012315479335377766
1082,carácter,131,0.00012315479335377766
1083,inventó,131,0.00012315479335377766
1084,Ese,130,0.00012221468042741295
1085,siesta,130,0.00012221468042741295
1086,sentó,130,0.00012221468042741295
1087,carta,130,0.00012221468042741295
1088,chispa,129,0.00012127456750104822
1089,convertido,129,0.00012127456750104822
1090,existe,128,0.00012033445457468351
1091,##ambul,128,0.00012033445457468351
1092,ambiente,128,0.00012033445457468351
1093,##mi,128,0.00012033445457468351
1094,cans,128,0.00012033445457468351
1095,realmente,127,0.0001193943416483188
1096,creer,127,0.0001193943416483188
1097,Ahora,127,0.0001193943416483188
1098,Casi,127,0.0001193943416483188
1099,##dad,126,0.00011845422872195408
1100,pá,126,0.00011845422872195408
1101,##rio,126,0.00011845422872195408
1102,Ya,126,0.00011845422872195408
1103,Usted,126,0.00011845422872195408
1104,María,125,0.00011751411579558937
1105,hu,125,0.00011751411579558937
1106,paral,125,0.00011751411579558937
1107,##ítica,125,0.00011751411579558937
1108,dieron,124,0.00011657400286922465
1109,ten,124,0.00011657400286922465
1110,baja,124,0.00011657400286922465
1111,roto,124,0.00011657400286922465
1112,Cree,124,0.00011657400286922465
1113,pelota,124,0.00011657400286922465
1114,##clo,124,0.00011657400286922465
1115,##pedia,124,0.00011657400286922465
1116,pena,124,0.00011657400286922465
1117,acuerdo,123,0.00011563388994285993
1118,##viendo,123,0.00011563388994285993
1119,zapa,123,0.00011563388994285993
1120,##tillas,123,0.00011563388994285993
1121,##pirar,123,0.00011563388994285993
1122,Ni,123,0.00011563388994285993
1123,desol,123,0.00011563388994285993
1124,Tenemos,123,0.00011563388994285993
1125,matrimonio,123,0.00011563388994285993
1126,cumpleaños,123,0.00011563388994285993
1127,sirviente,123,0.00011563388994285993
1128,entierro,122,0.00011469377701649522
1129,##sta,122,0.00011469377701649522
1130,##car,122,0.00011469377701649522
1131,##cas,122,0.00011469377701649522
1132,enteras,122,0.00011469377701649522
1133,O,122,0.00011469377701649522
1134,pé,122,0.00011469377701649522
1135,crema,122,0.00011469377701649522
1136,noticias,122,0.00011469377701649522
1137,des,122,0.00011469377701649522
1138,negro,122,0.00011469377701649522
1139,paga,122,0.00011469377701649522
1140,##cido,121,0.00011375366409013051
1141,despierta,121,0.00011375366409013051
1142,vueltas,121,0.00011375366409013051
1143,pil,121,0.00011375366409013051
1144,repi,121,0.00011375366409013051
1145,debían,121,0.00011375366409013051
1146,acompañado,121,0.00011375366409013051
1147,reli,121,0.00011375366409013051
1148,sur,121,0.00011375366409013051
1149,lis,121,0.00011375366409013051
1150,buscó,121,0.00011375366409013051
1151,secreto,121,0.00011375366409013051
1152,sobrino,121,0.00011375366409013051
1153,privilegios,121,0.00011375366409013051
1154,##quil,120,0.0001128135511637658
1155,ataque,120,0.0001128135511637658
1156,mañanas,120,0.0001128135511637658
1157,sopl,120,0.0001128135511637658
1158,##ont,120,0.0001128135511637658
1159,batalla,120,0.0001128135511637658
1160,hubiese,120,0.0001128135511637658
1161,cayeron,120,0.0001128135511637658
1162,##lom,120,0.0001128135511637658
1163,pidieron,120,0.0001128135511637658
1164,funeral,120,0.0001128135511637658
1165,cierra,120,0.0001128135511637658
1166,enloque,119,0.00011187343823740107
1167,estuvieron,119,0.00011187343823740107
1168,##cía,119,0.00011187343823740107
1169,parás,119,0.00011187343823740107
1170,##rar,119,0.00011187343823740107
1171,bal,119,0.00011187343823740107
1172,##dosa,119,0.00011187343823740107
1173,llegando,119,0.00011187343823740107
1174,reple,119,0.00011187343823740107
1175,fresco,119,0.00011187343823740107
1176,compasión,119,0.00011187343823740107
1177,llegaban,118,0.00011093332531103636
1178,estupenda,118,0.00011093332531103636
1179,convencido,118,0.00011093332531103636
1180,##y,118,0.00011093332531103636
1181,débil,118,0.00011093332531103636
1182,manchas,118,0.00011093332531103636
1183,dejé,118,0.00011093332531103636
1184,completo,118,0.00011093332531103636
1185,cami,118,0.00011093332531103636
1186,##llas,118,0.00011093332531103636
1187,##gu,118,0.00011093332531103636
1188,hi,118,0.00011093332531103636
1189,valla,118,0.00011093332531103636
1190,polvo,118,0.00011093332531103636
1191,acabó,117,0.00010999321238467165
1192,volvía,117,0.00010999321238467165
1193,pudieran,117,0.00010999321238467165
1194,tardes,117,0.00010999321238467165
1195,pegado,117,0.00010999321238467165
1196,pica,117,0.00010999321238467165
1197,hip,117,0.00010999321238467165
1198,cor,117,0.00010999321238467165
1199,golpe,117,0.00010999321238467165
1200,mantenía,117,0.00010999321238467165
1201,##hel,117,0.00010999321238467165
1202,creció,117,0.00010999321238467165
1203,##tió,117,0.00010999321238467165
1204,casas,117,0.00010999321238467165
1205,tiró,117,0.00010999321238467165
1206,negros,117,0.00010999321238467165
1207,cruza,117,0.00010999321238467165
1208,lad,117,0.00010999321238467165
1209,hil,116,0.00010905309945830693
1210,trabajar,116,0.00010905309945830693
1211,quitar,116,0.00010905309945830693
1212,linda,116,0.00010905309945830693
1213,agu,116,0.00010905309945830693
1214,larg,116,0.00010905309945830693
1215,movimientos,116,0.00010905309945830693
1216,##nu,116,0.00010905309945830693
1217,cer,116,0.00010905309945830693
1218,##bra,116,0.00010905309945830693
1219,escenario,116,0.00010905309945830693
1220,ejército,116,0.00010905309945830693
1221,dura,116,0.00010905309945830693
1222,terraza,116,0.00010905309945830693
1223,apag,116,0.00010905309945830693
1224,novia,116,0.00010905309945830693
1225,extranjero,116,0.00010905309945830693
1226,deja,116,0.00010905309945830693
1227,sonri,115,0.00010811298653194222
1228,esposo,115,0.00010811298653194222
1229,funer,115,0.00010811298653194222
1230,##aria,115,0.00010811298653194222
1231,Mi,115,0.00010811298653194222
1232,lej,115,0.00010811298653194222
1233,Quizá,115,0.00010811298653194222
1234,orden,115,0.00010811298653194222
1235,desarrollo,115,0.00010811298653194222
1236,patas,115,0.00010811298653194222
1237,tercio,115,0.00010811298653194222
1238,ago,115,0.00010811298653194222
1239,grandes,115,0.00010811298653194222
1240,Intenté,115,0.00010811298653194222
1241,hormigas,115,0.00010811298653194222
1242,desv,115,0.00010811298653194222
1243,llor,115,0.00010811298653194222
1244,ar,115,0.00010811298653194222
1245,salvaje,115,0.00010811298653194222
1246,vecinos,115,0.00010811298653194222
1247,imaginar,114,0.0001071728736055775
1248,llevarse,114,0.0001071728736055775
1249,relleno,114,0.0001071728736055775
1250,conseguido,114,0.0001071728736055775
1251,chico,114,0.0001071728736055775
1252,vaya,114,0.0001071728736055775
1253,piensa,114,0.0001071728736055775
1254,alucin,114,0.0001071728736055775
1255,##aciones,114,0.0001071728736055775
1256,lugares,114,0.0001071728736055775
1257,comunes,114,0.0001071728736055775
1258,cla,114,0.0001071728736055775
1259,##vados,114,0.0001071728736055775
1260,atre,114,0.0001071728736055775
1261,gotas,114,0.0001071728736055775
1262,tendría,114,0.0001071728736055775
1263,marca,114,0.0001071728736055775
1264,##nado,114,0.0001071728736055775
1265,futuro,114,0.0001071728736055775
1266,perrito,114,0.0001071728736055775
1267,##rada,113,0.00010623276067921278
1268,envol,113,0.00010623276067921278
1269,estás,113,0.00010623276067921278
1270,##ísimo,113,0.00010623276067921278
1271,dibujo,113,0.00010623276067921278
1272,Todo,113,0.00010623276067921278
1273,##illa,113,0.00010623276067921278
1274,##eció,113,0.00010623276067921278
1275,despi,113,0.00010623276067921278
1276,limpiar,113,0.00010623276067921278
1277,decisión,113,0.00010623276067921278
1278,ido,113,0.00010623276067921278
1279,vuelve,113,0.00010623276067921278
1280,naranja,113,0.00010623276067921278
1281,jamás,113,0.00010623276067921278
1282,descui,113,0.00010623276067921278
1283,llan,113,0.00010623276067921278
1284,escapó,113,0.00010623276067921278
1285,vino,113,0.00010623276067921278
1286,clandest,113,0.00010623276067921278
1287,##ino,113,0.00010623276067921278
1288,##iste,112,0.00010529264775284807
1289,abri,112,0.00010529264775284807
1290,tur,112,0.00010529264775284807
1291,cuántos,112,0.00010529264775284807
1292,cál,112,0.00010529264775284807
1293,despropor,112,0.00010529264775284807
1294,pública,112,0.00010529264775284807
1295,tiempos,112,0.00010529264775284807
1296,poner,112,0.00010529264775284807
1297,Tenía,112,0.00010529264775284807
1298,exactamente,112,0.00010529264775284807
1299,escuchar,112,0.00010529264775284807
1300,enferme,112,0.00010529264775284807
1301,##ros,112,0.00010529264775284807
1302,Eso,112,0.00010529264775284807
1303,común,112,0.00010529264775284807
1304,preferido,112,0.00010529264775284807
1305,mala,112,0.00010529264775284807
1306,querer,112,0.00010529264775284807
1307,concentrado,112,0.00010529264775284807
1308,duro,112,0.00010529264775284807
1309,espíritu,112,0.00010529264775284807
1310,##ció,112,0.00010529264775284807
1311,cuero,112,0.00010529264775284807
1312,comí,112,0.00010529264775284807
1313,cuándo,112,0.00010529264775284807
1314,obe,112,0.00010529264775284807
1315,Brigada,112,0.00010529264775284807
1316,##quito,112,0.00010529264775284807
1317,podido,111,0.00010435253482648336
1318,##dose,111,0.00010435253482648336
1319,avenida,111,0.00010435253482648336
1320,cincuenta,111,0.00010435253482648336
1321,##gar,111,0.00010435253482648336
1322,vivía,111,0.00010435253482648336
1323,pánico,111,0.00010435253482648336
1324,dieci,111,0.00010435253482648336
1325,Llegar,111,0.00010435253482648336
1326,sorpresa,111,0.00010435253482648336
1327,##endo,111,0.00010435253482648336
1328,llevaba,111,0.00010435253482648336
1329,siendo,111,0.00010435253482648336
1330,aga,111,0.00010435253482648336
1331,izquierda,111,0.00010435253482648336
1332,er,111,0.00010435253482648336
1333,##gui,111,0.00010435253482648336
1334,##arse,111,0.00010435253482648336
1335,angustia,111,0.00010435253482648336
1336,##eri,111,0.00010435253482648336
1337,herman,111,0.00010435253482648336
1338,miraba,111,0.00010435253482648336
1339,seguir,111,0.00010435253482648336
1340,tomaba,111,0.00010435253482648336
1341,veneno,111,0.00010435253482648336
1342,##rica,111,0.00010435253482648336
1343,##mul,111,0.00010435253482648336
1344,culpa,111,0.00010435253482648336
1345,##ríe,111,0.00010435253482648336
1346,anim,110,0.00010341242190011865
1347,tri,110,0.00010341242190011865
1348,demás,110,0.00010341242190011865
1349,resistir,110,0.00010341242190011865
1350,exacta,110,0.00010341242190011865
1351,traje,110,0.00010341242190011865
1352,perspectivas,110,0.00010341242190011865
1353,moverse,110,0.00010341242190011865
1354,alivio,110,0.00010341242190011865
1355,detes,110,0.00010341242190011865
1356,puntas,110,0.00010341242190011865
1357,soldados,110,0.00010341242190011865
1358,quedaban,110,0.00010341242190011865
1359,leído,110,0.00010341242190011865
1360,##trico,110,0.00010341242190011865
1361,varias,110,0.00010341242190011865
1362,desear,110,0.00010341242190011865
1363,sana,110,0.00010341242190011865
1364,trató,110,0.00010341242190011865
1365,vender,110,0.00010341242190011865
1366,medianoche,110,0.00010341242190011865
1367,visita,110,0.00010341242190011865
1368,efecto,109,0.00010247230897375392
1369,ventan,109,0.00010247230897375392
1370,consiguió,109,0.00010247230897375392
1371,montón,109,0.00010247230897375392
1372,mira,109,0.00010247230897375392
1373,metió,109,0.00010247230897375392
1374,Cámara,109,0.00010247230897375392
1375,mantuvieron,109,0.00010247230897375392
1376,aislados,109,0.00010247230897375392
1377,capacidad,109,0.00010247230897375392
1378,lleva,109,0.00010247230897375392
1379,##plica,109,0.00010247230897375392
1380,##ona,109,0.00010247230897375392
1381,desen,109,0.00010247230897375392
1382,##fun,109,0.00010247230897375392
1383,perci,109,0.00010247230897375392
1384,rechazo,109,0.00010247230897375392
1385,desliz,109,0.00010247230897375392
1386,vientre,109,0.00010247230897375392
1387,anima,109,0.00010247230897375392
1388,cocina,109,0.00010247230897375392
1389,apar,109,0.00010247230897375392
1390,celebrar,109,0.00010247230897375392
1391,escapado,109,0.00010247230897375392
1392,redo,109,0.00010247230897375392
1393,tira,109,0.00010247230897375392
1394,mara,108,0.00010153219604738921
1395,much,108,0.00010153219604738921
1396,fuese,108,0.00010153219604738921
1397,meti,108,0.00010153219604738921
1398,pudieron,108,0.00010153219604738921
1399,literatura,108,0.00010153219604738921
1400,Colón,108,0.00010153219604738921
1401,##inista,108,0.00010153219604738921
1402,decían,108,0.00010153219604738921
1403,cuesta,108,0.00010153219604738921
1404,pantalón,108,0.00010153219604738921
1405,siglo,108,0.00010153219604738921
1406,comunicación,108,0.00010153219604738921
1407,problema,108,0.00010153219604738921
1408,Esa,108,0.00010153219604738921
1409,sacarle,108,0.00010153219604738921
1410,horrible,108,0.00010153219604738921
1411,mil,108,0.00010153219604738921
1412,proporcional,108,0.00010153219604738921
1413,7,108,0.00010153219604738921
1414,amigos,108,0.00010153219604738921
1415,despe,108,0.00010153219604738921
1416,metal,108,0.00010153219604738921
1417,sótano,108,0.00010153219604738921
1418,llover,108,0.00010153219604738921
1419,multitud,108,0.00010153219604738921
1420,máscaras,108,0.00010153219604738921
1421,dándole,108,0.00010153219604738921
1422,velar,107,0.0001005920831210245
1423,seis,107,0.0001005920831210245
1424,##ea,107,0.0001005920831210245
1425,##cha,107,0.0001005920831210245
1426,acari,107,0.0001005920831210245
1427,##cia,107,0.0001005920831210245
1428,desesperado,107,0.0001005920831210245
1429,anteriores,107,0.0001005920831210245
1430,protegido,107,0.0001005920831210245
1431,##li,107,0.0001005920831210245
1432,recor,107,0.0001005920831210245
1433,##yera,107,0.0001005920831210245
1434,##día,107,0.0001005920831210245
1435,esperaba,107,0.0001005920831210245
1436,ansi,107,0.0001005920831210245
1437,fascin,107,0.0001005920831210245
1438,ha,107,0.0001005920831210245
1439,zapatos,107,0.0001005920831210245
1440,inm,107,0.0001005920831210245
1441,##me,107,0.0001005920831210245
1442,desgar,107,0.0001005920831210245
1443,enfrentar,107,0.0001005920831210245
1444,##undo,107,0.0001005920831210245
1445,maravilloso,107,0.0001005920831210245
1446,as,107,0.0001005920831210245
1447,tomaron,107,0.0001005920831210245
1448,observó,107,0.0001005920831210245
1449,intentaba,107,0.0001005920831210245
1450,repas,107,0.0001005920831210245
1451,##ían,107,0.0001005920831210245
1452,borde,107,0.0001005920831210245
1453,cata,107,0.0001005920831210245
1454,botella,107,0.0001005920831210245
1455,escar,107,0.0001005920831210245
1456,##lata,107,0.0001005920831210245
1457,desesperada,107,0.0001005920831210245
1458,cola,107,0.0001005920831210245
1459,hermosos,107,0.0001005920831210245
1460,adi,107,0.0001005920831210245
1461,gustó,107,0.0001005920831210245
1462,bla,107,0.0001005920831210245
1463,##zer,107,0.0001005920831210245
1464,##udi,107,0.0001005920831210245
1465,##fle,107,0.0001005920831210245
1466,ac,107,0.0001005920831210245
1467,feliz,106,9.965197019465978e-05
1468,ro,106,9.965197019465978e-05
1469,cerrar,106,9.965197019465978e-05
1470,calma,106,9.965197019465978e-05
1471,pusiera,106,9.965197019465978e-05
1472,rompe,106,9.965197019465978e-05
1473,##ana,106,9.965197019465978e-05
1474,sigue,106,9.965197019465978e-05
1475,##ude,106,9.965197019465978e-05
1476,cumplir,106,9.965197019465978e-05
1477,viejo,106,9.965197019465978e-05
1478,vesti,106,9.965197019465978e-05
1479,ti,106,9.965197019465978e-05
1480,caballeros,106,9.965197019465978e-05
1481,##able,106,9.965197019465978e-05
1482,ocurren,106,9.965197019465978e-05
1483,##vo,106,9.965197019465978e-05
1484,quienes,106,9.965197019465978e-05
1485,metí,106,9.965197019465978e-05
1486,movido,106,9.965197019465978e-05
1487,hoja,106,9.965197019465978e-05
1488,##jó,106,9.965197019465978e-05
1489,Isaac,106,9.965197019465978e-05
1490,distancia,106,9.965197019465978e-05
1491,conocían,106,9.965197019465978e-05
1492,advertí,106,9.965197019465978e-05
1493,bestias,106,9.965197019465978e-05
1494,amenaza,106,9.965197019465978e-05
1495,campana,106,9.965197019465978e-05
1496,##erro,106,9.965197019465978e-05
1497,curiosidad,106,9.965197019465978e-05
1498,coraje,106,9.965197019465978e-05
1499,isla,106,9.965197019465978e-05
1500,barba,106,9.965197019465978e-05
1501,agar,105,9.871185726829507e-05
1502,preparó,105,9.871185726829507e-05
1503,proceso,105,9.871185726829507e-05
1504,costumbre,105,9.871185726829507e-05
1505,pensé,105,9.871185726829507e-05
1506,frasco,105,9.871185726829507e-05
1507,sentimiento,105,9.871185726829507e-05
1508,usarlo,105,9.871185726829507e-05
1509,horizonte,105,9.871185726829507e-05
1510,canción,105,9.871185726829507e-05
1511,##titas,105,9.871185726829507e-05
1512,guerra,105,9.871185726829507e-05
1513,volar,105,9.871185726829507e-05
1514,pelu,105,9.871185726829507e-05
1515,inex,105,9.871185726829507e-05
1516,enten,105,9.871185726829507e-05
1517,cuales,105,9.871185726829507e-05
1518,descubrir,105,9.871185726829507e-05
1519,lin,105,9.871185726829507e-05
1520,##éndose,105,9.871185726829507e-05
1521,rodean,105,9.871185726829507e-05
1522,ocupado,105,9.871185726829507e-05
1523,canta,105,9.871185726829507e-05
1524,juntos,105,9.871185726829507e-05
1525,Le,105,9.871185726829507e-05
1526,evitar,105,9.871185726829507e-05
1527,ladrillos,105,9.871185726829507e-05
1528,apur,105,9.871185726829507e-05
1529,meter,105,9.871185726829507e-05
1530,quisiera,105,9.871185726829507e-05
1531,sangu,105,9.871185726829507e-05
1532,cuadro,105,9.871185726829507e-05
1533,carga,104,9.777174434193035e-05
1534,##ábamos,104,9.777174434193035e-05
1535,tristes,104,9.777174434193035e-05
1536,imagen,104,9.777174434193035e-05
1537,hostil,104,9.777174434193035e-05
1538,ilumin,104,9.777174434193035e-05
1539,único,104,9.777174434193035e-05
1540,buscando,104,9.777174434193035e-05
1541,##log,104,9.777174434193035e-05
1542,##VII,104,9.777174434193035e-05
1543,cre,104,9.777174434193035e-05
1544,rec,104,9.777174434193035e-05
1545,##dí,104,9.777174434193035e-05
1546,##dill,104,9.777174434193035e-05
1547,emocional,104,9.777174434193035e-05
1548,acá,104,9.777174434193035e-05
1549,##pone,104,9.777174434193035e-05
1550,maravilla,104,9.777174434193035e-05
1551,terminado,104,9.777174434193035e-05
1552,inter,104,9.777174434193035e-05
1553,aprovechar,104,9.777174434193035e-05
1554,acto,104,9.777174434193035e-05
1555,lindo,104,9.777174434193035e-05
1556,tenido,104,9.777174434193035e-05
1557,magnífica,103,9.683163141556563e-05
1558,increíble,103,9.683163141556563e-05
1559,reír,103,9.683163141556563e-05
1560,verlo,103,9.683163141556563e-05
1561,##ib,103,9.683163141556563e-05
1562,cru,103,9.683163141556563e-05
1563,estoy,103,9.683163141556563e-05
1564,aprender,103,9.683163141556563e-05
1565,lados,103,9.683163141556563e-05
1566,##óp,103,9.683163141556563e-05
1567,##dían,103,9.683163141556563e-05
1568,fuente,103,9.683163141556563e-05
1569,nacieron,103,9.683163141556563e-05
1570,pide,103,9.683163141556563e-05
1571,refu,103,9.683163141556563e-05
1572,##tarla,103,9.683163141556563e-05
1573,mente,103,9.683163141556563e-05
1574,anal,103,9.683163141556563e-05
1575,filo,103,9.683163141556563e-05
1576,guarda,103,9.683163141556563e-05
1577,funciona,103,9.683163141556563e-05
1578,mes,103,9.683163141556563e-05
1579,parientes,103,9.683163141556563e-05
1580,##iza,103,9.683163141556563e-05
1581,gallina,103,9.683163141556563e-05
1582,azul,103,9.683163141556563e-05
1583,sacó,103,9.683163141556563e-05
1584,caute,103,9.683163141556563e-05
1585,ninguna,103,9.683163141556563e-05
1586,##ines,103,9.683163141556563e-05
1587,espan,103,9.683163141556563e-05
1588,sufrido,103,9.683163141556563e-05
1589,##iones,103,9.683163141556563e-05
1590,##icular,102,9.589151848920092e-05
1591,tocó,102,9.589151848920092e-05
1592,felicidad,102,9.589151848920092e-05
1593,tranquila,102,9.589151848920092e-05
1594,implica,102,9.589151848920092e-05
1595,internos,102,9.589151848920092e-05
1596,grande,102,9.589151848920092e-05
1597,tema,102,9.589151848920092e-05
1598,##las,102,9.589151848920092e-05
1599,charla,102,9.589151848920092e-05
1600,Fue,102,9.589151848920092e-05
1601,pri,102,9.589151848920092e-05
1602,Quién,102,9.589151848920092e-05
1603,fren,102,9.589151848920092e-05
1604,quince,102,9.589151848920092e-05
1605,arruinar,102,9.589151848920092e-05
1606,negra,102,9.589151848920092e-05
1607,##gado,101,9.495140556283621e-05
1608,apre,101,9.495140556283621e-05
1609,rama,101,9.495140556283621e-05
1610,cantar,101,9.495140556283621e-05
1611,importa,101,9.495140556283621e-05
1612,procesos,101,9.495140556283621e-05
1613,hermoso,101,9.495140556283621e-05
1614,parar,101,9.495140556283621e-05
1615,presencia,101,9.495140556283621e-05
1616,mancha,101,9.495140556283621e-05
1617,desta,101,9.495140556283621e-05
1618,durmiendo,101,9.495140556283621e-05
1619,llave,101,9.495140556283621e-05
1620,policía,101,9.495140556283621e-05
1621,prendas,100,9.40112926364715e-05
1622,##cionado,100,9.40112926364715e-05
1623,cargar,100,9.40112926364715e-05
1624,sonido,100,9.40112926364715e-05
1625,frecuente,100,9.40112926364715e-05
1626,monedas,100,9.40112926364715e-05
1627,##tí,100,9.40112926364715e-05
1628,recién,100,9.40112926364715e-05
1629,empezar,100,9.40112926364715e-05
1630,##dan,100,9.40112926364715e-05
1631,##vi,100,9.40112926364715e-05
1632,##zn,100,9.40112926364715e-05
1633,##itos,100,9.40112926364715e-05
1634,permite,100,9.40112926364715e-05
1635,resguar,100,9.40112926364715e-05
1636,necesidad,100,9.40112926364715e-05
1637,tienen,100,9.40112926364715e-05
1638,##ven,100,9.40112926364715e-05
1639,buscamos,100,9.40112926364715e-05
1640,conser,100,9.40112926364715e-05
1641,metros,100,9.40112926364715e-05
1642,encontró,100,9.40112926364715e-05
1643,dolor,100,9.40112926364715e-05
1644,salvo,100,9.40112926364715e-05
1645,vidrio,100,9.40112926364715e-05
1646,rodea,100,9.40112926364715e-05
1647,cuello,100,9.40112926364715e-05
1648,suficientes,100,9.40112926364715e-05
1649,puñ,100,9.40112926364715e-05
1650,##al,100,9.40112926364715e-05
1651,felices,100,9.40112926364715e-05
1652,interes,100,9.40112926364715e-05
1653,plano,100,9.40112926364715e-05
1654,comprar,99,9.307117971010677e-05
1655,ilusión,99,9.307117971010677e-05
1656,##res,99,9.307117971010677e-05
1657,camin,99,9.307117971010677e-05
1658,habría,99,9.307117971010677e-05
1659,Eve,99,9.307117971010677e-05
1660,##tualmente,99,9.307117971010677e-05
1661,orador,99,9.307117971010677e-05
1662,elección,99,9.307117971010677e-05
1663,##damos,99,9.307117971010677e-05
1664,aquel,99,9.307117971010677e-05
1665,gota,99,9.307117971010677e-05
1666,##gantes,99,9.307117971010677e-05
1667,##cri,99,9.307117971010677e-05
1668,libertad,99,9.307117971010677e-05
1669,palabras,99,9.307117971010677e-05
1670,criticar,99,9.307117971010677e-05
1671,consciencia,99,9.307117971010677e-05
1672,eli,99,9.307117971010677e-05
1673,cerebro,99,9.307117971010677e-05
1674,flores,99,9.307117971010677e-05
1675,Pasé,99,9.307117971010677e-05
1676,##sos,99,9.307117971010677e-05
1677,sólo,99,9.307117971010677e-05
1678,comida,99,9.307117971010677e-05
1679,##ron,99,9.307117971010677e-05
1680,luces,99,9.307117971010677e-05
1681,admira,99,9.307117971010677e-05
1682,##tines,99,9.307117971010677e-05
1683,invitado,99,9.307117971010677e-05
1684,Además,98,9.213106678374206e-05
1685,tumba,98,9.213106678374206e-05
1686,##or,98,9.213106678374206e-05
1687,quedara,98,9.213106678374206e-05
1688,desesperación,98,9.213106678374206e-05
1689,ocurre,98,9.213106678374206e-05
1690,##deci,98,9.213106678374206e-05
1691,Muchas,98,9.213106678374206e-05
1692,recorrido,98,9.213106678374206e-05
1693,tiro,98,9.213106678374206e-05
1694,camisa,98,9.213106678374206e-05
1695,gravedad,98,9.213106678374206e-05
1696,nuestros,98,9.213106678374206e-05
1697,fines,98,9.213106678374206e-05
1698,masculina,98,9.213106678374206e-05
1699,per,98,9.213106678374206e-05
1700,han,98,9.213106678374206e-05
1701,supo,98,9.213106678374206e-05
1702,tus,98,9.213106678374206e-05
1703,visual,98,9.213106678374206e-05
1704,deberíamos,98,9.213106678374206e-05
1705,herramientas,98,9.213106678374206e-05
1706,blanca,98,9.213106678374206e-05
1707,visitas,98,9.213106678374206e-05
1708,tono,98,9.213106678374206e-05
1709,cortina,98,9.213106678374206e-05
1710,piernas,97,9.119095385737735e-05
1711,detu,97,9.119095385737735e-05
1712,##viera,97,9.119095385737735e-05
1713,##nes,97,9.119095385737735e-05
1714,importancia,97,9.119095385737735e-05
1715,##melo,97,9.119095385737735e-05
1716,cámara,97,9.119095385737735e-05
1717,probable,97,9.119095385737735e-05
1718,prácticamente,97,9.119095385737735e-05
1719,independencia,97,9.119095385737735e-05
1720,conversaciones,97,9.119095385737735e-05
1721,Hacía,97,9.119095385737735e-05
1722,pedazos,97,9.119095385737735e-05
1723,montaña,97,9.119095385737735e-05
1724,acercar,97,9.119095385737735e-05
1725,menores,97,9.119095385737735e-05
1726,aguantar,97,9.119095385737735e-05
1727,mató,97,9.119095385737735e-05
1728,arte,96,9.025084093101263e-05
1729,habrán,96,9.025084093101263e-05
1730,Tar,96,9.025084093101263e-05
1731,tarda,96,9.025084093101263e-05
1732,presente,96,9.025084093101263e-05
1733,funcionan,96,9.025084093101263e-05
1734,juzgar,96,9.025084093101263e-05
1735,arriba,96,9.025084093101263e-05
1736,dinero,96,9.025084093101263e-05
1737,escon,96,9.025084093101263e-05
1738,esfuerzos,96,9.025084093101263e-05
1739,escribía,96,9.025084093101263e-05
1740,trascen,96,9.025084093101263e-05
1741,espacios,96,9.025084093101263e-05
1742,dejando,96,9.025084093101263e-05
1743,pocas,96,9.025084093101263e-05
1744,propias,96,9.025084093101263e-05
1745,ángulos,96,9.025084093101263e-05
1746,pienso,96,9.025084093101263e-05
1747,colgado,95,8.931072800464792e-05
1748,Algunos,95,8.931072800464792e-05
1749,sonre,95,8.931072800464792e-05
1750,pasé,95,8.931072800464792e-05
1751,acceder,95,8.931072800464792e-05
1752,bolsas,95,8.931072800464792e-05
1753,##gaban,95,8.931072800464792e-05
1754,##I,95,8.931072800464792e-05
1755,definitiva,95,8.931072800464792e-05
1756,importante,95,8.931072800464792e-05
1757,confi,95,8.931072800464792e-05
1758,pierna,95,8.931072800464792e-05
1759,falla,94,8.837061507828321e-05
1760,tendrá,94,8.837061507828321e-05
1761,suena,94,8.837061507828321e-05
1762,desa,94,8.837061507828321e-05
1763,tu,94,8.837061507828321e-05
1764,llaves,94,8.837061507828321e-05
1765,hor,94,8.837061507828321e-05
1766,muchísimo,94,8.837061507828321e-05
1767,Estaba,94,8.837061507828321e-05
1768,char,94,8.837061507828321e-05
1769,distinto,94,8.837061507828321e-05
1770,feo,94,8.837061507828321e-05
1771,##miento,94,8.837061507828321e-05
1772,Acaso,93,8.743050215191848e-05
1773,##lidad,93,8.743050215191848e-05
1774,rastro,93,8.743050215191848e-05
1775,risas,93,8.743050215191848e-05
1776,##jas,93,8.743050215191848e-05
1777,discusión,93,8.743050215191848e-05
1778,oscuridad,92,8.649038922555377e-05
1779,vea,92,8.649038922555377e-05
1780,Camino,91,8.555027629918906e-05
1781,Apenas,91,8.555027629918906e-05
1782,hago,91,8.555027629918906e-05
1783,emoción,91,8.555027629918906e-05
1784,violín,90,8.461016337282435e-05
1785,público,90,8.461016337282435e-05
1786,femenina,90,8.461016337282435e-05
1787,razones,90,8.461016337282435e-05
1788,Sentí,90,8.461016337282435e-05
1789,renovar,89,8.367005044645964e-05
1790,huevos,89,8.367005044645964e-05
1791,sentido,88,8.272993752009491e-05
1792,ojo,88,8.272993752009491e-05
1793,cintura,88,8.272993752009491e-05
1794,espera,88,8.272993752009491e-05
1795,alta,88,8.272993752009491e-05
1796,terminar,87,8.17898245937302e-05
1797,libre,86,8.084971166736548e-05
1798,nariz,85,7.990959874100077e-05
1799,Solo,85,7.990959874100077e-05
1800,Cuanto,85,7.990959874100077e-05
1801,respirar,85,7.990959874100077e-05
1802,rico,85,7.990959874100077e-05
1803,lágrimas,85,7.990959874100077e-05
1804,Tuvo,84,7.896948581463606e-05
1805,lógica,83,7.802937288827133e-05
1806,Quizás,83,7.802937288827133e-05
1807,Explic,83,7.802937288827133e-05
1808,escrito,83,7.802937288827133e-05
1809,cuernos,83,7.802937288827133e-05
1810,monumento,83,7.802937288827133e-05
1811,triunfo,82,7.708925996190662e-05
1812,Cada,82,7.708925996190662e-05
1813,Fui,82,7.708925996190662e-05
1814,trasero,82,7.708925996190662e-05
1815,Poco,82,7.708925996190662e-05
1816,márgenes,81,7.614914703554191e-05
1817,Dos,81,7.614914703554191e-05
1818,vidas,80,7.52090341091772e-05
1819,Pasó,80,7.52090341091772e-05
1820,baño,80,7.52090341091772e-05
1821,numeros,80,7.52090341091772e-05
1822,Ta,79,7.426892118281249e-05
1823,Lu,79,7.426892118281249e-05
1824,##gon,79,7.426892118281249e-05
1825,escena,78,7.332880825644776e-05
1826,##rilla,78,7.332880825644776e-05
1827,romp,77,7.238869533008305e-05
1828,freno,77,7.238869533008305e-05
1829,pensó,77,7.238869533008305e-05
1830,interior,76,7.144858240371834e-05
1831,domingos,76,7.144858240371834e-05
1832,delante,76,7.144858240371834e-05
1833,endure,75,7.050846947735362e-05
1834,##ciendo,75,7.050846947735362e-05
1835,amarilla,75,7.050846947735362e-05
1836,cine,75,7.050846947735362e-05
1837,pre,74,6.956835655098891e-05
1838,##mon,74,6.956835655098891e-05
1839,##iciones,74,6.956835655098891e-05
1840,Perdón,74,6.956835655098891e-05
1841,preguntarle,74,6.956835655098891e-05
1842,exi,74,6.956835655098891e-05
1843,candidato,74,6.956835655098891e-05
1844,partículas,73,6.862824362462418e-05
1845,rubia,72,6.768813069825947e-05
1846,##gel,72,6.768813069825947e-05
1847,##ical,72,6.768813069825947e-05
1848,casó,72,6.768813069825947e-05
1849,Civil,72,6.768813069825947e-05
1850,ruta,72,6.768813069825947e-05
1851,muriera,72,6.768813069825947e-05
1852,correspondía,72,6.768813069825947e-05
1853,Nos,71,6.674801777189476e-05
1854,encantaba,71,6.674801777189476e-05
1855,aceptó,71,6.674801777189476e-05
1856,domésticos,71,6.674801777189476e-05
1857,Hay,71,6.674801777189476e-05
1858,reunió,71,6.674801777189476e-05
1859,Recor,71,6.674801777189476e-05
1860,##rieron,71,6.674801777189476e-05
1861,mejora,70,6.580790484553005e-05
1862,suponía,70,6.580790484553005e-05
1863,Guerra,70,6.580790484553005e-05
1864,fútbol,70,6.580790484553005e-05
1865,descendencia,70,6.580790484553005e-05
1866,repatriación,70,6.580790484553005e-05
1867,ruedas,70,6.580790484553005e-05
1868,interac,70,6.580790484553005e-05
1869,##tuar,70,6.580790484553005e-05
1870,##quia,70,6.580790484553005e-05
1871,relación,69,6.486779191916534e-05
1872,atravesar,69,6.486779191916534e-05
1873,Estados,69,6.486779191916534e-05
1874,afueras,69,6.486779191916534e-05
1875,historie,69,6.486779191916534e-05
1876,bar,69,6.486779191916534e-05
1877,duda,69,6.486779191916534e-05
1878,Uruguay,69,6.486779191916534e-05
1879,saluda,69,6.486779191916534e-05
1880,lu,68,6.392767899280061e-05
1881,##stro,68,6.392767899280061e-05
1882,##apón,68,6.392767899280061e-05
1883,sentados,68,6.392767899280061e-05
1884,##jer,68,6.392767899280061e-05
1885,qui,68,6.392767899280061e-05
1886,##bos,68,6.392767899280061e-05
1887,señaló,68,6.392767899280061e-05
1888,##tina,68,6.392767899280061e-05
1889,enciende,68,6.392767899280061e-05
1890,##so,67,6.29875660664359e-05
1891,señor,67,6.29875660664359e-05
1892,Leván,67,6.29875660664359e-05
1893,##telo,67,6.29875660664359e-05
1894,refiero,67,6.29875660664359e-05
1895,rebo,67,6.29875660664359e-05
1896,falta,67,6.29875660664359e-05
1897,encubri,67,6.29875660664359e-05
1898,buenos,67,6.29875660664359e-05
1899,primas,67,6.29875660664359e-05
1900,cortinas,67,6.29875660664359e-05
1901,pantallas,67,6.29875660664359e-05
1902,##cie,67,6.29875660664359e-05
1903,dobla,67,6.29875660664359e-05
1904,medias,67,6.29875660664359e-05
1905,D,66,6.204745314007119e-05
1906,##manes,66,6.204745314007119e-05
1907,crítica,66,6.204745314007119e-05
1908,estatuas,66,6.204745314007119e-05
1909,mármol,66,6.204745314007119e-05
1910,sensación,66,6.204745314007119e-05
1911,atrapada,66,6.204745314007119e-05
1912,nido,66,6.204745314007119e-05
1913,##gaz,66,6.204745314007119e-05
1914,##cionada,66,6.204745314007119e-05
1915,imper,66,6.204745314007119e-05
1916,##cep,66,6.204745314007119e-05
1917,##ador,66,6.204745314007119e-05
1918,automáticamente,66,6.204745314007119e-05
1919,Ci,66,6.204745314007119e-05
1920,##pol,66,6.204745314007119e-05
1921,##lett,66,6.204745314007119e-05
1922,jornadas,66,6.204745314007119e-05
1923,sucio,66,6.204745314007119e-05
1924,panorama,66,6.204745314007119e-05
1925,complicado,66,6.204745314007119e-05
1926,velo,66,6.204745314007119e-05
1927,nietos,66,6.204745314007119e-05
1928,pare,66,6.204745314007119e-05
1929,##tela,66,6.204745314007119e-05
1930,araña,66,6.204745314007119e-05
1931,cristal,66,6.204745314007119e-05
1932,corbata,66,6.204745314007119e-05
1933,acabar,66,6.204745314007119e-05
1934,T,65,6.110734021370647e-05
1935,##ovs,65,6.110734021370647e-05
1936,Mozart,65,6.110734021370647e-05
1937,Beet,65,6.110734021370647e-05
1938,##hoven,65,6.110734021370647e-05
1939,preocupado,65,6.110734021370647e-05
1940,columnas,65,6.110734021370647e-05
1941,encantado,65,6.110734021370647e-05
1942,1960,65,6.110734021370647e-05
1943,oficios,65,6.110734021370647e-05
1944,cansado,65,6.110734021370647e-05
1945,cal,65,6.110734021370647e-05
1946,##dera,65,6.110734021370647e-05
1947,refleja,65,6.110734021370647e-05
1948,Unidos,65,6.110734021370647e-05
1949,regimiento,65,6.110734021370647e-05
1950,sobresal,65,6.110734021370647e-05
1951,##tada,65,6.110734021370647e-05
1952,dil,65,6.110734021370647e-05
1953,##uci,65,6.110734021370647e-05
1954,deseaba,65,6.110734021370647e-05
1955,Tr,65,6.110734021370647e-05
1956,poste,65,6.110734021370647e-05
1957,once,65,6.110734021370647e-05
1958,primeras,65,6.110734021370647e-05
1959,##piración,65,6.110734021370647e-05
1960,llamaban,65,6.110734021370647e-05
1961,medidas,65,6.110734021370647e-05
1962,urgentes,65,6.110734021370647e-05
1963,Laura,65,6.110734021370647e-05
1964,sín,65,6.110734021370647e-05
1965,##pe,65,6.110734021370647e-05
1966,Estaban,65,6.110734021370647e-05
1967,molestar,65,6.110734021370647e-05
1968,ciertos,65,6.110734021370647e-05
1969,desapareció,65,6.110734021370647e-05
1970,##anas,65,6.110734021370647e-05
1971,Aden,65,6.110734021370647e-05
1972,##tro,65,6.110734021370647e-05
1973,mandado,65,6.110734021370647e-05
1974,##uti,64,6.0167227287341754e-05
1975,enormes,64,6.0167227287341754e-05
1976,palacio,64,6.0167227287341754e-05
1977,enfermedad,64,6.0167227287341754e-05
1978,deshacer,64,6.0167227287341754e-05
1979,historias,64,6.0167227287341754e-05
1980,universidad,64,6.0167227287341754e-05
1981,seguridad,64,6.0167227287341754e-05
1982,oscuro,64,6.0167227287341754e-05
1983,existido,64,6.0167227287341754e-05
1984,sumado,64,6.0167227287341754e-05
1985,atardecer,64,6.0167227287341754e-05
1986,menciona,64,6.0167227287341754e-05
1987,dig,64,6.0167227287341754e-05
1988,##estión,64,6.0167227287341754e-05
1989,obsesión,64,6.0167227287341754e-05
1990,intento,64,6.0167227287341754e-05
1991,##zaba,64,6.0167227287341754e-05
1992,ber,64,6.0167227287341754e-05
1993,##mu,64,6.0167227287341754e-05
1994,rueda,64,6.0167227287341754e-05
1995,pega,64,6.0167227287341754e-05
1996,fas,64,6.0167227287341754e-05
1997,##tuoso,64,6.0167227287341754e-05
1998,##mar,64,6.0167227287341754e-05
1999,##edas,64,6.0167227287341754e-05
2000,arras,64,6.0167227287341754e-05
2001,presión,64,6.0167227287341754e-05
2002,atento,64,6.0167227287341754e-05
2003,ejemplares,64,6.0167227287341754e-05
2004,viuda,64,6.0167227287341754e-05
2005,informó,64,6.0167227287341754e-05
2006,respira,64,6.0167227287341754e-05
2007,##torios,64,6.0167227287341754e-05
2008,preguntaba,64,6.0167227287341754e-05
2009,umbral,64,6.0167227287341754e-05
2010,excusa,64,6.0167227287341754e-05
2011,ganó,64,6.0167227287341754e-05
2012,planta,64,6.0167227287341754e-05
2013,cerrada,64,6.0167227287341754e-05
2014,cerradura,64,6.0167227287341754e-05
2015,##tra,64,6.0167227287341754e-05
2016,televisor,64,6.0167227287341754e-05
2017,dejara,63,5.922711436097704e-05
2018,intra,63,5.922711436097704e-05
2019,vacías,63,5.922711436097704e-05
2020,ligero,63,5.922711436097704e-05
2021,impedido,63,5.922711436097704e-05
2022,secundario,63,5.922711436097704e-05
2023,neg,63,5.922711436097704e-05
2024,##ué,63,5.922711436097704e-05
2025,manuales,63,5.922711436097704e-05
2026,nocturno,63,5.922711436097704e-05
2027,oficina,63,5.922711436097704e-05
2028,salí,63,5.922711436097704e-05
2029,apun,63,5.922711436097704e-05
2030,guardan,63,5.922711436097704e-05
2031,consumi,63,5.922711436097704e-05
2032,piel,63,5.922711436097704e-05
2033,Aman,63,5.922711436097704e-05
2034,##ecer,63,5.922711436097704e-05
2035,##oody,63,5.922711436097704e-05
2036,escucho,63,5.922711436097704e-05
2037,Apocalipsis,63,5.922711436097704e-05
2038,San,63,5.922711436097704e-05
2039,##uan,63,5.922711436097704e-05
2040,sistema,63,5.922711436097704e-05
2041,nervioso,63,5.922711436097704e-05
2042,adolescentes,63,5.922711436097704e-05
2043,presi,63,5.922711436097704e-05
2044,##tiera,63,5.922711436097704e-05
2045,queda,63,5.922711436097704e-05
2046,##petas,63,5.922711436097704e-05
2047,guardado,63,5.922711436097704e-05
2048,banco,63,5.922711436097704e-05
2049,##ali,63,5.922711436097704e-05
2050,absoluta,63,5.922711436097704e-05
2051,##chel,63,5.922711436097704e-05
2052,Suél,63,5.922711436097704e-05
2053,##tenme,63,5.922711436097704e-05
2054,not,63,5.922711436097704e-05
2055,Preo,63,5.922711436097704e-05
2056,##cup,63,5.922711436097704e-05
2057,vulgar,63,5.922711436097704e-05
2058,espantoso,63,5.922711436097704e-05
2059,disgust,63,5.922711436097704e-05
2060,Nación,63,5.922711436097704e-05
2061,nec,63,5.922711436097704e-05
2062,##lógicas,63,5.922711436097704e-05
2063,coartada,63,5.922711436097704e-05
2064,flo,63,5.922711436097704e-05
2065,lecho,63,5.922711436097704e-05
2066,recupera,63,5.922711436097704e-05
2067,conclusión,63,5.922711436097704e-05
2068,escondidas,63,5.922711436097704e-05
2069,descubri,63,5.922711436097704e-05
2070,conoció,63,5.922711436097704e-05
2071,obras,63,5.922711436097704e-05
2072,organizar,63,5.922711436097704e-05
2073,museo,63,5.922711436097704e-05
2074,mu,63,5.922711436097704e-05
2075,##gre,63,5.922711436097704e-05
2076,depresión,63,5.922711436097704e-05
2077,observa,63,5.922711436097704e-05
2078,campan,62,5.828700143461232e-05
2079,rápidamente,62,5.828700143461232e-05
2080,gripe,62,5.828700143461232e-05
2081,alar,62,5.828700143461232e-05
2082,cesar,62,5.828700143461232e-05
2083,rumor,62,5.828700143461232e-05
2084,vacía,62,5.828700143461232e-05
2085,##izada,62,5.828700143461232e-05
2086,infl,62,5.828700143461232e-05
2087,fantasmas,62,5.828700143461232e-05
2088,##pie,62,5.828700143461232e-05
2089,chan,62,5.828700143461232e-05
2090,##gas,62,5.828700143461232e-05
2091,practica,62,5.828700143461232e-05
2092,tropa,62,5.828700143461232e-05
2093,indiscu,62,5.828700143461232e-05
2094,Ferr,62,5.828700143461232e-05
2095,##acio,62,5.828700143461232e-05
2096,Deportes,62,5.828700143461232e-05
2097,transformó,62,5.828700143461232e-05
2098,infiel,62,5.828700143461232e-05
2099,pi,62,5.828700143461232e-05
2100,##ol,62,5.828700143461232e-05
2101,descon,62,5.828700143461232e-05
2102,##trol,62,5.828700143461232e-05
2103,bandeja,62,5.828700143461232e-05
2104,ataca,62,5.828700143461232e-05
2105,víctimas,62,5.828700143461232e-05
2106,operación,62,5.828700143461232e-05
2107,prolongada,62,5.828700143461232e-05
2108,poniendo,62,5.828700143461232e-05
2109,##brado,62,5.828700143461232e-05
2110,llevada,62,5.828700143461232e-05
2111,invitada,62,5.828700143461232e-05
2112,diplomática,62,5.828700143461232e-05
2113,##ubic,62,5.828700143461232e-05
2114,próximo,62,5.828700143461232e-05
2115,edificio,62,5.828700143461232e-05
2116,recibía,62,5.828700143461232e-05
2117,suicidarse,62,5.828700143461232e-05
2118,obra,62,5.828700143461232e-05
2119,perder,62,5.828700143461232e-05
2120,dormido,62,5.828700143461232e-05
2121,levanta,62,5.828700143461232e-05
2122,casada,61,5.734688850824761e-05
2123,prueba,61,5.734688850824761e-05
2124,demostrar,61,5.734688850824761e-05
2125,oveja,61,5.734688850824761e-05
2126,Pase,61,5.734688850824761e-05
2127,##lantes,61,5.734688850824761e-05
2128,Bi,61,5.734688850824761e-05
2129,##ze,61,5.734688850824761e-05
2130,##t,61,5.734688850824761e-05
2131,Am,61,5.734688850824761e-05
2132,##íl,61,5.734688850824761e-05
2133,obligaciones,61,5.734688850824761e-05
2134,fruta,61,5.734688850824761e-05
2135,mon,61,5.734688850824761e-05
2136,Señor,61,5.734688850824761e-05
2137,hueco,61,5.734688850824761e-05
2138,pesa,61,5.734688850824761e-05
2139,filos,61,5.734688850824761e-05
2140,estudiantil,61,5.734688850824761e-05
2141,guardia,61,5.734688850824761e-05
2142,juventud,61,5.734688850824761e-05
2143,##dría,61,5.734688850824761e-05
2144,estam,61,5.734688850824761e-05
2145,cafetería,61,5.734688850824761e-05
2146,luna,61,5.734688850824761e-05
2147,haberlo,61,5.734688850824761e-05
2148,resbal,61,5.734688850824761e-05
2149,##ut,61,5.734688850824761e-05
2150,armar,61,5.734688850824761e-05
2151,veinte,61,5.734688850824761e-05
2152,apoyado,61,5.734688850824761e-05
2153,mansión,61,5.734688850824761e-05
2154,sirvientes,61,5.734688850824761e-05
2155,jue,61,5.734688850824761e-05
2156,##zadas,61,5.734688850824761e-05
2157,fort,61,5.734688850824761e-05
2158,##ifica,61,5.734688850824761e-05
2159,fantasma,61,5.734688850824761e-05
2160,asquer,61,5.734688850824761e-05
2161,esconder,61,5.734688850824761e-05
2162,previ,61,5.734688850824761e-05
2163,desagradable,61,5.734688850824761e-05
2164,urgencia,61,5.734688850824761e-05
2165,Manuel,61,5.734688850824761e-05
2166,Ola,61,5.734688850824761e-05
2167,##var,61,5.734688850824761e-05
2168,Cha,61,5.734688850824761e-05
2169,venir,61,5.734688850824761e-05
2170,frontera,61,5.734688850824761e-05
2171,asi,61,5.734688850824761e-05
2172,continua,61,5.734688850824761e-05
2173,puntual,61,5.734688850824761e-05
2174,Parece,61,5.734688850824761e-05
2175,prohibido,61,5.734688850824761e-05
2176,agujero,61,5.734688850824761e-05
2177,gran,61,5.734688850824761e-05
2178,preten,61,5.734688850824761e-05
2179,##diente,61,5.734688850824761e-05
2180,creen,61,5.734688850824761e-05
2181,##idi,61,5.734688850824761e-05
2182,cerró,61,5.734688850824761e-05
2183,ocupar,61,5.734688850824761e-05
2184,for,61,5.734688850824761e-05
2185,verse,61,5.734688850824761e-05
2186,paciencia,60,5.64067755818829e-05
2187,melodía,60,5.64067755818829e-05
2188,abur,60,5.64067755818829e-05
2189,##rid,60,5.64067755818829e-05
2190,Comun,60,5.64067755818829e-05
2191,suprema,60,5.64067755818829e-05
2192,relaj,60,5.64067755818829e-05
2193,cont,60,5.64067755818829e-05
2194,##u,60,5.64067755818829e-05
2195,marea,60,5.64067755818829e-05
2196,ll,60,5.64067755818829e-05
2197,##eme,60,5.64067755818829e-05
2198,##ecía,60,5.64067755818829e-05
2199,cortó,60,5.64067755818829e-05
2200,viviente,60,5.64067755818829e-05
2201,movimiento,60,5.64067755818829e-05
2202,verti,60,5.64067755818829e-05
2203,##gin,60,5.64067755818829e-05
2204,secundaria,60,5.64067755818829e-05
2205,discos,60,5.64067755818829e-05
2206,sala,60,5.64067755818829e-05
2207,biblioteca,60,5.64067755818829e-05
2208,Llevaba,60,5.64067755818829e-05
2209,confiado,60,5.64067755818829e-05
2210,corría,60,5.64067755818829e-05
2211,opuesto,60,5.64067755818829e-05
2212,tormenta,60,5.64067755818829e-05
2213,cubierto,60,5.64067755818829e-05
2214,últimas,60,5.64067755818829e-05
2215,debió,60,5.64067755818829e-05
2216,masacre,60,5.64067755818829e-05
2217,caballos,60,5.64067755818829e-05
2218,oficiales,60,5.64067755818829e-05
2219,heridos,60,5.64067755818829e-05
2220,suplic,60,5.64067755818829e-05
2221,gem,60,5.64067755818829e-05
2222,##ti,60,5.64067755818829e-05
2223,##quin,60,5.64067755818829e-05
2224,Ar,60,5.64067755818829e-05
2225,##ran,60,5.64067755818829e-05
2226,##quemos,60,5.64067755818829e-05
2227,Divi,60,5.64067755818829e-05
2228,escuchamos,60,5.64067755818829e-05
2229,apesta,60,5.64067755818829e-05
2230,antrop,60,5.64067755818829e-05
2231,##oc,60,5.64067755818829e-05
2232,##én,60,5.64067755818829e-05
2233,##tricos,60,5.64067755818829e-05
2234,sentimientos,60,5.64067755818829e-05
2235,embar,60,5.64067755818829e-05
2236,pesadillas,60,5.64067755818829e-05
2237,observando,60,5.64067755818829e-05
2238,sabor,60,5.64067755818829e-05
2239,##ear,60,5.64067755818829e-05
2240,Nes,60,5.64067755818829e-05
2241,##qui,60,5.64067755818829e-05
2242,tos,60,5.64067755818829e-05
2243,##tadas,60,5.64067755818829e-05
2244,rápido,60,5.64067755818829e-05
2245,hermanos,60,5.64067755818829e-05
2246,cuidado,60,5.64067755818829e-05
2247,brazos,60,5.64067755818829e-05
2248,bañ,60,5.64067755818829e-05
2249,sorpres,60,5.64067755818829e-05
2250,##ivamente,60,5.64067755818829e-05
2251,ubicado,60,5.64067755818829e-05
2252,provocado,60,5.64067755818829e-05
2253,##ras,60,5.64067755818829e-05
2254,##peras,60,5.64067755818829e-05
2255,gustos,60,5.64067755818829e-05
2256,ponerle,60,5.64067755818829e-05
2257,respon,60,5.64067755818829e-05
2258,reca,60,5.64067755818829e-05
2259,##ídas,60,5.64067755818829e-05
2260,Valle,60,5.64067755818829e-05
2261,vacaciones,60,5.64067755818829e-05
2262,##gana,60,5.64067755818829e-05
2263,espor,60,5.64067755818829e-05
2264,##dicas,60,5.64067755818829e-05
2265,exclam,60,5.64067755818829e-05
2266,Ay,60,5.64067755818829e-05
2267,alimentar,60,5.64067755818829e-05
2268,agente,60,5.64067755818829e-05
2269,encarcel,60,5.64067755818829e-05
2270,envuelto,60,5.64067755818829e-05
2271,##jos,60,5.64067755818829e-05
2272,limos,60,5.64067755818829e-05
2273,##énico,60,5.64067755818829e-05
2274,anda,60,5.64067755818829e-05
2275,diciendo,60,5.64067755818829e-05
2276,bares,60,5.64067755818829e-05
2277,dicho,60,5.64067755818829e-05
2278,trajes,60,5.64067755818829e-05
2279,pedirle,60,5.64067755818829e-05
2280,completa,60,5.64067755818829e-05
2281,policías,60,5.64067755818829e-05
2282,za,60,5.64067755818829e-05
2283,compra,60,5.64067755818829e-05
2284,búsqueda,60,5.64067755818829e-05
2285,querido,60,5.64067755818829e-05
2286,tren,59,5.546666265551818e-05
2287,##zaron,59,5.546666265551818e-05
2288,pondría,59,5.546666265551818e-05
2289,parado,59,5.546666265551818e-05
2290,caminando,59,5.546666265551818e-05
2291,Carmen,59,5.546666265551818e-05
2292,británico,59,5.546666265551818e-05
2293,##ver,59,5.546666265551818e-05
2294,otoño,59,5.546666265551818e-05
2295,tern,59,5.546666265551818e-05
2296,##ura,59,5.546666265551818e-05
2297,ordenó,59,5.546666265551818e-05
2298,descanso,59,5.546666265551818e-05
2299,anemia,59,5.546666265551818e-05
2300,aguda,59,5.546666265551818e-05
2301,arrastr,59,5.546666265551818e-05
2302,caído,59,5.546666265551818e-05
2303,tuve,59,5.546666265551818e-05
2304,jugaba,59,5.546666265551818e-05
2305,bás,59,5.546666265551818e-05
2306,##quet,59,5.546666265551818e-05
2307,cumpl,59,5.546666265551818e-05
2308,##rida,59,5.546666265551818e-05
2309,violencia,59,5.546666265551818e-05
2310,creí,59,5.546666265551818e-05
2311,puesto,59,5.546666265551818e-05
2312,alum,59,5.546666265551818e-05
2313,quedamos,59,5.546666265551818e-05
2314,odiaba,59,5.546666265551818e-05
2315,Agarra,59,5.546666265551818e-05
2316,rodeados,59,5.546666265551818e-05
2317,elementos,59,5.546666265551818e-05
2318,generan,59,5.546666265551818e-05
2319,básicamente,59,5.546666265551818e-05
2320,aceptarlo,59,5.546666265551818e-05
2321,convencida,59,5.546666265551818e-05
2322,##arla,59,5.546666265551818e-05
2323,oportunidades,59,5.546666265551818e-05
2324,patada,59,5.546666265551818e-05
2325,##vido,59,5.546666265551818e-05
2326,costa,59,5.546666265551818e-05
2327,furia,59,5.546666265551818e-05
2328,desesper,59,5.546666265551818e-05
2329,##anza,59,5.546666265551818e-05
2330,entr,59,5.546666265551818e-05
2331,pertenecían,59,5.546666265551818e-05
2332,Señora,59,5.546666265551818e-05
2333,franco,59,5.546666265551818e-05
2334,Dice,59,5.546666265551818e-05
2335,chi,59,5.546666265551818e-05
2336,##ria,59,5.546666265551818e-05
2337,fol,59,5.546666265551818e-05
2338,##laje,59,5.546666265551818e-05
2339,##zado,59,5.546666265551818e-05
2340,entendía,59,5.546666265551818e-05
2341,##zados,59,5.546666265551818e-05
2342,idéntica,59,5.546666265551818e-05
2343,desfile,59,5.546666265551818e-05
2344,provoca,59,5.546666265551818e-05
2345,pó,59,5.546666265551818e-05
2346,top,59,5.546666265551818e-05
2347,dato,59,5.546666265551818e-05
2348,sue,59,5.546666265551818e-05
2349,##gra,59,5.546666265551818e-05
2350,inventar,59,5.546666265551818e-05
2351,contexto,59,5.546666265551818e-05
2352,alimenta,59,5.546666265551818e-05
2353,intercambio,59,5.546666265551818e-05
2354,acompañan,59,5.546666265551818e-05
2355,mejoras,59,5.546666265551818e-05
2356,acepta,59,5.546666265551818e-05
2357,complic,59,5.546666265551818e-05
2358,##aran,59,5.546666265551818e-05
2359,velada,59,5.546666265551818e-05
2360,##blar,59,5.546666265551818e-05
2361,mentiras,59,5.546666265551818e-05
2362,tensión,59,5.546666265551818e-05
2363,remedio,59,5.546666265551818e-05
2364,descansar,59,5.546666265551818e-05
2365,enterrar,59,5.546666265551818e-05
2366,feste,59,5.546666265551818e-05
2367,especial,59,5.546666265551818e-05
2368,abandonado,59,5.546666265551818e-05
2369,grano,59,5.546666265551818e-05
2370,encontraron,59,5.546666265551818e-05
2371,tradicional,59,5.546666265551818e-05
2372,aprobado,59,5.546666265551818e-05
2373,Comp,59,5.546666265551818e-05
2374,conste,59,5.546666265551818e-05
2375,entienden,59,5.546666265551818e-05
2376,despedida,59,5.546666265551818e-05
2377,asistencia,59,5.546666265551818e-05
2378,cu,59,5.546666265551818e-05
2379,##bría,59,5.546666265551818e-05
2380,restos,59,5.546666265551818e-05
2381,chistes,59,5.546666265551818e-05
2382,As,59,5.546666265551818e-05
2383,##oma,59,5.546666265551818e-05
2384,intención,59,5.546666265551818e-05
2385,clara,59,5.546666265551818e-05
2386,Retroce,59,5.546666265551818e-05
2387,tortura,59,5.546666265551818e-05
2388,paradero,59,5.546666265551818e-05
2389,rue,58,5.452654972915347e-05
2390,avisar,58,5.452654972915347e-05
2391,regular,58,5.452654972915347e-05
2392,##menta,58,5.452654972915347e-05
2393,mej,58,5.452654972915347e-05
2394,abra,58,5.452654972915347e-05
2395,##lida,58,5.452654972915347e-05
2396,fiebre,58,5.452654972915347e-05
2397,consul,58,5.452654972915347e-05
2398,dem,58,5.452654972915347e-05
2399,##ac,58,5.452654972915347e-05
2400,horribles,58,5.452654972915347e-05
2401,comedor,58,5.452654972915347e-05
2402,moviendo,58,5.452654972915347e-05
2403,sig,58,5.452654972915347e-05
2404,##ilos,58,5.452654972915347e-05
2405,##cción,58,5.452654972915347e-05
2406,viv,58,5.452654972915347e-05
2407,experiencias,58,5.452654972915347e-05
2408,##ev,58,5.452654972915347e-05
2409,inv,58,5.452654972915347e-05
2410,##enci,58,5.452654972915347e-05
2411,defensa,58,5.452654972915347e-05
2412,húmedo,58,5.452654972915347e-05
2413,Empe,58,5.452654972915347e-05
2414,##cé,58,5.452654972915347e-05
2415,pit,58,5.452654972915347e-05
2416,mir,58,5.452654972915347e-05
2417,##ándonos,58,5.452654972915347e-05
2418,lío,58,5.452654972915347e-05
2419,llevarlos,58,5.452654972915347e-05
2420,alist,58,5.452654972915347e-05
2421,enco,58,5.452654972915347e-05
2422,##gió,58,5.452654972915347e-05
2423,precisa,58,5.452654972915347e-05
2424,Estamos,58,5.452654972915347e-05
2425,mé,58,5.452654972915347e-05
2426,##dano,58,5.452654972915347e-05
2427,##versi,58,5.452654972915347e-05
2428,intermin,58,5.452654972915347e-05
2429,necesitamos,58,5.452654972915347e-05
2430,Necesitamos,58,5.452654972915347e-05
2431,Des,58,5.452654972915347e-05
2432,bac,58,5.452654972915347e-05
2433,##ge,58,5.452654972915347e-05
2434,liberar,58,5.452654972915347e-05
2435,psiquiá,58,5.452654972915347e-05
2436,vinieron,58,5.452654972915347e-05
2437,yendo,58,5.452654972915347e-05
2438,culo,58,5.452654972915347e-05
2439,Bilbao,58,5.452654972915347e-05
2440,extin,58,5.452654972915347e-05
2441,optimista,58,5.452654972915347e-05
2442,esquina,58,5.452654972915347e-05
2443,girar,58,5.452654972915347e-05
2444,##bio,58,5.452654972915347e-05
2445,esperanza,58,5.452654972915347e-05
2446,radi,58,5.452654972915347e-05
2447,hombros,58,5.452654972915347e-05
2448,Len,58,5.452654972915347e-05
2449,##tamente,58,5.452654972915347e-05
2450,intentó,58,5.452654972915347e-05
2451,relajarse,58,5.452654972915347e-05
2452,recuperó,58,5.452654972915347e-05
2453,ritmo,58,5.452654972915347e-05
2454,juntar,58,5.452654972915347e-05
2455,borra,58,5.452654972915347e-05
2456,##chera,58,5.452654972915347e-05
2457,pared,58,5.452654972915347e-05
2458,##izado,58,5.452654972915347e-05
2459,servi,58,5.452654972915347e-05
2460,##dumbre,58,5.452654972915347e-05
2461,envenen,58,5.452654972915347e-05
2462,bul,58,5.452654972915347e-05
2463,pinta,58,5.452654972915347e-05
2464,circul,58,5.452654972915347e-05
2465,cambios,58,5.452654972915347e-05
2466,conocieron,58,5.452654972915347e-05
2467,Desgraci,58,5.452654972915347e-05
2468,dijera,58,5.452654972915347e-05
2469,junta,58,5.452654972915347e-05
2470,supuestamente,58,5.452654972915347e-05
2471,ricos,58,5.452654972915347e-05
2472,##anás,58,5.452654972915347e-05
2473,poster,58,5.452654972915347e-05
2474,conflicto,58,5.452654972915347e-05
2475,diplomático,58,5.452654972915347e-05
2476,cansan,58,5.452654972915347e-05
2477,##cio,58,5.452654972915347e-05
2478,venga,58,5.452654972915347e-05
2479,cariño,58,5.452654972915347e-05
2480,otras,58,5.452654972915347e-05
2481,trataron,58,5.452654972915347e-05
2482,danza,58,5.452654972915347e-05
2483,sombrero,58,5.452654972915347e-05
2484,marco,58,5.452654972915347e-05
2485,##quesa,58,5.452654972915347e-05
2486,extraordinario,58,5.452654972915347e-05
2487,novio,58,5.452654972915347e-05
2488,pensaron,58,5.452654972915347e-05
2489,planear,58,5.452654972915347e-05
2490,funcionarios,58,5.452654972915347e-05
2491,desconcer,58,5.452654972915347e-05
2492,##tar,58,5.452654972915347e-05
2493,espi,58,5.452654972915347e-05
2494,blanque,58,5.452654972915347e-05
2495,alquiler,58,5.452654972915347e-05
2496,pasan,58,5.452654972915347e-05
2497,preocupa,58,5.452654972915347e-05
2498,loco,58,5.452654972915347e-05
2499,disputa,57,5.358643680278875e-05
2500,loca,57,5.358643680278875e-05
2501,técnica,57,5.358643680278875e-05
2502,siguiera,57,5.358643680278875e-05
2503,suspen,57,5.358643680278875e-05
2504,escaleras,57,5.358643680278875e-05
2505,grupo,57,5.358643680278875e-05
2506,ejecutar,57,5.358643680278875e-05
2507,salimos,57,5.358643680278875e-05
2508,político,57,5.358643680278875e-05
2509,porte,57,5.358643680278875e-05
2510,clases,57,5.358643680278875e-05
2511,Universidad,57,5.358643680278875e-05
2512,Guadalupe,57,5.358643680278875e-05
2513,buce,57,5.358643680278875e-05
2514,Está,57,5.358643680278875e-05
2515,vómi,57,5.358643680278875e-05
2516,monstruos,57,5.358643680278875e-05
2517,ani,57,5.358643680278875e-05
2518,introducido,57,5.358643680278875e-05
2519,chu,57,5.358643680278875e-05
2520,##pá,57,5.358643680278875e-05
2521,##dole,57,5.358643680278875e-05
2522,marcó,57,5.358643680278875e-05
2523,honra,57,5.358643680278875e-05
2524,leí,57,5.358643680278875e-05
2525,traba,57,5.358643680278875e-05
2526,novedades,57,5.358643680278875e-05
2527,caso,57,5.358643680278875e-05
2528,aspira,57,5.358643680278875e-05
2529,quedé,57,5.358643680278875e-05
2530,parados,57,5.358643680278875e-05
2531,##viles,57,5.358643680278875e-05
2532,movió,57,5.358643680278875e-05
2533,arm,57,5.358643680278875e-05
2534,muriendo,57,5.358643680278875e-05
2535,##grados,57,5.358643680278875e-05
2536,tienda,57,5.358643680278875e-05
2537,sargento,57,5.358643680278875e-05
2538,traía,57,5.358643680278875e-05
2539,increíbles,57,5.358643680278875e-05
2540,##lagos,57,5.358643680278875e-05
2541,clásico,57,5.358643680278875e-05
2542,negar,57,5.358643680278875e-05
2543,Bien,57,5.358643680278875e-05
2544,##unto,57,5.358643680278875e-05
2545,componentes,57,5.358643680278875e-05
2546,leyendo,57,5.358643680278875e-05
2547,brillo,57,5.358643680278875e-05
2548,home,57,5.358643680278875e-05
2549,##ata,57,5.358643680278875e-05
2550,##ps,57,5.358643680278875e-05
2551,##ic,57,5.358643680278875e-05
2552,##ólogos,57,5.358643680278875e-05
2553,verdadero,57,5.358643680278875e-05
2554,atacó,57,5.358643680278875e-05
2555,penetr,57,5.358643680278875e-05
2556,madera,57,5.358643680278875e-05
2557,solos,57,5.358643680278875e-05
2558,tentación,57,5.358643680278875e-05
2559,import,57,5.358643680278875e-05
2560,viniendo,57,5.358643680278875e-05
2561,sintiendo,57,5.358643680278875e-05
2562,Fle,57,5.358643680278875e-05
2563,##xi,57,5.358643680278875e-05
2564,##ed,57,5.358643680278875e-05
2565,##ules,57,5.358643680278875e-05
2566,sudor,57,5.358643680278875e-05
2567,##leo,57,5.358643680278875e-05
2568,casados,57,5.358643680278875e-05
2569,examinó,57,5.358643680278875e-05
2570,aterrador,57,5.358643680278875e-05
2571,almuerzo,57,5.358643680278875e-05
2572,##grá,57,5.358643680278875e-05
2573,##cita,57,5.358643680278875e-05
2574,entera,57,5.358643680278875e-05
2575,carne,57,5.358643680278875e-05
2576,sonar,57,5.358643680278875e-05
2577,campanas,57,5.358643680278875e-05
2578,granos,57,5.358643680278875e-05
2579,##vió,57,5.358643680278875e-05
2580,manta,57,5.358643680278875e-05
2581,retor,57,5.358643680278875e-05
2582,fri,57,5.358643680278875e-05
2583,inmensa,57,5.358643680278875e-05
2584,ruina,57,5.358643680278875e-05
2585,vagab,57,5.358643680278875e-05
2586,ruinas,57,5.358643680278875e-05
2587,limpio,57,5.358643680278875e-05
2588,volumen,57,5.358643680278875e-05
2589,callar,57,5.358643680278875e-05
2590,quema,57,5.358643680278875e-05
2591,pantalla,57,5.358643680278875e-05
2592,helado,57,5.358643680278875e-05
2593,Hablar,57,5.358643680278875e-05
2594,cari,57,5.358643680278875e-05
2595,noticia,57,5.358643680278875e-05
2596,mentir,57,5.358643680278875e-05
2597,traficante,57,5.358643680278875e-05
2598,trabajaba,57,5.358643680278875e-05
2599,hablaban,57,5.358643680278875e-05
2600,barco,57,5.358643680278875e-05
2601,record,57,5.358643680278875e-05
2602,lago,57,5.358643680278875e-05
2603,pom,57,5.358643680278875e-05
2604,chal,57,5.358643680278875e-05
2605,Imagina,57,5.358643680278875e-05
2606,humill,57,5.358643680278875e-05
2607,traficantes,57,5.358643680278875e-05
2608,cab,57,5.358643680278875e-05
2609,##iz,57,5.358643680278875e-05
2610,##baj,57,5.358643680278875e-05
2611,llegaron,57,5.358643680278875e-05
2612,encargó,57,5.358643680278875e-05
2613,inspector,57,5.358643680278875e-05
2614,invitar,57,5.358643680278875e-05
2615,realizaba,57,5.358643680278875e-05
2616,##fia,57,5.358643680278875e-05
2617,Llega,57,5.358643680278875e-05
2618,raros,57,5.358643680278875e-05
2619,acompaña,57,5.358643680278875e-05
2620,preocupación,57,5.358643680278875e-05
2621,alej,57,5.358643680278875e-05
2622,bis,57,5.358643680278875e-05
2623,##ag,57,5.358643680278875e-05
2624,aparecer,57,5.358643680278875e-05
2625,queriendo,57,5.358643680278875e-05
2626,Eng,57,5.358643680278875e-05
2627,pen,57,5.358643680278875e-05
2628,##um,57,5.358643680278875e-05
2629,ponerse,56,5.2646323876424036e-05
2630,maniobra,56,5.2646323876424036e-05
2631,percep,56,5.2646323876424036e-05
2632,despleg,56,5.2646323876424036e-05
2633,diver,56,5.2646323876424036e-05
2634,tejido,56,5.2646323876424036e-05
2635,convenció,56,5.2646323876424036e-05
2636,creyó,56,5.2646323876424036e-05
2637,-,56,5.2646323876424036e-05
2638,Metro,56,5.2646323876424036e-05
2639,molestia,56,5.2646323876424036e-05
2640,aventura,56,5.2646323876424036e-05
2641,traseros,56,5.2646323876424036e-05
2642,adolescencia,56,5.2646323876424036e-05
2643,Bal,56,5.2646323876424036e-05
2644,##van,56,5.2646323876424036e-05
2645,##gués,56,5.2646323876424036e-05
2646,Pens,56,5.2646323876424036e-05
2647,montañas,56,5.2646323876424036e-05
2648,adquirir,56,5.2646323876424036e-05
2649,Viv,56,5.2646323876424036e-05
2650,absoluto,56,5.2646323876424036e-05
2651,diagnos,56,5.2646323876424036e-05
2652,##ticar,56,5.2646323876424036e-05
2653,mover,56,5.2646323876424036e-05
2654,auge,56,5.2646323876424036e-05
2655,##hin,56,5.2646323876424036e-05
2656,Agar,56,5.2646323876424036e-05
2657,##ré,56,5.2646323876424036e-05
2658,##pir,56,5.2646323876424036e-05
2659,mío,56,5.2646323876424036e-05
2660,cuantas,56,5.2646323876424036e-05
2661,valor,56,5.2646323876424036e-05
2662,##bé,56,5.2646323876424036e-05
2663,continuó,56,5.2646323876424036e-05
2664,viniera,56,5.2646323876424036e-05
2665,quejas,56,5.2646323876424036e-05
2666,herida,56,5.2646323876424036e-05
2667,arro,56,5.2646323876424036e-05
2668,fuerzas,56,5.2646323876424036e-05
2669,sucesos,56,5.2646323876424036e-05
2670,cotidi,56,5.2646323876424036e-05
2671,##anos,56,5.2646323876424036e-05
2672,encanta,56,5.2646323876424036e-05
2673,reflex,56,5.2646323876424036e-05
2674,##ivos,56,5.2646323876424036e-05
2675,atrae,56,5.2646323876424036e-05
2676,pueda,56,5.2646323876424036e-05
2677,mágica,56,5.2646323876424036e-05
2678,encontrado,56,5.2646323876424036e-05
2679,dinam,56,5.2646323876424036e-05
2680,##itar,56,5.2646323876424036e-05
2681,afecta,56,5.2646323876424036e-05
2682,neuro,56,5.2646323876424036e-05
2683,##fi,56,5.2646323876424036e-05
2684,##sio,56,5.2646323876424036e-05
2685,##lógicos,56,5.2646323876424036e-05
2686,buscarlo,56,5.2646323876424036e-05
2687,secas,56,5.2646323876424036e-05
2688,alivi,56,5.2646323876424036e-05
2689,cambiado,56,5.2646323876424036e-05
2690,preocupada,56,5.2646323876424036e-05
2691,terapeuta,56,5.2646323876424036e-05
2692,distante,56,5.2646323876424036e-05
2693,repetición,56,5.2646323876424036e-05
2694,produc,56,5.2646323876424036e-05
2695,alguno,56,5.2646323876424036e-05
2696,precio,56,5.2646323876424036e-05
2697,sober,56,5.2646323876424036e-05
2698,##gada,56,5.2646323876424036e-05
2699,montar,56,5.2646323876424036e-05
2700,alfa,56,5.2646323876424036e-05
2701,##jor,56,5.2646323876424036e-05
2702,llevaría,56,5.2646323876424036e-05
2703,vali,56,5.2646323876424036e-05
2704,##pas,56,5.2646323876424036e-05
2705,calcula,56,5.2646323876424036e-05
2706,Tra,56,5.2646323876424036e-05
2707,##bí,56,5.2646323876424036e-05
2708,importaba,56,5.2646323876424036e-05
2709,materna,56,5.2646323876424036e-05
2710,adelante,56,5.2646323876424036e-05
2711,idiota,56,5.2646323876424036e-05
2712,embarazada,56,5.2646323876424036e-05
2713,sucios,56,5.2646323876424036e-05
2714,##par,56,5.2646323876424036e-05
2715,animar,56,5.2646323876424036e-05
2716,suyos,56,5.2646323876424036e-05
2717,Descon,56,5.2646323876424036e-05
2718,vuelto,56,5.2646323876424036e-05
2719,cele,56,5.2646323876424036e-05
2720,##ste,56,5.2646323876424036e-05
2721,caball,56,5.2646323876424036e-05
2722,##zas,56,5.2646323876424036e-05
2723,rean,56,5.2646323876424036e-05
2724,##ima,56,5.2646323876424036e-05
2725,rincón,56,5.2646323876424036e-05
2726,pertenecía,56,5.2646323876424036e-05
2727,histórico,56,5.2646323876424036e-05
2728,revo,56,5.2646323876424036e-05
2729,puerto,56,5.2646323876424036e-05
2730,tanque,56,5.2646323876424036e-05
2731,cristales,56,5.2646323876424036e-05
2732,soledad,56,5.2646323876424036e-05
2733,justificar,56,5.2646323876424036e-05
2734,vestido,56,5.2646323876424036e-05
2735,robar,56,5.2646323876424036e-05
2736,daban,56,5.2646323876424036e-05
2737,Volvió,56,5.2646323876424036e-05
2738,precis,56,5.2646323876424036e-05
2739,bajar,56,5.2646323876424036e-05
2740,paró,56,5.2646323876424036e-05
2741,escuchó,56,5.2646323876424036e-05
2742,anillos,56,5.2646323876424036e-05
2743,joy,56,5.2646323876424036e-05
2744,##ero,56,5.2646323876424036e-05
2745,social,56,5.2646323876424036e-05
2746,denuncia,56,5.2646323876424036e-05
2747,gestión,56,5.2646323876424036e-05
2748,mandar,56,5.2646323876424036e-05
2749,compras,56,5.2646323876424036e-05
2750,##ería,56,5.2646323876424036e-05
2751,patrul,56,5.2646323876424036e-05
2752,##ler,56,5.2646323876424036e-05
2753,cree,56,5.2646323876424036e-05
2754,entiende,56,5.2646323876424036e-05
2755,herencia,56,5.2646323876424036e-05
2756,decide,56,5.2646323876424036e-05
2757,internet,56,5.2646323876424036e-05
2758,páginas,56,5.2646323876424036e-05
2759,mencionan,56,5.2646323876424036e-05
2760,comprueba,56,5.2646323876424036e-05
2761,distingue,56,5.2646323876424036e-05
2762,cuál,55,5.1706210950059323e-05
2763,imbéciles,55,5.1706210950059323e-05
2764,usó,55,5.1706210950059323e-05
2765,usando,55,5.1706210950059323e-05
2766,fina,55,5.1706210950059323e-05
2767,suficiente,55,5.1706210950059323e-05
2768,verla,55,5.1706210950059323e-05
2769,depu,55,5.1706210950059323e-05
2770,situación,55,5.1706210950059323e-05
2771,##mer,55,5.1706210950059323e-05
2772,cabo,55,5.1706210950059323e-05
2773,perfección,55,5.1706210950059323e-05
2774,plan,55,5.1706210950059323e-05
2775,sentarse,55,5.1706210950059323e-05
2776,comporta,55,5.1706210950059323e-05
2777,vela,55,5.1706210950059323e-05
2778,##torio,55,5.1706210950059323e-05
2779,estuviese,55,5.1706210950059323e-05
2780,competencia,55,5.1706210950059323e-05
2781,verbo,55,5.1706210950059323e-05
2782,cabec,55,5.1706210950059323e-05
2783,concluir,55,5.1706210950059323e-05
2784,antigua,55,5.1706210950059323e-05
2785,irrump,55,5.1706210950059323e-05
2786,sospechas,55,5.1706210950059323e-05
2787,limitan,55,5.1706210950059323e-05
2788,definir,55,5.1706210950059323e-05
2789,doctor,55,5.1706210950059323e-05
2790,últimos,55,5.1706210950059323e-05
2791,veían,55,5.1706210950059323e-05
2792,octubre,55,5.1706210950059323e-05
2793,carajo,55,5.1706210950059323e-05
2794,tocaba,55,5.1706210950059323e-05
2795,barb,55,5.1706210950059323e-05
2796,tomé,55,5.1706210950059323e-05
2797,combatientes,55,5.1706210950059323e-05
2798,olvidado,55,5.1706210950059323e-05
2799,cadáveres,55,5.1706210950059323e-05
2800,cercanos,55,5.1706210950059323e-05
2801,intestino,55,5.1706210950059323e-05
2802,deton,55,5.1706210950059323e-05
2803,recta,55,5.1706210950059323e-05
2804,inclin,55,5.1706210950059323e-05
2805,ambas,55,5.1706210950059323e-05
2806,agarra,55,5.1706210950059323e-05
2807,##tizar,55,5.1706210950059323e-05
2808,esc,55,5.1706210950059323e-05
2809,##ép,55,5.1706210950059323e-05
2810,##tico,55,5.1706210950059323e-05
2811,escapar,55,5.1706210950059323e-05
2812,Tierra,55,5.1706210950059323e-05
2813,B,55,5.1706210950059323e-05
2814,##61,55,5.1706210950059323e-05
2815,##2,55,5.1706210950059323e-05
2816,Gri,55,5.1706210950059323e-05
2817,genera,55,5.1706210950059323e-05
2818,Biblia,55,5.1706210950059323e-05
2819,arruin,55,5.1706210950059323e-05
2820,fenómenos,55,5.1706210950059323e-05
2821,Acá,55,5.1706210950059323e-05
2822,contamos,55,5.1706210950059323e-05
2823,Hist,55,5.1706210950059323e-05
2824,##que,55,5.1706210950059323e-05
2825,caminata,55,5.1706210950059323e-05
2826,##ieron,55,5.1706210950059323e-05
2827,propio,55,5.1706210950059323e-05
2828,obses,55,5.1706210950059323e-05
2829,##ion,55,5.1706210950059323e-05
2830,fumar,55,5.1706210950059323e-05
2831,revista,55,5.1706210950059323e-05
2832,raya,55,5.1706210950059323e-05
2833,semejante,55,5.1706210950059323e-05
2834,os,55,5.1706210950059323e-05
2835,##adía,55,5.1706210950059323e-05
2836,trom,55,5.1706210950059323e-05
2837,##pada,55,5.1706210950059323e-05
2838,##ándome,55,5.1706210950059323e-05
2839,negociar,55,5.1706210950059323e-05
2840,daría,55,5.1706210950059323e-05
2841,semana,55,5.1706210950059323e-05
2842,impu,55,5.1706210950059323e-05
2843,##ne,55,5.1706210950059323e-05
2844,explotar,55,5.1706210950059323e-05
2845,lograron,55,5.1706210950059323e-05
2846,encer,55,5.1706210950059323e-05
2847,##ramos,55,5.1706210950059323e-05
2848,Lou,55,5.1706210950059323e-05
2849,##des,55,5.1706210950059323e-05
2850,enseñar,55,5.1706210950059323e-05
2851,meses,55,5.1706210950059323e-05
2852,criatura,55,5.1706210950059323e-05
2853,saludable,55,5.1706210950059323e-05
2854,contagi,55,5.1706210950059323e-05
2855,renov,55,5.1706210950059323e-05
2856,##dados,55,5.1706210950059323e-05
2857,##gol,55,5.1706210950059323e-05
2858,##lado,55,5.1706210950059323e-05
2859,saludar,55,5.1706210950059323e-05
2860,enfrente,55,5.1706210950059323e-05
2861,seguían,55,5.1706210950059323e-05
2862,garganta,55,5.1706210950059323e-05
2863,avanzar,55,5.1706210950059323e-05
2864,cenar,55,5.1706210950059323e-05
2865,disfru,55,5.1706210950059323e-05
2866,alcohol,55,5.1706210950059323e-05
2867,rojo,55,5.1706210950059323e-05
2868,alqui,55,5.1706210950059323e-05
2869,##trán,55,5.1706210950059323e-05
2870,barcos,55,5.1706210950059323e-05
2871,muelle,55,5.1706210950059323e-05
2872,##cum,55,5.1706210950059323e-05
2873,##bas,55,5.1706210950059323e-05
2874,rese,55,5.1706210950059323e-05
2875,##timi,55,5.1706210950059323e-05
2876,##ento,55,5.1706210950059323e-05
2877,orto,55,5.1706210950059323e-05
2878,##pé,55,5.1706210950059323e-05
2879,##dicos,55,5.1706210950059323e-05
2880,haci,55,5.1706210950059323e-05
2881,adora,55,5.1706210950059323e-05
2882,temía,55,5.1706210950059323e-05
2883,golpear,55,5.1706210950059323e-05
2884,contados,55,5.1706210950059323e-05
2885,daño,55,5.1706210950059323e-05
2886,opción,55,5.1706210950059323e-05
2887,explicó,55,5.1706210950059323e-05
2888,decía,55,5.1706210950059323e-05
2889,destruir,55,5.1706210950059323e-05
2890,monos,55,5.1706210950059323e-05
2891,dom,55,5.1706210950059323e-05
2892,##adores,55,5.1706210950059323e-05
2893,leones,55,5.1706210950059323e-05
2894,##udí,55,5.1706210950059323e-05
2895,centro,55,5.1706210950059323e-05
2896,pista,55,5.1706210950059323e-05
2897,bauti,55,5.1706210950059323e-05
2898,##zar,55,5.1706210950059323e-05
2899,baila,55,5.1706210950059323e-05
2900,mantenerse,55,5.1706210950059323e-05
2901,próxima,55,5.1706210950059323e-05
2902,función,55,5.1706210950059323e-05
2903,molesta,55,5.1706210950059323e-05
2904,il,55,5.1706210950059323e-05
2905,##usi,55,5.1706210950059323e-05
2906,inmun,55,5.1706210950059323e-05
2907,##dic,55,5.1706210950059323e-05
2908,acumulado,55,5.1706210950059323e-05
2909,manteniendo,55,5.1706210950059323e-05
2910,Cuántos,55,5.1706210950059323e-05
2911,chiste,55,5.1706210950059323e-05
2912,haciéndose,55,5.1706210950059323e-05
2913,ochenta,55,5.1706210950059323e-05
2914,acu,55,5.1706210950059323e-05
2915,##esta,55,5.1706210950059323e-05
2916,arrepi,55,5.1706210950059323e-05
2917,##ente,55,5.1706210950059323e-05
2918,hábitos,55,5.1706210950059323e-05
2919,deprimi,55,5.1706210950059323e-05
2920,ciber,55,5.1706210950059323e-05
2921,Congreso,55,5.1706210950059323e-05
2922,pelear,55,5.1706210950059323e-05
2923,miran,55,5.1706210950059323e-05
2924,corre,55,5.1706210950059323e-05
2925,promete,55,5.1706210950059323e-05
2926,##pado,55,5.1706210950059323e-05
2927,enti,55,5.1706210950059323e-05
2928,##erra,55,5.1706210950059323e-05
2929,##ló,54,5.0766098023694604e-05
2930,según,54,5.0766098023694604e-05
2931,hacerle,54,5.0766098023694604e-05
2932,##lán,54,5.0766098023694604e-05
2933,dejarlo,54,5.0766098023694604e-05
2934,ayudarlo,54,5.0766098023694604e-05
2935,equivoca,54,5.0766098023694604e-05
2936,suya,54,5.0766098023694604e-05
2937,confec,54,5.0766098023694604e-05
2938,contento,54,5.0766098023694604e-05
2939,favor,54,5.0766098023694604e-05
2940,creyendo,54,5.0766098023694604e-05
2941,contrató,54,5.0766098023694604e-05
2942,contener,54,5.0766098023694604e-05
2943,saliera,54,5.0766098023694604e-05
2944,vagón,54,5.0766098023694604e-05
2945,diría,54,5.0766098023694604e-05
2946,argentino,54,5.0766098023694604e-05
2947,Í,54,5.0766098023694604e-05
2948,##bamos,54,5.0766098023694604e-05
2949,##stone,54,5.0766098023694604e-05
2950,composición,54,5.0766098023694604e-05
2951,agradecido,54,5.0766098023694604e-05
2952,compromiso,54,5.0766098023694604e-05
2953,pierde,54,5.0766098023694604e-05
2954,proyecciones,54,5.0766098023694604e-05
2955,poemas,54,5.0766098023694604e-05
2956,inverna,54,5.0766098023694604e-05
2957,##icas,54,5.0766098023694604e-05
2958,épocas,54,5.0766098023694604e-05
2959,operando,54,5.0766098023694604e-05
2960,recomiendo,54,5.0766098023694604e-05
2961,argumentos,54,5.0766098023694604e-05
2962,sumer,54,5.0766098023694604e-05
2963,##gir,54,5.0766098023694604e-05
2964,décadas,54,5.0766098023694604e-05
2965,hacemos,54,5.0766098023694604e-05
2966,t,54,5.0766098023694604e-05
2967,##eet,54,5.0766098023694604e-05
2968,Sus,54,5.0766098023694604e-05
2969,orient,54,5.0766098023694604e-05
2970,grupos,54,5.0766098023694604e-05
2971,rescate,54,5.0766098023694604e-05
2972,resultaba,54,5.0766098023694604e-05
2973,##rado,54,5.0766098023694604e-05
2974,pedido,54,5.0766098023694604e-05
2975,Mor,54,5.0766098023694604e-05
2976,gi,54,5.0766098023694604e-05
2977,##ña,54,5.0766098023694604e-05
2978,matado,54,5.0766098023694604e-05
2979,##gamos,54,5.0766098023694604e-05
2980,fundamental,54,5.0766098023694604e-05
2981,cach,54,5.0766098023694604e-05
2982,tel,54,5.0766098023694604e-05
2983,##por,54,5.0766098023694604e-05
2984,eru,54,5.0766098023694604e-05
2985,##dito,54,5.0766098023694604e-05
2986,exceso,54,5.0766098023694604e-05
2987,espectro,54,5.0766098023694604e-05
2988,atractivo,54,5.0766098023694604e-05
2989,cristiano,54,5.0766098023694604e-05
2990,ponemos,54,5.0766098023694604e-05
2991,provocan,54,5.0766098023694604e-05
2992,filosó,54,5.0766098023694604e-05
2993,##fica,54,5.0766098023694604e-05
2994,mecanismos,54,5.0766098023694604e-05
2995,emociones,54,5.0766098023694604e-05
2996,tecnología,54,5.0766098023694604e-05
2997,clínicos,54,5.0766098023694604e-05
2998,psicó,54,5.0766098023694604e-05
2999,depri,54,5.0766098023694604e-05
3000,cura,54,5.0766098023694604e-05
3001,##deras,54,5.0766098023694604e-05
3002,mostrar,54,5.0766098023694604e-05
3003,recibiendo,54,5.0766098023694604e-05
3004,alejarse,54,5.0766098023694604e-05
3005,domingo,54,5.0766098023694604e-05
3006,haberla,54,5.0766098023694604e-05
3007,imaginaba,54,5.0766098023694604e-05
3008,##arme,54,5.0766098023694604e-05
3009,cargada,54,5.0766098023694604e-05
3010,desaparecieron,54,5.0766098023694604e-05
3011,Nuestro,54,5.0766098023694604e-05
3012,reaccionar,54,5.0766098023694604e-05
3013,##tigu,54,5.0766098023694604e-05
3014,fatal,54,5.0766098023694604e-05
3015,pura,54,5.0766098023694604e-05
3016,desastre,54,5.0766098023694604e-05
3017,##dieron,54,5.0766098023694604e-05
3018,presta,54,5.0766098023694604e-05
3019,poca,54,5.0766098023694604e-05
3020,muro,54,5.0766098023694604e-05
3021,apoyar,54,5.0766098023694604e-05
3022,apoyo,54,5.0766098023694604e-05
3023,##taron,54,5.0766098023694604e-05
3024,agotado,54,5.0766098023694604e-05
3025,##ns,54,5.0766098023694604e-05
3026,ayudaría,54,5.0766098023694604e-05
3027,grasa,54,5.0766098023694604e-05
3028,depósitos,54,5.0766098023694604e-05
3029,vivos,54,5.0766098023694604e-05
3030,aislado,54,5.0766098023694604e-05
3031,espe,54,5.0766098023694604e-05
3032,##jito,54,5.0766098023694604e-05
3033,permanencia,54,5.0766098023694604e-05
3034,ayudara,54,5.0766098023694604e-05
3035,tac,54,5.0766098023694604e-05
3036,sobrina,54,5.0766098023694604e-05
3037,mascotas,54,5.0766098023694604e-05
3038,perros,54,5.0766098023694604e-05
3039,convencer,54,5.0766098023694604e-05
3040,caca,54,5.0766098023694604e-05
3041,abuelos,54,5.0766098023694604e-05
3042,aceptaron,54,5.0766098023694604e-05
3043,incomple,54,5.0766098023694604e-05
3044,##bata,54,5.0766098023694604e-05
3045,tigre,54,5.0766098023694604e-05
3046,ben,54,5.0766098023694604e-05
3047,##gala,54,5.0766098023694604e-05
3048,salta,54,5.0766098023694604e-05
3049,mapa,54,5.0766098023694604e-05
3050,supermercado,54,5.0766098023694604e-05
3051,crecer,54,5.0766098023694604e-05
3052,esté,54,5.0766098023694604e-05
3053,Google,54,5.0766098023694604e-05
3054,aust,54,5.0766098023694604e-05
3055,pierden,54,5.0766098023694604e-05
3056,estúpido,54,5.0766098023694604e-05
3057,calefacción,54,5.0766098023694604e-05
3058,##fal,54,5.0766098023694604e-05
3059,inconsciente,54,5.0766098023694604e-05
3060,llevando,54,5.0766098023694604e-05
3061,genial,53,4.982598509732989e-05
3062,nuevas,53,4.982598509732989e-05
3063,lav,53,4.982598509732989e-05
3064,enfermo,53,4.982598509732989e-05
3065,Voy,53,4.982598509732989e-05
3066,quieto,53,4.982598509732989e-05
3067,fér,53,4.982598509732989e-05
3068,##et,53,4.982598509732989e-05
3069,seriamente,53,4.982598509732989e-05
3070,compe,53,4.982598509732989e-05
3071,##net,53,4.982598509732989e-05
3072,##rados,53,4.982598509732989e-05
3073,ceremonia,53,4.982598509732989e-05
3074,clar,53,4.982598509732989e-05
3075,Pue,53,4.982598509732989e-05
3076,##red,53,4.982598509732989e-05
3077,Hernández,53,4.982598509732989e-05
3078,baj,53,4.982598509732989e-05
3079,##íamos,53,4.982598509732989e-05
3080,fórmula,53,4.982598509732989e-05
3081,contaban,53,4.982598509732989e-05
3082,retener,53,4.982598509732989e-05
3083,guiar,53,4.982598509732989e-05
3084,gris,53,4.982598509732989e-05
3085,##v,53,4.982598509732989e-05
3086,##uelto,53,4.982598509732989e-05
3087,empiezan,53,4.982598509732989e-05
3088,##ji,53,4.982598509732989e-05
3089,insin,53,4.982598509732989e-05
3090,##úa,53,4.982598509732989e-05
3091,disu,53,4.982598509732989e-05
3092,##el,53,4.982598509732989e-05
3093,té,53,4.982598509732989e-05
3094,Cur,53,4.982598509732989e-05
3095,##iosa,53,4.982598509732989e-05
3096,tomamos,53,4.982598509732989e-05
3097,supervivencia,53,4.982598509732989e-05
3098,gusta,53,4.982598509732989e-05
3099,entenderlo,53,4.982598509732989e-05
3100,inda,53,4.982598509732989e-05
3101,sobrevi,53,4.982598509732989e-05
3102,enamorado,53,4.982598509732989e-05
3103,necesarias,53,4.982598509732989e-05
3104,bola,53,4.982598509732989e-05
3105,Termin,53,4.982598509732989e-05
3106,di,53,4.982598509732989e-05
3107,controlar,53,4.982598509732989e-05
3108,preocupaba,53,4.982598509732989e-05
3109,aceler,53,4.982598509732989e-05
3110,alto,53,4.982598509732989e-05
3111,zan,53,4.982598509732989e-05
3112,plena,53,4.982598509732989e-05
3113,abdomen,53,4.982598509732989e-05
3114,muertas,53,4.982598509732989e-05
3115,den,53,4.982598509732989e-05
3116,bab,53,4.982598509732989e-05
3117,morib,53,4.982598509732989e-05
3118,hermosa,53,4.982598509732989e-05
3119,astro,53,4.982598509732989e-05
3120,apoder,53,4.982598509732989e-05
3121,inversa,53,4.982598509732989e-05
3122,perdi,53,4.982598509732989e-05
3123,planeta,53,4.982598509732989e-05
3124,Volvamos,53,4.982598509732989e-05
3125,##bimos,53,4.982598509732989e-05
3126,componen,53,4.982598509732989e-05
3127,continuo,53,4.982598509732989e-05
3128,arbitraria,53,4.982598509732989e-05
3129,mata,53,4.982598509732989e-05
3130,fan,53,4.982598509732989e-05
3131,##ático,53,4.982598509732989e-05
3132,compleja,53,4.982598509732989e-05
3133,bor,53,4.982598509732989e-05
3134,##eal,53,4.982598509732989e-05
3135,estudiar,53,4.982598509732989e-05
3136,dudas,53,4.982598509732989e-05
3137,ejemplo,53,4.982598509732989e-05
3138,indi,53,4.982598509732989e-05
3139,##ferente,53,4.982598509732989e-05
3140,preocupar,53,4.982598509732989e-05
3141,estudios,53,4.982598509732989e-05
3142,veredicto,53,4.982598509732989e-05
3143,deprimido,53,4.982598509732989e-05
3144,##siete,53,4.982598509732989e-05
3145,rasgos,53,4.982598509732989e-05
3146,quitó,53,4.982598509732989e-05
3147,personalidad,53,4.982598509732989e-05
3148,recibió,53,4.982598509732989e-05
3149,ingeniero,53,4.982598509732989e-05
3150,sistemas,53,4.982598509732989e-05
3151,sierra,53,4.982598509732989e-05
3152,formó,53,4.982598509732989e-05
3153,pate,53,4.982598509732989e-05
3154,chicas,53,4.982598509732989e-05
3155,izquierdo,53,4.982598509732989e-05
3156,pilo,53,4.982598509732989e-05
3157,##teado,53,4.982598509732989e-05
3158,aun,53,4.982598509732989e-05
3159,á,53,4.982598509732989e-05
3160,##gil,53,4.982598509732989e-05
3161,rodillas,53,4.982598509732989e-05
3162,idéntico,53,4.982598509732989e-05
3163,sir,53,4.982598509732989e-05
3164,##ena,53,4.982598509732989e-05
3165,existía,53,4.982598509732989e-05
3166,##daron,53,4.982598509732989e-05
3167,recuperarse,53,4.982598509732989e-05
3168,consiguieron,53,4.982598509732989e-05
3169,repetir,53,4.982598509732989e-05
3170,esp,53,4.982598509732989e-05
3171,ninguno,53,4.982598509732989e-05
3172,bestia,53,4.982598509732989e-05
3173,creciendo,53,4.982598509732989e-05
3174,atro,53,4.982598509732989e-05
3175,respiración,53,4.982598509732989e-05
3176,asustada,53,4.982598509732989e-05
3177,vecinas,53,4.982598509732989e-05
3178,##pó,53,4.982598509732989e-05
3179,tiran,53,4.982598509732989e-05
3180,bajó,53,4.982598509732989e-05
3181,arrastrar,53,4.982598509732989e-05
3182,contenta,53,4.982598509732989e-05
3183,Afuera,53,4.982598509732989e-05
3184,río,53,4.982598509732989e-05
3185,compa,53,4.982598509732989e-05
3186,##cto,53,4.982598509732989e-05
3187,pesado,53,4.982598509732989e-05
3188,damas,53,4.982598509732989e-05
3189,podrían,53,4.982598509732989e-05
3190,Tampoco,53,4.982598509732989e-05
3191,registraron,53,4.982598509732989e-05
3192,novios,53,4.982598509732989e-05
3193,oídos,53,4.982598509732989e-05
3194,interés,53,4.982598509732989e-05
3195,lleguemos,53,4.982598509732989e-05
3196,parecer,53,4.982598509732989e-05
3197,interesada,53,4.982598509732989e-05
3198,transmitió,53,4.982598509732989e-05
3199,versión,53,4.982598509732989e-05
3200,estimul,53,4.982598509732989e-05
3201,espaci,53,4.982598509732989e-05
3202,van,53,4.982598509732989e-05
3203,sentada,53,4.982598509732989e-05
3204,rodeada,53,4.982598509732989e-05
3205,salen,53,4.982598509732989e-05
3206,precaución,53,4.982598509732989e-05
3207,peligro,53,4.982598509732989e-05
3208,semanas,53,4.982598509732989e-05
3209,extrañar,53,4.982598509732989e-05
3210,descubrieron,53,4.982598509732989e-05
3211,memor,53,4.982598509732989e-05
3212,##izar,53,4.982598509732989e-05
3213,osos,53,4.982598509732989e-05
3214,aro,53,4.982598509732989e-05
3215,sec,53,4.982598509732989e-05
3216,veo,53,4.982598509732989e-05
3217,total,53,4.982598509732989e-05
3218,Sie,53,4.982598509732989e-05
3219,adelantado,53,4.982598509732989e-05
3220,noción,53,4.982598509732989e-05
3221,manifestación,53,4.982598509732989e-05
3222,expresión,53,4.982598509732989e-05
3223,moto,53,4.982598509732989e-05
3224,vuela,53,4.982598509732989e-05
3225,golpea,53,4.982598509732989e-05
3226,##ciden,53,4.982598509732989e-05
3227,reconoce,53,4.982598509732989e-05
3228,##very,53,4.982598509732989e-05
3229,atrope,53,4.982598509732989e-05
3230,##lla,53,4.982598509732989e-05
3231,##titos,52,4.888587217096517e-05
3232,extremo,52,4.888587217096517e-05
3233,pudiese,52,4.888587217096517e-05
3234,quedaría,52,4.888587217096517e-05
3235,pas,52,4.888587217096517e-05
3236,##mado,52,4.888587217096517e-05
3237,esposas,52,4.888587217096517e-05
3238,cuento,52,4.888587217096517e-05
3239,##avier,52,4.888587217096517e-05
3240,rie,52,4.888587217096517e-05
3241,oírlo,52,4.888587217096517e-05
3242,armonía,52,4.888587217096517e-05
3243,reales,52,4.888587217096517e-05
3244,pasajero,52,4.888587217096517e-05
3245,rot,52,4.888587217096517e-05
3246,##undamente,52,4.888587217096517e-05
3247,Cab,52,4.888587217096517e-05
3248,##ildo,52,4.888587217096517e-05
3249,soportar,52,4.888587217096517e-05
3250,azo,52,4.888587217096517e-05
3251,pregunto,52,4.888587217096517e-05
3252,veamos,52,4.888587217096517e-05
3253,deshacerse,52,4.888587217096517e-05
3254,alrededor,52,4.888587217096517e-05
3255,advierte,52,4.888587217096517e-05
3256,veterano,52,4.888587217096517e-05
3257,permitía,52,4.888587217096517e-05
3258,contenidos,52,4.888587217096517e-05
3259,Afortunadamente,52,4.888587217096517e-05
3260,desigualdad,52,4.888587217096517e-05
3261,Times,52,4.888587217096517e-05
3262,##osamente,52,4.888587217096517e-05
3263,habla,52,4.888587217096517e-05
3264,guía,52,4.888587217096517e-05
3265,surge,52,4.888587217096517e-05
3266,intentando,52,4.888587217096517e-05
3267,característica,52,4.888587217096517e-05
3268,cuánto,52,4.888587217096517e-05
3269,enamor,52,4.888587217096517e-05
3270,##emos,52,4.888587217096517e-05
3271,ocurrió,52,4.888587217096517e-05
3272,encarga,52,4.888587217096517e-05
3273,darnos,52,4.888587217096517e-05
3274,profundidades,52,4.888587217096517e-05
3275,sustituir,52,4.888587217096517e-05
3276,Pronto,52,4.888587217096517e-05
3277,energía,52,4.888587217096517e-05
3278,vaci,52,4.888587217096517e-05
3279,personal,52,4.888587217096517e-05
3280,costado,52,4.888587217096517e-05
3281,aniqui,52,4.888587217096517e-05
3282,##lados,52,4.888587217096517e-05
3283,cañ,52,4.888587217096517e-05
3284,partió,52,4.888587217096517e-05
3285,acor,52,4.888587217096517e-05
3286,##ral,52,4.888587217096517e-05
3287,arbustos,52,4.888587217096517e-05
3288,casti,52,4.888587217096517e-05
3289,##lli,52,4.888587217096517e-05
3290,bi,52,4.888587217096517e-05
3291,##ini,52,4.888587217096517e-05
3292,##vidas,52,4.888587217096517e-05
3293,Llegamos,52,4.888587217096517e-05
3294,olas,52,4.888587217096517e-05
3295,películas,52,4.888587217096517e-05
3296,satélite,52,4.888587217096517e-05
3297,debe,52,4.888587217096517e-05
3298,men,52,4.888587217096517e-05
3299,Gra,52,4.888587217096517e-05
3300,##veda,52,4.888587217096517e-05
3301,Princip,52,4.888587217096517e-05
3302,fal,52,4.888587217096517e-05
3303,##mí,52,4.888587217096517e-05
3304,##mo,52,4.888587217096517e-05
3305,llamada,52,4.888587217096517e-05
3306,agrup,52,4.888587217096517e-05
3307,super,52,4.888587217096517e-05
3308,##sti,52,4.888587217096517e-05
3309,damos,52,4.888587217096517e-05
3310,serían,52,4.888587217096517e-05
3311,man,52,4.888587217096517e-05
3312,conocer,52,4.888587217096517e-05
3313,mecanismo,52,4.888587217096517e-05
3314,elemento,52,4.888587217096517e-05
3315,repos,52,4.888587217096517e-05
3316,##eras,52,4.888587217096517e-05
3317,abierto,52,4.888587217096517e-05
3318,monstruo,52,4.888587217096517e-05
3319,viviendo,52,4.888587217096517e-05
3320,Podía,52,4.888587217096517e-05
3321,alma,52,4.888587217096517e-05
3322,sentidos,52,4.888587217096517e-05
3323,éramos,52,4.888587217096517e-05
3324,nació,52,4.888587217096517e-05
3325,mel,52,4.888587217096517e-05
3326,voces,52,4.888587217096517e-05
3327,maldición,52,4.888587217096517e-05
3328,oyó,52,4.888587217096517e-05
3329,bajado,52,4.888587217096517e-05
3330,saltar,52,4.888587217096517e-05
3331,abrieron,52,4.888587217096517e-05
3332,##grada,52,4.888587217096517e-05
3333,##cli,52,4.888587217096517e-05
3334,##smo,52,4.888587217096517e-05
3335,pequeña,52,4.888587217096517e-05
3336,exager,52,4.888587217096517e-05
3337,ocupaba,52,4.888587217096517e-05
3338,llenar,52,4.888587217096517e-05
3339,##pelo,52,4.888587217096517e-05
3340,desp,52,4.888587217096517e-05
3341,alfombra,52,4.888587217096517e-05
3342,apropiada,52,4.888587217096517e-05
3343,impresión,52,4.888587217096517e-05
3344,captar,52,4.888587217096517e-05
3345,sa,52,4.888587217096517e-05
3346,##dismo,52,4.888587217096517e-05
3347,##mé,52,4.888587217096517e-05
3348,intui,52,4.888587217096517e-05
3349,mur,52,4.888587217096517e-05
3350,hablando,52,4.888587217096517e-05
3351,sostener,52,4.888587217096517e-05
3352,departamento,52,4.888587217096517e-05
3353,##esti,52,4.888587217096517e-05
3354,##rs,52,4.888587217096517e-05
3355,intentado,52,4.888587217096517e-05
3356,convincente,52,4.888587217096517e-05
3357,bebidas,52,4.888587217096517e-05
3358,suda,52,4.888587217096517e-05
3359,pedía,52,4.888587217096517e-05
3360,vel,52,4.888587217096517e-05
3361,##itas,52,4.888587217096517e-05
3362,##pan,52,4.888587217096517e-05
3363,cárcel,52,4.888587217096517e-05
3364,papel,52,4.888587217096517e-05
3365,grita,52,4.888587217096517e-05
3366,trasera,52,4.888587217096517e-05
3367,vacío,52,4.888587217096517e-05
3368,despacio,52,4.888587217096517e-05
3369,duermo,52,4.888587217096517e-05
3370,escondi,52,4.888587217096517e-05
3371,cubierta,52,4.888587217096517e-05
3372,intri,51,4.794575924460046e-05
3373,##eran,51,4.794575924460046e-05
3374,existencia,51,4.794575924460046e-05
3375,trío,51,4.794575924460046e-05
3376,med,51,4.794575924460046e-05
3377,viejas,51,4.794575924460046e-05
3378,clima,51,4.794575924460046e-05
3379,ce,51,4.794575924460046e-05
3380,empiezo,51,4.794575924460046e-05
3381,suficientemente,51,4.794575924460046e-05
3382,inteligentes,51,4.794575924460046e-05
3383,propósito,51,4.794575924460046e-05
3384,acer,51,4.794575924460046e-05
3385,comprobar,51,4.794575924460046e-05
3386,despa,51,4.794575924460046e-05
3387,presentes,51,4.794575924460046e-05
3388,estu,51,4.794575924460046e-05
3389,##pef,51,4.794575924460046e-05
3390,##acción,51,4.794575924460046e-05
3391,calzado,51,4.794575924460046e-05
3392,ocultos,51,4.794575924460046e-05
3393,##orth,51,4.794575924460046e-05
3394,##V,51,4.794575924460046e-05
3395,conocemos,51,4.794575924460046e-05
3396,británica,51,4.794575924460046e-05
3397,base,51,4.794575924460046e-05
3398,representar,51,4.794575924460046e-05
3399,ornam,51,4.794575924460046e-05
3400,##entales,51,4.794575924460046e-05
3401,1905,51,4.794575924460046e-05
3402,adaptación,51,4.794575924460046e-05
3403,quieran,51,4.794575924460046e-05
3404,cí,51,4.794575924460046e-05
3405,##nico,51,4.794575924460046e-05
3406,investigación,51,4.794575924460046e-05
3407,aborda,51,4.794575924460046e-05
3408,amplia,51,4.794575924460046e-05
3409,amena,51,4.794575924460046e-05
3410,bomba,51,4.794575924460046e-05
3411,##en,51,4.794575924460046e-05
3412,constitu,51,4.794575924460046e-05
3413,##tiva,51,4.794575924460046e-05
3414,controla,51,4.794575924460046e-05
3415,surgimiento,51,4.794575924460046e-05
3416,##gía,51,4.794575924460046e-05
3417,confirmar,51,4.794575924460046e-05
3418,logre,51,4.794575924460046e-05
3419,libros,51,4.794575924460046e-05
3420,programas,51,4.794575924460046e-05
3421,docencia,51,4.794575924460046e-05
3422,inútil,51,4.794575924460046e-05
3423,amenazado,51,4.794575924460046e-05
3424,pedazo,51,4.794575924460046e-05
3425,sú,51,4.794575924460046e-05
3426,matarlo,51,4.794575924460046e-05
3427,pata,51,4.794575924460046e-05
3428,rev,51,4.794575924460046e-05
3429,##entada,51,4.794575924460046e-05
3430,revólver,51,4.794575924460046e-05
3431,violenta,51,4.794575924460046e-05
3432,paz,51,4.794575924460046e-05
3433,bala,51,4.794575924460046e-05
3434,acero,51,4.794575924460046e-05
3435,tercero,51,4.794575924460046e-05
3436,atracción,51,4.794575924460046e-05
3437,describir,51,4.794575924460046e-05
3438,demostró,51,4.794575924460046e-05
3439,pequeño,51,4.794575924460046e-05
3440,separa,51,4.794575924460046e-05
3441,notas,51,4.794575924460046e-05
3442,musicales,51,4.794575924460046e-05
3443,tatu,51,4.794575924460046e-05
3444,##aría,51,4.794575924460046e-05
3445,Universo,51,4.794575924460046e-05
3446,sem,51,4.794575924460046e-05
3447,##tica,51,4.794575924460046e-05
3448,maravillas,51,4.794575924460046e-05
3449,##oras,51,4.794575924460046e-05
3450,insignificante,51,4.794575924460046e-05
3451,Vivimos,51,4.794575924460046e-05
3452,destruc,51,4.794575924460046e-05
3453,##tor,51,4.794575924460046e-05
3454,grado,51,4.794575924460046e-05
3455,detenerme,51,4.794575924460046e-05
3456,plástico,51,4.794575924460046e-05
3457,acos,51,4.794575924460046e-05
3458,pens,51,4.794575924460046e-05
3459,##ati,51,4.794575924460046e-05
3460,cajón,51,4.794575924460046e-05
3461,bodega,51,4.794575924460046e-05
3462,Tarde,51,4.794575924460046e-05
3463,estarían,51,4.794575924460046e-05
3464,dedicó,51,4.794575924460046e-05
3465,sexto,51,4.794575924460046e-05
3466,cuarentena,51,4.794575924460046e-05
3467,##una,51,4.794575924460046e-05
3468,celebración,51,4.794575924460046e-05
3469,sun,51,4.794575924460046e-05
3470,##tuosa,51,4.794575924460046e-05
3471,lámparas,51,4.794575924460046e-05
3472,dando,51,4.794575924460046e-05
3473,##cara,51,4.794575924460046e-05
3474,aba,51,4.794575924460046e-05
3475,##lan,51,4.794575924460046e-05
3476,decirse,51,4.794575924460046e-05
3477,tuvieran,51,4.794575924460046e-05
3478,examinaron,51,4.794575924460046e-05
3479,simpatía,51,4.794575924460046e-05
3480,solidaridad,51,4.794575924460046e-05
3481,Entrar,51,4.794575924460046e-05
3482,filas,51,4.794575924460046e-05
3483,señ,51,4.794575924460046e-05
3484,ajenas,51,4.794575924460046e-05
3485,enferm,51,4.794575924460046e-05
3486,necesaria,51,4.794575924460046e-05
3487,registrar,51,4.794575924460046e-05
3488,fran,51,4.794575924460046e-05
3489,##quez,51,4.794575924460046e-05
3490,##rie,51,4.794575924460046e-05
3491,traspas,51,4.794575924460046e-05
3492,Vivo,51,4.794575924460046e-05
3493,diagnóstico,51,4.794575924460046e-05
3494,Vamos,51,4.794575924460046e-05
3495,relá,51,4.794575924460046e-05
3496,##mpa,51,4.794575924460046e-05
3497,recurrir,51,4.794575924460046e-05
3498,##turas,51,4.794575924460046e-05
3499,pel,51,4.794575924460046e-05
3500,moscas,51,4.794575924460046e-05
3501,du,51,4.794575924460046e-05
3502,comentario,51,4.794575924460046e-05
3503,Lástima,51,4.794575924460046e-05
3504,copas,51,4.794575924460046e-05
3505,tum,51,4.794575924460046e-05
3506,##ult,51,4.794575924460046e-05
3507,tomado,51,4.794575924460046e-05
3508,volvería,51,4.794575924460046e-05
3509,topo,51,4.794575924460046e-05
3510,Hoy,51,4.794575924460046e-05
3511,laboral,50,4.700564631823575e-05
3512,##osé,50,4.700564631823575e-05
3513,Arriba,50,4.700564631823575e-05
3514,ra,50,4.700564631823575e-05
3515,##tito,50,4.700564631823575e-05
3516,suspendido,50,4.700564631823575e-05
3517,##cidad,50,4.700564631823575e-05
3518,parecían,50,4.700564631823575e-05
3519,verdaderos,50,4.700564631823575e-05
3520,martes,50,4.700564631823575e-05
3521,allí,50,4.700564631823575e-05
3522,congelado,50,4.700564631823575e-05
3523,sabían,50,4.700564631823575e-05
3524,creían,50,4.700564631823575e-05
3525,var,50,4.700564631823575e-05
3526,Teatro,50,4.700564631823575e-05
3527,Abri,50,4.700564631823575e-05
3528,##gate,50,4.700564631823575e-05
3529,cinematográfica,50,4.700564631823575e-05
3530,convierta,50,4.700564631823575e-05
3531,personaje,50,4.700564631823575e-05
3532,##mp,50,4.700564631823575e-05
3533,filósofo,50,4.700564631823575e-05
3534,confiar,50,4.700564631823575e-05
3535,Invi,50,4.700564631823575e-05
3536,##erno,50,4.700564631823575e-05
3537,señalar,50,4.700564631823575e-05
3538,mueve,50,4.700564631823575e-05
3539,dispara,50,4.700564631823575e-05
3540,pere,50,4.700564631823575e-05
3541,##cen,50,4.700564631823575e-05
3542,comienza,50,4.700564631823575e-05
3543,alas,50,4.700564631823575e-05
3544,regal,50,4.700564631823575e-05
3545,revis,50,4.700564631823575e-05
3546,listos,50,4.700564631823575e-05
3547,esqui,50,4.700564631823575e-05
3548,autores,50,4.700564631823575e-05
3549,señalan,50,4.700564631823575e-05
3550,bolsi,50,4.700564631823575e-05
3551,##lló,50,4.700564631823575e-05
3552,hayamos,50,4.700564631823575e-05
3553,posee,50,4.700564631823575e-05
3554,##dor,50,4.700564631823575e-05
3555,registros,50,4.700564631823575e-05
3556,1,50,4.700564631823575e-05
3557,##7,50,4.700564631823575e-05
3558,##16,50,4.700564631823575e-05
3559,##he,50,4.700564631823575e-05
3560,hilos,50,4.700564631823575e-05
3561,##rían,50,4.700564631823575e-05
3562,ridícula,50,4.700564631823575e-05
3563,pol,50,4.700564631823575e-05
3564,##lera,50,4.700564631823575e-05
3565,##deza,50,4.700564631823575e-05
3566,convierte,50,4.700564631823575e-05
3567,símbolos,50,4.700564631823575e-05
3568,aquello,50,4.700564631823575e-05
3569,gigantes,50,4.700564631823575e-05
3570,hambri,50,4.700564631823575e-05
3571,##entamente,50,4.700564631823575e-05
3572,principalmente,50,4.700564631823575e-05
3573,intro,50,4.700564631823575e-05
3574,##pec,50,4.700564631823575e-05
3575,evalu,50,4.700564631823575e-05
3576,mediante,50,4.700564631823575e-05
3577,ocurra,50,4.700564631823575e-05
3578,impac,50,4.700564631823575e-05
3579,brillante,50,4.700564631823575e-05
3580,someter,50,4.700564631823575e-05
3581,conscientes,50,4.700564631823575e-05
3582,percepción,50,4.700564631823575e-05
3583,escribo,50,4.700564631823575e-05
3584,televisión,50,4.700564631823575e-05
3585,calmar,50,4.700564631823575e-05
3586,atar,50,4.700564631823575e-05
3587,arma,50,4.700564631823575e-05
3588,cañón,50,4.700564631823575e-05
3589,desvi,50,4.700564631823575e-05
3590,monte,50,4.700564631823575e-05
3591,Sol,50,4.700564631823575e-05
3592,canciones,50,4.700564631823575e-05
3593,novelas,50,4.700564631823575e-05
3594,hiper,50,4.700564631823575e-05
3595,océano,50,4.700564631823575e-05
3596,fundamentos,50,4.700564631823575e-05
3597,formación,50,4.700564631823575e-05
3598,rayo,50,4.700564631823575e-05
3599,atraviesa,50,4.700564631823575e-05
3600,planetas,50,4.700564631823575e-05
3601,Intenta,50,4.700564631823575e-05
3602,##stico,50,4.700564631823575e-05
3603,justamente,50,4.700564631823575e-05
3604,fallar,50,4.700564631823575e-05
3605,demol,50,4.700564631823575e-05
3606,##edor,50,4.700564631823575e-05
3607,Pasa,50,4.700564631823575e-05
3608,##puso,50,4.700564631823575e-05
3609,travi,50,4.700564631823575e-05
3610,##esa,50,4.700564631823575e-05
3611,Mamá,50,4.700564631823575e-05
3612,##vé,50,4.700564631823575e-05
3613,provisiones,50,4.700564631823575e-05
3614,com,50,4.700564631823575e-05
3615,##iti,50,4.700564631823575e-05
3616,encargados,50,4.700564631823575e-05
3617,diseñado,50,4.700564631823575e-05
3618,##bl,50,4.700564631823575e-05
3619,apuesta,50,4.700564631823575e-05
3620,baile,50,4.700564631823575e-05
3621,##dela,50,4.700564631823575e-05
3622,##bros,50,4.700564631823575e-05
3623,chist,50,4.700564631823575e-05
3624,##oso,50,4.700564631823575e-05
3625,metro,50,4.700564631823575e-05
3626,reconoci,50,4.700564631823575e-05
3627,llegado,50,4.700564631823575e-05
3628,salas,50,4.700564631823575e-05
3629,apagar,50,4.700564631823575e-05
3630,corrupción,50,4.700564631823575e-05
3631,respectivas,50,4.700564631823575e-05
3632,amantes,50,4.700564631823575e-05
3633,distintas,50,4.700564631823575e-05
3634,falsas,50,4.700564631823575e-05
3635,fea,50,4.700564631823575e-05
3636,##ld,50,4.700564631823575e-05
3637,##ade,50,4.700564631823575e-05
3638,juntas,50,4.700564631823575e-05
3639,responder,50,4.700564631823575e-05
3640,Bueno,50,4.700564631823575e-05
3641,poderosa,50,4.700564631823575e-05
3642,subió,50,4.700564631823575e-05
3643,laboratorio,50,4.700564631823575e-05
3644,cubrir,50,4.700564631823575e-05
3645,aca,50,4.700564631823575e-05
3646,##para,50,4.700564631823575e-05
3647,Deja,50,4.700564631823575e-05
3648,susto,50,4.700564631823575e-05
3649,prenda,49,4.606553339187103e-05
3650,acostarse,49,4.606553339187103e-05
3651,haría,49,4.606553339187103e-05
3652,oí,49,4.606553339187103e-05
3653,hacernos,49,4.606553339187103e-05
3654,banda,49,4.606553339187103e-05
3655,viaje,49,4.606553339187103e-05
3656,viaja,49,4.606553339187103e-05
3657,perdida,49,4.606553339187103e-05
3658,##hum,49,4.606553339187103e-05
3659,Palermo,49,4.606553339187103e-05
3660,experiment,49,4.606553339187103e-05
3661,transición,49,4.606553339187103e-05
3662,certeza,49,4.606553339187103e-05
3663,pareja,49,4.606553339187103e-05
3664,duró,49,4.606553339187103e-05
3665,dev,49,4.606553339187103e-05
3666,##alu,49,4.606553339187103e-05
3667,monto,49,4.606553339187103e-05
3668,entres,49,4.606553339187103e-05
3669,##uelo,49,4.606553339187103e-05
3670,formada,49,4.606553339187103e-05
3671,li,49,4.606553339187103e-05
3672,##eb,49,4.606553339187103e-05
3673,alimento,49,4.606553339187103e-05
3674,reto,49,4.606553339187103e-05
3675,supi,49,4.606553339187103e-05
3676,principal,49,4.606553339187103e-05
3677,anulación,49,4.606553339187103e-05
3678,recuper,49,4.606553339187103e-05
3679,impide,49,4.606553339187103e-05
3680,ingen,49,4.606553339187103e-05
3681,##uidad,49,4.606553339187103e-05
3682,perdiendo,49,4.606553339187103e-05
3683,estrella,49,4.606553339187103e-05
3684,geomé,49,4.606553339187103e-05
3685,##trica,49,4.606553339187103e-05
3686,go,49,4.606553339187103e-05
3687,quedan,49,4.606553339187103e-05
3688,hacen,49,4.606553339187103e-05
3689,da,49,4.606553339187103e-05
3690,tor,49,4.606553339187103e-05
3691,vencido,49,4.606553339187103e-05
3692,metá,49,4.606553339187103e-05
3693,##fora,49,4.606553339187103e-05
3694,selección,49,4.606553339187103e-05
3695,simplemente,49,4.606553339187103e-05
3696,encuentro,49,4.606553339187103e-05
3697,temporal,49,4.606553339187103e-05
3698,caminos,49,4.606553339187103e-05
3699,nuevos,49,4.606553339187103e-05
3700,sendero,49,4.606553339187103e-05
3701,##inston,49,4.606553339187103e-05
3702,estalló,49,4.606553339187103e-05
3703,ensay,49,4.606553339187103e-05
3704,reme,49,4.606553339187103e-05
3705,Tal,49,4.606553339187103e-05
3706,antece,49,4.606553339187103e-05
3707,##sor,49,4.606553339187103e-05
3708,directo,49,4.606553339187103e-05
3709,explica,49,4.606553339187103e-05
3710,Rebecca,49,4.606553339187103e-05
3711,volverse,49,4.606553339187103e-05
3712,existen,49,4.606553339187103e-05
3713,reemplaz,49,4.606553339187103e-05
3714,acostumbrado,49,4.606553339187103e-05
3715,alf,49,4.606553339187103e-05
3716,##ile,49,4.606553339187103e-05
3717,##tero,49,4.606553339187103e-05
3718,##cate,49,4.606553339187103e-05
3719,finanzas,49,4.606553339187103e-05
3720,respuesta,49,4.606553339187103e-05
3721,sentirse,49,4.606553339187103e-05
3722,independiente,49,4.606553339187103e-05
3723,comienzo,49,4.606553339187103e-05
3724,viajar,49,4.606553339187103e-05
3725,celulares,49,4.606553339187103e-05
3726,##versa,49,4.606553339187103e-05
3727,gas,49,4.606553339187103e-05
3728,torpe,49,4.606553339187103e-05
3729,banquete,49,4.606553339187103e-05
3730,sabiduría,49,4.606553339187103e-05
3731,##cí,49,4.606553339187103e-05
3732,sigo,49,4.606553339187103e-05
3733,##jamos,49,4.606553339187103e-05
3734,seamos,49,4.606553339187103e-05
3735,físicos,49,4.606553339187103e-05
3736,algoritmo,49,4.606553339187103e-05
3737,comput,49,4.606553339187103e-05
3738,##acionales,49,4.606553339187103e-05
3739,implement,49,4.606553339187103e-05
3740,consciente,49,4.606553339187103e-05
3741,##toria,49,4.606553339187103e-05
3742,creemos,49,4.606553339187103e-05
3743,blog,49,4.606553339187103e-05
3744,videos,49,4.606553339187103e-05
3745,pod,49,4.606553339187103e-05
3746,##ts,49,4.606553339187103e-05
3747,dedicadas,49,4.606553339187103e-05
3748,muestra,49,4.606553339187103e-05
3749,intentaré,49,4.606553339187103e-05
3750,rutina,49,4.606553339187103e-05
3751,olvida,49,4.606553339187103e-05
3752,campaña,49,4.606553339187103e-05
3753,muertos,49,4.606553339187103e-05
3754,secos,49,4.606553339187103e-05
3755,Ley,49,4.606553339187103e-05
3756,copa,49,4.606553339187103e-05
3757,separar,49,4.606553339187103e-05
3758,Quería,49,4.606553339187103e-05
3759,tenerlo,49,4.606553339187103e-05
3760,comedia,49,4.606553339187103e-05
3761,hacerles,49,4.606553339187103e-05
3762,cuartos,49,4.606553339187103e-05
3763,pensamientos,49,4.606553339187103e-05
3764,rio,49,4.606553339187103e-05
3765,##pica,49,4.606553339187103e-05
3766,infec,49,4.606553339187103e-05
3767,##tarse,49,4.606553339187103e-05
3768,morada,49,4.606553339187103e-05
3769,Az,49,4.606553339187103e-05
3770,##orado,49,4.606553339187103e-05
3771,revelación,49,4.606553339187103e-05
3772,tinieblas,49,4.606553339187103e-05
3773,habitual,49,4.606553339187103e-05
3774,unir,49,4.606553339187103e-05
3775,cuarenta,49,4.606553339187103e-05
3776,esper,49,4.606553339187103e-05
3777,sinceridad,49,4.606553339187103e-05
3778,derecha,49,4.606553339187103e-05
3779,inteligente,49,4.606553339187103e-05
3780,reservas,49,4.606553339187103e-05
3781,lenta,49,4.606553339187103e-05
3782,##oro,49,4.606553339187103e-05
3783,progresivamente,49,4.606553339187103e-05
3784,##enos,49,4.606553339187103e-05
3785,sini,49,4.606553339187103e-05
3786,desc,49,4.606553339187103e-05
3787,##rió,49,4.606553339187103e-05
3788,tirar,49,4.606553339187103e-05
3789,##paron,49,4.606553339187103e-05
3790,formaban,49,4.606553339187103e-05
3791,vaso,49,4.606553339187103e-05
3792,disparó,49,4.606553339187103e-05
3793,sacaron,49,4.606553339187103e-05
3794,idio,49,4.606553339187103e-05
3795,##tez,49,4.606553339187103e-05
3796,tercera,49,4.606553339187103e-05
3797,desayun,49,4.606553339187103e-05
3798,libr,48,4.512542046550632e-05
3799,habíamos,48,4.512542046550632e-05
3800,viendo,48,4.512542046550632e-05
3801,asiento,48,4.512542046550632e-05
3802,##eja,48,4.512542046550632e-05
3803,cuer,48,4.512542046550632e-05
3804,##vos,48,4.512542046550632e-05
3805,escuchado,48,4.512542046550632e-05
3806,cultural,48,4.512542046550632e-05
3807,conform,48,4.512542046550632e-05
3808,amaba,48,4.512542046550632e-05
3809,inta,48,4.512542046550632e-05
3810,##cta,48,4.512542046550632e-05
3811,imponen,48,4.512542046550632e-05
3812,intenciones,48,4.512542046550632e-05
3813,escuchando,48,4.512542046550632e-05
3814,aplas,48,4.512542046550632e-05
3815,trágico,48,4.512542046550632e-05
3816,impi,48,4.512542046550632e-05
3817,recuerde,48,4.512542046550632e-05
3818,gua,48,4.512542046550632e-05
3819,hume,48,4.512542046550632e-05
3820,caen,48,4.512542046550632e-05
3821,valiosos,48,4.512542046550632e-05
3822,contienda,48,4.512542046550632e-05
3823,hayan,48,4.512542046550632e-05
3824,intentan,48,4.512542046550632e-05
3825,pueden,48,4.512542046550632e-05
3826,derrotados,48,4.512542046550632e-05
3827,pasear,48,4.512542046550632e-05
3828,tengan,48,4.512542046550632e-05
3829,cocin,48,4.512542046550632e-05
3830,##jita,48,4.512542046550632e-05
3831,estuve,48,4.512542046550632e-05
3832,puñado,48,4.512542046550632e-05
3833,impone,48,4.512542046550632e-05
3834,deten,48,4.512542046550632e-05
3835,desfi,48,4.512542046550632e-05
3836,##gur,48,4.512542046550632e-05
3837,cinta,48,4.512542046550632e-05
3838,interrump,48,4.512542046550632e-05
3839,##ió,48,4.512542046550632e-05
3840,Te,48,4.512542046550632e-05
3841,ayudar,48,4.512542046550632e-05
3842,##uen,48,4.512542046550632e-05
3843,descubrimiento,48,4.512542046550632e-05
3844,olvide,48,4.512542046550632e-05
3845,historiadores,48,4.512542046550632e-05
3846,visibles,48,4.512542046550632e-05
3847,estafa,48,4.512542046550632e-05
3848,parecidos,48,4.512542046550632e-05
3849,estrecho,48,4.512542046550632e-05
3850,siglos,48,4.512542046550632e-05
3851,bienes,48,4.512542046550632e-05
3852,preciosos,48,4.512542046550632e-05
3853,aquellos,48,4.512542046550632e-05
3854,conveniente,48,4.512542046550632e-05
3855,##dal,48,4.512542046550632e-05
3856,##jeras,48,4.512542046550632e-05
3857,prestado,48,4.512542046550632e-05
3858,asegurar,48,4.512542046550632e-05
3859,privilegio,48,4.512542046550632e-05
3860,cuestion,48,4.512542046550632e-05
3861,comenzar,48,4.512542046550632e-05
3862,##bel,48,4.512542046550632e-05
3863,pequeñas,48,4.512542046550632e-05
3864,dado,48,4.512542046550632e-05
3865,debía,48,4.512542046550632e-05
3866,opresión,48,4.512542046550632e-05
3867,instrucciones,48,4.512542046550632e-05
3868,procura,48,4.512542046550632e-05
3869,Yor,48,4.512542046550632e-05
3870,llevado,48,4.512542046550632e-05
3871,meramente,48,4.512542046550632e-05
3872,romántico,48,4.512542046550632e-05
3873,solas,48,4.512542046550632e-05
3874,escribe,48,4.512542046550632e-05
3875,parecen,48,4.512542046550632e-05
3876,diseñados,48,4.512542046550632e-05
3877,respecto,48,4.512542046550632e-05
3878,industria,48,4.512542046550632e-05
3879,aquí,48,4.512542046550632e-05
3880,dedic,48,4.512542046550632e-05
3881,deber,48,4.512542046550632e-05
3882,aparezca,48,4.512542046550632e-05
3883,miro,48,4.512542046550632e-05
3884,compr,48,4.512542046550632e-05
3885,##bo,48,4.512542046550632e-05
3886,Lleva,48,4.512542046550632e-05
3887,construir,48,4.512542046550632e-05
3888,promocionar,48,4.512542046550632e-05
3889,##dente,48,4.512542046550632e-05
3890,argument,48,4.512542046550632e-05
3891,moral,48,4.512542046550632e-05
3892,relevante,48,4.512542046550632e-05
3893,observar,48,4.512542046550632e-05
3894,comprender,48,4.512542046550632e-05
3895,transformar,48,4.512542046550632e-05
3896,nubes,48,4.512542046550632e-05
3897,Inc,48,4.512542046550632e-05
3898,##apa,48,4.512542046550632e-05
3899,gatillo,48,4.512542046550632e-05
3900,cursi,48,4.512542046550632e-05
3901,ponernos,48,4.512542046550632e-05
3902,compuesta,48,4.512542046550632e-05
3903,River,48,4.512542046550632e-05
3904,amar,48,4.512542046550632e-05
3905,bu,48,4.512542046550632e-05
3906,##fon,48,4.512542046550632e-05
3907,##real,48,4.512542046550632e-05
3908,Agár,48,4.512542046550632e-05
3909,##renlo,48,4.512542046550632e-05
3910,recorrer,48,4.512542046550632e-05
3911,furioso,48,4.512542046550632e-05
3912,##ámara,48,4.512542046550632e-05
3913,dominar,48,4.512542046550632e-05
3914,obvio,48,4.512542046550632e-05
3915,ladrón,48,4.512542046550632e-05
3916,murieron,48,4.512542046550632e-05
3917,Solamente,48,4.512542046550632e-05
3918,equilibrado,48,4.512542046550632e-05
3919,abrigo,48,4.512542046550632e-05
3920,salieron,48,4.512542046550632e-05
3921,sent,48,4.512542046550632e-05
3922,##adi,48,4.512542046550632e-05
3923,agit,48,4.512542046550632e-05
3924,botellas,48,4.512542046550632e-05
3925,Feliz,48,4.512542046550632e-05
3926,falsa,48,4.512542046550632e-05
3927,Vuelve,48,4.512542046550632e-05
3928,Otro,48,4.512542046550632e-05
3929,página,47,4.4185307539141605e-05
3930,marcado,47,4.4185307539141605e-05
3931,ida,47,4.4185307539141605e-05
3932,sonriendo,47,4.4185307539141605e-05
3933,ofici,47,4.4185307539141605e-05
3934,##nist,47,4.4185307539141605e-05
3935,Mús,47,4.4185307539141605e-05
3936,##icos,47,4.4185307539141605e-05
3937,malo,47,4.4185307539141605e-05
3938,únicamente,47,4.4185307539141605e-05
3939,gustado,47,4.4185307539141605e-05
3940,ros,47,4.4185307539141605e-05
3941,encerrar,47,4.4185307539141605e-05
3942,amo,47,4.4185307539141605e-05
3943,protegen,47,4.4185307539141605e-05
3944,##ñ,47,4.4185307539141605e-05
3945,##irme,47,4.4185307539141605e-05
3946,peda,47,4.4185307539141605e-05
3947,sobra,47,4.4185307539141605e-05
3948,elo,47,4.4185307539141605e-05
3949,##cu,47,4.4185307539141605e-05
3950,##encia,47,4.4185307539141605e-05
3951,vigor,47,4.4185307539141605e-05
3952,compañeros,47,4.4185307539141605e-05
3953,decenas,47,4.4185307539141605e-05
3954,cientos,47,4.4185307539141605e-05
3955,haberse,47,4.4185307539141605e-05
3956,lucha,47,4.4185307539141605e-05
3957,quita,47,4.4185307539141605e-05
3958,ganas,47,4.4185307539141605e-05
3959,esperamos,47,4.4185307539141605e-05
3960,horno,47,4.4185307539141605e-05
3961,depende,47,4.4185307539141605e-05
3962,tantas,47,4.4185307539141605e-05
3963,tendríamos,47,4.4185307539141605e-05
3964,primavera,47,4.4185307539141605e-05
3965,leve,47,4.4185307539141605e-05
3966,gara,47,4.4185307539141605e-05
3967,##bato,47,4.4185307539141605e-05
3968,ano,47,4.4185307539141605e-05
3969,##tadores,47,4.4185307539141605e-05
3970,comparar,47,4.4185307539141605e-05
3971,set,47,4.4185307539141605e-05
3972,##eci,47,4.4185307539141605e-05
3973,##entas,47,4.4185307539141605e-05
3974,descubierto,47,4.4185307539141605e-05
3975,biológico,47,4.4185307539141605e-05
3976,estará,47,4.4185307539141605e-05
3977,##za,47,4.4185307539141605e-05
3978,proyec,47,4.4185307539141605e-05
3979,guitarra,47,4.4185307539141605e-05
3980,##bri,47,4.4185307539141605e-05
3981,##garme,47,4.4185307539141605e-05
3982,inquiet,47,4.4185307539141605e-05
3983,etiqueta,47,4.4185307539141605e-05
3984,incluía,47,4.4185307539141605e-05
3985,totalmente,47,4.4185307539141605e-05
3986,hilo,47,4.4185307539141605e-05
3987,campe,47,4.4185307539141605e-05
3988,pleg,47,4.4185307539141605e-05
3989,algunas,47,4.4185307539141605e-05
3990,dependencia,47,4.4185307539141605e-05
3991,curioso,47,4.4185307539141605e-05
3992,dispositivos,47,4.4185307539141605e-05
3993,fa,47,4.4185307539141605e-05
3994,gros,47,4.4185307539141605e-05
3995,frustración,47,4.4185307539141605e-05
3996,simul,47,4.4185307539141605e-05
3997,vertical,47,4.4185307539141605e-05
3998,cual,47,4.4185307539141605e-05
3999,solución,47,4.4185307539141605e-05
4000,conquista,47,4.4185307539141605e-05
4001,contemporánea,47,4.4185307539141605e-05
4002,humanidad,47,4.4185307539141605e-05
4003,lápiz,47,4.4185307539141605e-05
4004,181,47,4.4185307539141605e-05
4005,##9,47,4.4185307539141605e-05
4006,The,47,4.4185307539141605e-05
4007,##resa,47,4.4185307539141605e-05
4008,Ti,47,4.4185307539141605e-05
4009,##dy,47,4.4185307539141605e-05
4010,dieciocho,47,4.4185307539141605e-05
4011,máximas,47,4.4185307539141605e-05
4012,pul,47,4.4185307539141605e-05
4013,##tud,47,4.4185307539141605e-05
4014,serán,47,4.4185307539141605e-05
4015,##presa,47,4.4185307539141605e-05
4016,comodidad,47,4.4185307539141605e-05
4017,eliminar,47,4.4185307539141605e-05
4018,prestar,47,4.4185307539141605e-05
4019,surgió,47,4.4185307539141605e-05
4020,oficio,47,4.4185307539141605e-05
4021,administrar,47,4.4185307539141605e-05
4022,falsos,47,4.4185307539141605e-05
4023,molde,47,4.4185307539141605e-05
4024,vestidos,47,4.4185307539141605e-05
4025,incluir,47,4.4185307539141605e-05
4026,Charlotte,47,4.4185307539141605e-05
4027,##ohnson,47,4.4185307539141605e-05
4028,1954,47,4.4185307539141605e-05
4029,tendrían,47,4.4185307539141605e-05
4030,rebel,47,4.4185307539141605e-05
4031,Chelsea,47,4.4185307539141605e-05
4032,afortunada,47,4.4185307539141605e-05
4033,teléfonos,47,4.4185307539141605e-05
4034,remota,47,4.4185307539141605e-05
4035,humilde,47,4.4185307539141605e-05
4036,dicen,47,4.4185307539141605e-05
4037,Dinamarca,47,4.4185307539141605e-05
4038,importar,47,4.4185307539141605e-05
4039,siento,47,4.4185307539141605e-05
4040,contribuy,47,4.4185307539141605e-05
4041,validez,47,4.4185307539141605e-05
4042,tengamos,47,4.4185307539141605e-05
4043,indicar,47,4.4185307539141605e-05
4044,sepamos,47,4.4185307539141605e-05
4045,seguros,47,4.4185307539141605e-05
4046,correctas,47,4.4185307539141605e-05
4047,confun,47,4.4185307539141605e-05
4048,##dimos,47,4.4185307539141605e-05
4049,labor,47,4.4185307539141605e-05
4050,##iler,47,4.4185307539141605e-05
4051,avance,47,4.4185307539141605e-05
4052,vistazo,47,4.4185307539141605e-05
4053,perspectiva,47,4.4185307539141605e-05
4054,Parecía,47,4.4185307539141605e-05
4055,raras,47,4.4185307539141605e-05
4056,redon,47,4.4185307539141605e-05
4057,fenómeno,47,4.4185307539141605e-05
4058,particular,47,4.4185307539141605e-05
4059,Tuvieron,47,4.4185307539141605e-05
4060,infectados,47,4.4185307539141605e-05
4061,sá,47,4.4185307539141605e-05
4062,##quen,47,4.4185307539141605e-05
4063,llé,47,4.4185307539141605e-05
4064,##ire,47,4.4185307539141605e-05
4065,siente,47,4.4185307539141605e-05
4066,exclu,47,4.4185307539141605e-05
4067,doble,47,4.4185307539141605e-05
4068,sexo,47,4.4185307539141605e-05
4069,cortar,47,4.4185307539141605e-05
4070,sacamos,47,4.4185307539141605e-05
4071,parada,47,4.4185307539141605e-05
4072,contratado,47,4.4185307539141605e-05
4073,##fus,47,4.4185307539141605e-05
4074,Sac,46,4.3245194612776886e-05
4075,posición,46,4.3245194612776886e-05
4076,Beatles,46,4.3245194612776886e-05
4077,empieza,46,4.3245194612776886e-05
4078,derre,46,4.3245194612776886e-05
4079,##tir,46,4.3245194612776886e-05
4080,Cuánto,46,4.3245194612776886e-05
4081,tarta,46,4.3245194612776886e-05
4082,tonterías,46,4.3245194612776886e-05
4083,Per,46,4.3245194612776886e-05
4084,cubre,46,4.3245194612776886e-05
4085,aún,46,4.3245194612776886e-05
4086,evidente,46,4.3245194612776886e-05
4087,momentos,46,4.3245194612776886e-05
4088,cualidades,46,4.3245194612776886e-05
4089,Aprovech,46,4.3245194612776886e-05
4090,der,46,4.3245194612776886e-05
4091,##rita,46,4.3245194612776886e-05
4092,estarán,46,4.3245194612776886e-05
4093,disco,46,4.3245194612776886e-05
4094,naci,46,4.3245194612776886e-05
4095,código,46,4.3245194612776886e-05
4096,gracias,46,4.3245194612776886e-05
4097,juego,46,4.3245194612776886e-05
4098,posesiones,46,4.3245194612776886e-05
4099,manifestar,46,4.3245194612776886e-05
4100,##tima,46,4.3245194612776886e-05
4101,finales,46,4.3245194612776886e-05
4102,ena,46,4.3245194612776886e-05
4103,##guas,46,4.3245194612776886e-05
4104,imágenes,46,4.3245194612776886e-05
4105,artículos,46,4.3245194612776886e-05
4106,invención,46,4.3245194612776886e-05
4107,vestir,46,4.3245194612776886e-05
4108,dimin,46,4.3245194612776886e-05
4109,##utas,46,4.3245194612776886e-05
4110,foro,46,4.3245194612776886e-05
4111,Christian,46,4.3245194612776886e-05
4112,Dio,46,4.3245194612776886e-05
4113,resumi,46,4.3245194612776886e-05
4114,decoración,46,4.3245194612776886e-05
4115,navegar,46,4.3245194612776886e-05
4116,escritos,46,4.3245194612776886e-05
4117,##gró,46,4.3245194612776886e-05
4118,armas,46,4.3245194612776886e-05
4119,superficial,46,4.3245194612776886e-05
4120,verán,46,4.3245194612776886e-05
4121,parano,46,4.3245194612776886e-05
4122,debería,46,4.3245194612776886e-05
4123,tenerse,46,4.3245194612776886e-05
4124,seas,46,4.3245194612776886e-05
4125,frase,46,4.3245194612776886e-05
4126,asocia,46,4.3245194612776886e-05
4127,creo,46,4.3245194612776886e-05
4128,analizar,46,4.3245194612776886e-05
4129,enemigo,46,4.3245194612776886e-05
4130,Amor,46,4.3245194612776886e-05
4131,malditos,46,4.3245194612776886e-05
4132,carnaval,46,4.3245194612776886e-05
4133,buen,46,4.3245194612776886e-05
4134,conmigo,46,4.3245194612776886e-05
4135,velas,46,4.3245194612776886e-05
4136,cabecera,46,4.3245194612776886e-05
4137,Salió,46,4.3245194612776886e-05
4138,cambiar,45,4.2305081686412174e-05
4139,triste,45,4.2305081686412174e-05
4140,Ellos,45,4.2305081686412174e-05
4141,línea,45,4.2305081686412174e-05
4142,tantos,45,4.2305081686412174e-05
4143,desvan,45,4.2305081686412174e-05
4144,##ecido,45,4.2305081686412174e-05
4145,Estan,45,4.2305081686412174e-05
4146,ejemp,45,4.2305081686412174e-05
4147,##ficar,45,4.2305081686412174e-05
4148,##po,45,4.2305081686412174e-05
4149,Seguramente,45,4.2305081686412174e-05
4150,acordaron,45,4.2305081686412174e-05
4151,escrita,45,4.2305081686412174e-05
4152,Cier,45,4.2305081686412174e-05
4153,invita,45,4.2305081686412174e-05
4154,contar,45,4.2305081686412174e-05
4155,calentar,45,4.2305081686412174e-05
4156,actitud,45,4.2305081686412174e-05
4157,Mucho,45,4.2305081686412174e-05
4158,chaleco,45,4.2305081686412174e-05
4159,entrado,45,4.2305081686412174e-05
4160,contaba,45,4.2305081686412174e-05
4161,usaban,45,4.2305081686412174e-05
4162,rara,45,4.2305081686412174e-05
4163,inútiles,45,4.2305081686412174e-05
4164,demasiado,45,4.2305081686412174e-05
4165,públicos,45,4.2305081686412174e-05
4166,trasladar,45,4.2305081686412174e-05
4167,lleve,45,4.2305081686412174e-05
4168,útiles,45,4.2305081686412174e-05
4169,obligadas,45,4.2305081686412174e-05
4170,objetos,45,4.2305081686412174e-05
4171,aho,45,4.2305081686412174e-05
4172,nombrar,45,4.2305081686412174e-05
4173,puestos,45,4.2305081686412174e-05
4174,cambiando,45,4.2305081686412174e-05
4175,Est,45,4.2305081686412174e-05
4176,##ir,45,4.2305081686412174e-05
4177,fabricar,45,4.2305081686412174e-05
4178,queja,45,4.2305081686412174e-05
4179,diera,45,4.2305081686412174e-05
4180,##ces,44,4.1364968760047455e-05
4181,cali,44,4.1364968760047455e-05
4182,##dez,44,4.1364968760047455e-05
4183,aventuras,44,4.1364968760047455e-05
4184,escaso,44,4.1364968760047455e-05
4185,aje,44,4.1364968760047455e-05
4186,Gil,44,4.1364968760047455e-05
4187,##man,44,4.1364968760047455e-05
4188,resca,44,4.1364968760047455e-05
4189,diarias,44,4.1364968760047455e-05
4190,sábanas,44,4.1364968760047455e-05
4191,viene,44,4.1364968760047455e-05
4192,cuadra,44,4.1364968760047455e-05
4193,Vol,44,4.1364968760047455e-05
4194,##caron,44,4.1364968760047455e-05
4195,##tería,44,4.1364968760047455e-05
4196,normales,44,4.1364968760047455e-05
4197,Tenían,44,4.1364968760047455e-05
4198,##dra,44,4.1364968760047455e-05
4199,Entre,44,4.1364968760047455e-05
4200,bocad,44,4.1364968760047455e-05
4201,mochila,44,4.1364968760047455e-05
4202,modernos,43,4.042485583368274e-05
4203,desprecio,43,4.042485583368274e-05
4204,Paul,43,4.042485583368274e-05
4205,Ama,43,4.042485583368274e-05
4206,ronda,43,4.042485583368274e-05
4207,blancos,43,4.042485583368274e-05
4208,tr,43,4.042485583368274e-05
4209,Esos,43,4.042485583368274e-05
4210,tej,42,3.948474290731803e-05
4211,usamos,42,3.948474290731803e-05
4212,Summer,42,3.948474290731803e-05
4213,aspir,42,3.948474290731803e-05
4214,explic,42,3.948474290731803e-05
4215,origin,42,3.948474290731803e-05
4216,muerta,42,3.948474290731803e-05
4217,esconderse,42,3.948474290731803e-05
4218,casar,42,3.948474290731803e-05
4219,ganadores,41,3.854462998095331e-05
4220,humo,41,3.854462998095331e-05
4221,Tanto,41,3.854462998095331e-05
4222,Aún,41,3.854462998095331e-05
4223,##piro,41,3.854462998095331e-05
4224,##bro,41,3.854462998095331e-05
4225,registrado,41,3.854462998095331e-05
4226,fui,40,3.76045170545886e-05
4227,Basta,40,3.76045170545886e-05
4228,ausencia,40,3.76045170545886e-05
4229,soy,40,3.76045170545886e-05
4230,Algo,40,3.76045170545886e-05
4231,Nada,40,3.76045170545886e-05
4232,salida,40,3.76045170545886e-05
4233,boda,40,3.76045170545886e-05
4234,fuimos,39,3.666440412822388e-05
4235,infierno,39,3.666440412822388e-05
4236,Cerca,39,3.666440412822388e-05
4237,Años,39,3.666440412822388e-05
4238,terror,39,3.666440412822388e-05
4239,Ab,39,3.666440412822388e-05
4240,"""",38,3.572429120185917e-05
4241,vis,38,3.572429120185917e-05
4242,##cosa,38,3.572429120185917e-05
4243,Noche,38,3.572429120185917e-05
4244,gimnasio,38,3.572429120185917e-05
4245,hambre,38,3.572429120185917e-05
4246,tierno,38,3.572429120185917e-05
4247,Tiene,38,3.572429120185917e-05
4248,frío,38,3.572429120185917e-05
4249,canal,38,3.572429120185917e-05
4250,canto,37,3.4784178275494455e-05
4251,indispensables,37,3.4784178275494455e-05
4252,Creo,37,3.4784178275494455e-05
4253,mía,37,3.4784178275494455e-05
4254,calles,37,3.4784178275494455e-05
4255,lujo,37,3.4784178275494455e-05
4256,Camin,37,3.4784178275494455e-05
4257,Hace,37,3.4784178275494455e-05
4258,sentí,36,3.3844065349129736e-05
4259,igualdad,36,3.3844065349129736e-05
4260,política,36,3.3844065349129736e-05
4261,alarma,36,3.3844065349129736e-05
4262,Queda,36,3.3844065349129736e-05
4263,humano,35,3.2903952422765024e-05
4264,Antes,35,3.2903952422765024e-05
4265,Ante,35,3.2903952422765024e-05
4266,humana,35,3.2903952422765024e-05
4267,Decía,35,3.2903952422765024e-05
4268,frías,35,3.2903952422765024e-05
4269,Pes,35,3.2903952422765024e-05
4270,Llev,35,3.2903952422765024e-05
4271,empate,34,3.1963839496400305e-05
4272,Po,34,3.1963839496400305e-05
4273,fabricado,34,3.1963839496400305e-05
4274,##usto,33,3.102372657003559e-05
4275,Cruz,33,3.102372657003559e-05
4276,Dónde,32,3.0083613643670877e-05
4277,unió,32,3.0083613643670877e-05
4278,habló,32,3.0083613643670877e-05
4279,Son,32,3.0083613643670877e-05
4280,Han,31,2.914350071730616e-05
4281,##liz,31,2.914350071730616e-05
4282,alba,30,2.820338779094145e-05
4283,actores,30,2.820338779094145e-05
4284,Buenos,29,2.7263274864576734e-05
4285,engañar,29,2.7263274864576734e-05
4286,peor,29,2.7263274864576734e-05
4287,Mir,29,2.7263274864576734e-05
4288,sano,28,2.6323161938212018e-05
4289,límites,28,2.6323161938212018e-05
4290,Tan,27,2.5383049011847302e-05
4291,Dar,27,2.5383049011847302e-05
4292,cena,27,2.5383049011847302e-05
4293,gloria,26,2.4442936085482587e-05
4294,honor,26,2.4442936085482587e-05
4295,perdedores,26,2.4442936085482587e-05
4296,género,26,2.4442936085482587e-05
4297,mov,25,2.3502823159117874e-05
4298,Oí,23,2.1622597306388443e-05
4299,Va,22,2.0682484380023727e-05
4300,Que,21,1.9742371453659015e-05
4301,Da,19,1.7862145600929584e-05
4302,Vio,18,1.6922032674564868e-05
4303,puesta,17,1.5981919748200152e-05
4304,P,16,1.5041806821835439e-05
4305,G,13,1.2221468042741293e-05
4306,Les,12,1.128135511637658e-05
4307,Aires,5,4.700564631823575e-06
