{
  "num_examples_processed": 65671,
  "num_examples_with_measure_match": 65607,
  "num_examples_without_measure_match": 64,
  "num_missing_measure_groups": 0,
  "metrics_detected": [
    "FFD",
    "SFD",
    "FPRT",
    "RPD",
    "TFD",
    "RRT",
    "SPRT",
    "FC",
    "RC",
    "LS",
    "RR"
  ],
  "num_metrics": 11,
  "fill_missing": "nan",
  "missing_rate_by_metric": {
    "FFD": 0.002284630731781457,
    "SFD": 0.002284630731781457,
    "FPRT": 0.002284630731781457,
    "RPD": 0.002284630731781457,
    "TFD": 0.002284630731781457,
    "RRT": 0.002284630731781457,
    "SPRT": 0.002284630731781457,
    "FC": 0.002284630731781457,
    "RC": 0.002284630731781457,
    "LS": 0.14017910346940599,
    "RR": 0.14017910346940599
  },
  "mean_by_metric": {
    "FFD": 109.27204748018436,
    "SFD": 71.34761776952428,
    "FPRT": 123.65119135703958,
    "RPD": 445.33342038194996,
    "TFD": 195.9382873668277,
    "RRT": 321.6822290249104,
    "SPRT": 72.28709600978813,
    "FC": 0.8916184272249384,
    "RC": 0.3433584323511348,
    "LS": 0.4550131845867065,
    "RR": 0.2017190168570967
  },
  "std_by_metric": {
    "FFD": 131.58576875989294,
    "SFD": 118.76156005177869,
    "FPRT": 158.53608378726742,
    "RPD": 1593.9183967281263,
    "TFD": 249.67797707769364,
    "RRT": 1557.0946826878273,
    "SPRT": 181.25794390862933,
    "FC": 1.0672116168553134,
    "RC": 0.8001577942195671,
    "LS": 0.2721408235115894,
    "RR": 0.126657229363067
  },
  "num_token_comparisons": 752243,
  "num_token_mismatches": 64,
  "mismatch_rate": 8.50788907307878e-05
}
